area_name,variant,mentions,poems
Alatornio,Jeesus,1,1
Alavus,Jeesus,2,2
Ambla,Christ/Kristus,2,1
Ambla,Jeesus,9,2
Ambla,Other,2,2
Asikkala,Jeesus,5,3
Brandval,Christ/Kristus,1,1
Brandval,Jeesus,1,1
Brandval,Other,2,1
Eno,Jeesus,3,3
Eno,Other,1,1
Enontekiö,Jeesus,1,1
Eräjärvi,Other,1,1
Evijärvi,Christ/Kristus,1,1
Fryksände,Jeesus,2,1
Grue Finnskog,Jeesus,4,3
Haapajärvi,Jeesus,1,1
Hailuoto,Jeesus,3,2
Haljala,Jeesus,5,5
Haljala,Other,2,2
Halliste,Jeesus,2,2
Hanila,Jeesus,1,1
Hargla,Jeesus,1,1
Harjavalta,Christ/Kristus,1,1
Harju-Jaani,Jeesus,1,1
Hartola,Christ/Kristus,1,1
Hartola,Jeesus,2,2
Hartola,Other,3,3
Hattula,Christ/Kristus,1,1
Hattula,Jeesus,3,3
Hauho,Jeesus,5,3
Hauho,Other,2,1
Haukipudas,Christ/Kristus,1,1
Haukipudas,Other,1,1
Helme,Jeesus,3,2
Hietamäki,Jeesus,2,2
Hiitola,Jeesus,1,1
Hirvensalmi,Jeesus,4,2
Huittinen,Jeesus,1,1
Hämeenkyrö,Jeesus,1,1
Häädemeeste,Jeesus,1,1
Iisalmi,Jeesus,3,3
Iisalmi,Other,2,1
Iitti,Jeesus,3,3
Ilomantsi,Christ/Kristus,13,5
Ilomantsi,Jeesus,33,25
Ilomantsi,Other,12,9
Impilahti,Christ/Kristus,3,2
Impilahti,Jeesus,20,15
Impilahti,Other,7,4
Isojoki,Jeesus,3,2
Isojoki,Other,3,2
Isokyrö,Jeesus,2,2
Isokyrö,Other,3,2
Jaakkima,Jeesus,2,2
Jaakkima,Other,1,1
Jaala,Christ/Kristus,1,1
Jaala,Jeesus,1,1
Jalasjärvi,Christ/Kristus,3,2
Jalasjärvi,Jeesus,6,4
Jokioinen,Jeesus,5,4
Jokioinen,Other,1,1
Joroinen,Jeesus,5,3
Joroinen,Other,1,1
Joutsa,Jeesus,1,1
Joutsa,Other,1,1
Joutseno,Jeesus,2,2
Junosuvanto,Jeesus,1,1
Jurva,Jeesus,5,5
Juuka,Jeesus,5,5
Juuka,Other,1,1
Juupajoki,Christ/Kristus,1,1
Juupajoki,Jeesus,1,1
Juuru,Jeesus,2,1
Juva,Christ/Kristus,4,3
Juva,Jeesus,17,13
Juva,Other,9,7
Jällivaara,Christ/Kristus,1,1
Jällivaara,Jeesus,7,6
Jämsä,Jeesus,2,2
Jämsä,Other,1,1
Jäppilä,Jeesus,1,1
Järva-Jaani,Jeesus,2,1
Jõelähtme,Jeesus,3,2
Jõhvi,Jeesus,9,6
Jüri,Jeesus,1,1
Kaarma,Jeesus,3,1
Kaavi,Jeesus,3,3
Kadrina,Jeesus,15,6
Kadrina,Other,3,2
Kalajoki,Jeesus,2,1
Kalvola,Jeesus,3,2
Kalvola,Other,1,1
Kanepi,Christ/Kristus,1,1
Kanepi,Jeesus,1,1
Kangasniemi,Jeesus,6,4
Kankaanpää,Christ/Kristus,1,1
Kankaanpää,Jeesus,1,1
Kankaanpää,Other,1,1
Kanneljärvi,Jeesus,3,2
Kannus,Jeesus,1,1
Kaprio,Christ/Kristus,2,2
Kaprio,Jeesus,11,9
Kaprio,Other,2,2
Karkku,Jeesus,6,4
Karksi,Jeesus,3,2
Karttula,Jeesus,3,3
Karula,Other,1,1
Karunki,Jeesus,1,1
Kattila,Christ/Kristus,1,1
Kattila,Jeesus,7,4
Kauhava,Christ/Kristus,1,1
Kauhava,Jeesus,5,5
Kauhava,Other,1,1
Kaustinen,Jeesus,1,1
Keitele,Jeesus,1,1
Keltto,Jeesus,1,1
Kemi,Christ/Kristus,2,1
Kemi,Jeesus,4,3
Kerimäki,Jeesus,3,3
Kerimäki,Other,1,1
Kestilä,Jeesus,4,1
Kesälahti,Jeesus,12,6
Kesälahti,Other,1,1
Kiestinki,Jeesus,2,2
Kiihtelysvaara,Jeesus,5,5
Kiihtelysvaara,Other,4,1
Kiikala,Christ/Kristus,1,1
Kiimaisjärvi,Jeesus,1,1
Kitee,Christ/Kristus,2,1
Kitee,Jeesus,37,25
Kitee,Other,7,5
Kittilä,Jeesus,3,2
Kiukainen,Jeesus,2,1
Kiuruvesi,Christ/Kristus,1,1
Kiuruvesi,Jeesus,6,2
Kiuruvesi,Other,3,3
Kivennapa,Christ/Kristus,2,2
Kivijärvi,Jeesus,3,3
Kivijärvi,Other,4,4
Kodavere,Christ/Kristus,3,2
Kodavere,Jeesus,5,4
Koeru,Jeesus,8,5
Koivisto,Jeesus,6,3
Kolari,Jeesus,3,3
Kolga-Jaani,Jeesus,4,2
Kontiolahti,Jeesus,3,2
Kontiolahti,Other,1,1
Kontokki,Jeesus,3,3
Koprina,Jeesus,10,7
Koprina,Other,2,2
Korpilahti,Jeesus,9,8
Korpilahti,Other,4,4
Korpilompolo,Jeesus,2,2
Korpiselkä,Christ/Kristus,8,3
Korpiselkä,Jeesus,31,19
Korpiselkä,Other,1,1
Kortesjärvi,Christ/Kristus,1,1
Koski Hl.,Other,4,2
Koski Tl.,Christ/Kristus,2,2
Koski Tl.,Jeesus,1,1
Kuhmo,Jeesus,1,1
Kuhmoinen,Christ/Kristus,2,2
Kuhmoinen,Jeesus,3,3
Kuhmoinen,Other,3,2
Kuolemajärvi,Jeesus,1,1
Kuopio,Jeesus,4,4
Kuorevesi,Christ/Kristus,1,1
Kuorevesi,Other,2,2
Kupanitsa,Jeesus,5,2
Kupanitsa,Other,1,1
Kurikka,Jeesus,1,1
Kuru,Christ/Kristus,1,1
Kuru,Jeesus,1,1
Kuusalu,Christ/Kristus,6,6
Kuusalu,Jeesus,11,8
Kuusalu,Other,3,3
Kuusamo,Jeesus,4,4
Kuusjärvi,Jeesus,1,1
Kylmäkoski,Jeesus,1,1
Kärkölä,Jeesus,1,1
Kõpu,Christ/Kristus,1,1
Kõpu,Jeesus,1,1
Laihia,Jeesus,2,2
Laiuse,Christ/Kristus,4,3
Laiuse,Jeesus,2,2
Lammi,Jeesus,2,1
Lappajärvi,Jeesus,1,1
Lappee,Jeesus,1,1
Lavansaari,Jeesus,1,1
Lehtimäki,Christ/Kristus,1,1
Lempaala,Jeesus,76,44
Lempaala,Other,9,4
Leppävirta,Jeesus,3,2
Leppävirta,Other,1,1
Lieto,Christ/Kristus,1,1
Liissilä,Christ/Kristus,5,3
Liissilä,Jeesus,36,17
Liperi,Jeesus,8,6
Liperi,Other,1,1
Loppi,Jeesus,5,5
Loppi,Other,1,1
Luhanka,Jeesus,2,1
Luopioinen,Jeesus,3,1
Luumäki,Jeesus,3,2
Luumäki,Other,1,1
Lüganuse,Jeesus,6,3
Maaninka,Jeesus,3,3
Maaria,Jeesus,1,1
Maarja-Magdaleena,Christ/Kristus,2,1
Maarja-Magdaleena,Jeesus,3,1
Markkova,Other,3,1
Marttila,Jeesus,9,6
Marttila,Other,3,3
Metsäpirtti,Jeesus,12,6
Mietoinen,Christ/Kristus,1,1
Mietoinen,Jeesus,1,1
Moloskovitsa,Jeesus,12,6
Muhos,Jeesus,1,1
Muhu,Jeesus,1,1
Multia,Jeesus,1,1
Multia,Other,2,1
Muonio,Jeesus,1,1
Muurla,Jeesus,1,1
Muuruvesi,Jeesus,1,1
Mäntyharju,Jeesus,5,3
Narvusi,Christ/Kristus,9,5
Narvusi,Jeesus,67,37
Narvusi,Other,22,9
Nastola,Jeesus,1,1
Nastola,Other,2,1
Nekkula,Christ/Kristus,1,1
Nekkula,Jeesus,1,1
Nekkula,Other,1,1
Nilsiä,Christ/Kristus,1,1
Nilsiä,Jeesus,7,7
Nord-Kapp,Jeesus,3,3
Norra Finnskoga,Jeesus,3,2
Nousiainen,Christ/Kristus,1,1
Nurmes,Jeesus,7,5
Nurmes,Other,1,1
Nyskoga,Jeesus,2,2
Orsa,Jeesus,1,1
Oulu,Jeesus,3,3
Padasjoki,Jeesus,1,1
Paistu,Jeesus,1,1
Pajala,Jeesus,3,3
Pajala,Other,2,2
Palamuse,Jeesus,6,3
Paltamo,Other,3,3
Parkano,Jeesus,2,2
Parkano,Other,4,3
Perniö,Christ/Kristus,1,1
Pieksämäki,Jeesus,3,3
Pielavesi,Jeesus,9,6
Pielisjärvi,Jeesus,10,5
Pielisjärvi,Other,2,2
Piippola,Jeesus,1,1
Piippola,Other,3,1
Pilistvere,Christ/Kristus,2,2
Pilistvere,Jeesus,1,1
Pirkkala,Other,2,2
Pistojärvi,Jeesus,3,3
Polvijärvi,Jeesus,1,1
Pomarkku,Christ/Kristus,1,1
Porajärvi,Christ/Kristus,1,1
Porajärvi,Jeesus,8,8
Porajärvi,Other,5,4
Pori,Jeesus,3,3
Porsanki,Jeesus,3,3
Pudasjärvi,Jeesus,1,1
Puhja,Jeesus,2,2
Puhja,Other,1,1
Puolanka,Jeesus,3,3
Puumala,Christ/Kristus,1,1
Puumala,Jeesus,2,2
Pyhäjärvi Ol.,Other,2,2
Pyhäjärvi Ul.,Christ/Kristus,1,1
Pyhäjärvi Ul.,Jeesus,1,1
Pyhäjärvi Vpl.,Christ/Kristus,2,2
Pyhäjärvi Vpl.,Jeesus,1,1
Pyhämaa,Christ/Kristus,1,1
Pälkjärvi,Other,3,1
Pälkäne,Jeesus,2,2
Pärnu-Jaagupi,Jeesus,7,1
Põltsamaa,Jeesus,5,3
Põlva,Christ/Kristus,1,1
Pöide,Jeesus,1,1
Pühalepa,Other,1,1
Rannu,Christ/Kristus,2,2
Rannu,Jeesus,3,1
Rantasalmi,Jeesus,4,3
Rantsila,Jeesus,4,2
Rautavaara,Jeesus,10,5
Rautjärvi,Jeesus,2,2
Rautu,Jeesus,4,3
Reisjärvi,Jeesus,1,1
Renko,Jeesus,1,1
Renko,Other,1,1
Repola,Christ/Kristus,3,2
Repola,Jeesus,9,2
Riipuskala,Christ/Kristus,2,2
Riistavesi,Christ/Kristus,1,1
Risti,Jeesus,2,1
Ristiina,Christ/Kristus,2,1
Ristiina,Jeesus,1,1
Ropsu,Jeesus,3,1
Rovaniemi,Jeesus,5,5
Ruskeala,Jeesus,1,1
Ruskeala,Other,1,1
Räisälä,Jeesus,2,1
Räpina,Jeesus,14,2
Rääkkylä,Christ/Kristus,1,1
Rääkkylä,Jeesus,5,5
Rääkkylä,Other,2,1
Rääpyvä,Jeesus,1,1
Rääpyvä,Other,2,2
Rõngu,Christ/Kristus,1,1
Rõngu,Jeesus,13,10
Rõuge,Jeesus,1,1
Saarde,Christ/Kristus,4,3
Saarde,Jeesus,6,5
Saarijärvi,Jeesus,1,1
Sahalahti,Jeesus,1,1
Sahalahti,Other,2,1
Sakkola,Jeesus,7,3
Sakkola,Other,4,3
Salmi,Christ/Kristus,8,8
Salmi,Jeesus,32,10
Salmi,Other,4,2
Sangaste,Christ/Kristus,3,3
Sangaste,Jeesus,4,4
Sangaste,Other,1,1
Sauvo,Christ/Kristus,1,1
Sauvo,Jeesus,3,1
Savitaipale,Jeesus,2,1
Savitaipale,Other,1,1
Seiskari,Jeesus,1,1
Serepetta,Jeesus,1,1
Serepetta,Other,1,1
Setumaa,Jeesus,64,15
Setumaa,Other,1,1
Siikainen,Christ/Kristus,1,1
Simo,Jeesus,1,1
Simuna,Jeesus,5,4
Skuoritsa,Jeesus,5,2
Soanlahti,Jeesus,5,4
Soanlahti,Other,7,4
Sodankylä,Jeesus,9,9
Soikkola,Christ/Kristus,5,3
Soikkola,Jeesus,14,9
Soikkola,Other,5,3
Somerniemi,Christ/Kristus,1,1
Somerniemi,Jeesus,1,1
Somero,Christ/Kristus,2,2
Somero,Jeesus,4,4
Somero,Other,1,1
Sonkajärvi,Jeesus,2,2
Sortavala,Jeesus,8,5
Sotkamo,Jeesus,4,4
Soutjärvi,Christ/Kristus,3,2
Spankkova,Jeesus,5,3
Suistamo,Christ/Kristus,7,5
Suistamo,Jeesus,162,58
Suistamo,Other,11,7
Suojärvi,Christ/Kristus,4,2
Suojärvi,Jeesus,24,9
Suojärvi,Other,34,7
Suomussalmi,Jeesus,2,2
Suonenjoki,Jeesus,6,3
Suoniemi,Jeesus,2,2
Suure-Jaani,Jeesus,6,4
Sysmä,Christ/Kristus,1,1
Sysmä,Jeesus,1,1
Sysmä,Other,4,3
Sääksmäki,Christ/Kristus,1,1
Sääksmäki,Jeesus,18,11
Sääksmäki,Other,6,1
Sääminki,Jeesus,1,1
Södra Finnskoga,Jeesus,4,4
Taipalsaari,Jeesus,1,1
Tammela,Christ/Kristus,1,1
Tammela,Jeesus,8,7
Tammela,Other,5,4
Tampere,Christ/Kristus,1,1
Tarvasjoki,Christ/Kristus,1,1
Tarvastu,Christ/Kristus,3,3
Tarvastu,Jeesus,3,3
Tarvastu,Other,1,1
Teisko,Christ/Kristus,1,1
Teisko,Jeesus,1,1
Terijoki,Jeesus,1,1
Tervo,Jeesus,1,1
Tervola,Jeesus,1,1
Tohmajärvi,Jeesus,18,12
Tohmajärvi,Other,5,2
Toksova,Jeesus,1,1
Toksova,Other,1,1
Tori,Christ/Kristus,1,1
Tori,Jeesus,16,7
Tottijärvi,Jeesus,1,1
Tulemajärvi,Christ/Kristus,3,3
Tulemajärvi,Jeesus,4,4
Tulemajärvi,Other,1,1
Tuulos,Jeesus,3,2
Tuupovaara,Other,1,1
Tuutari,Jeesus,1,1
Tuutari,Other,3,2
Tyrvää,Jeesus,4,2
Tyrö,Jeesus,12,7
Tyrö,Other,1,1
Tytärsaari,Jeesus,1,1
Tõstamaa,Jeesus,1,1
Töysä,Jeesus,2,2
Türi,Christ/Kristus,2,2
Türi,Jeesus,2,2
Uhtua,Christ/Kristus,1,1
Uhtua,Jeesus,3,3
Urjala,Jeesus,1,1
Urvaste,Christ/Kristus,3,3
Urvaste,Jeesus,29,7
Urvaste,Other,1,1
Uskela,Jeesus,1,1
Uukuniemi,Jeesus,3,2
Uukuniemi,Other,5,2
Uusikaarlepyy,Jeesus,1,1
Uusikaupunki,Christ/Kristus,1,1
Valjala,Jeesus,1,1
Valkjärvi,Jeesus,3,2
Valtimo,Jeesus,2,2
Vanaja,Christ/Kristus,1,1
Vanaja,Jeesus,1,1
Varpaisjärvi,Jeesus,7,6
Vastseliina,Christ/Kristus,2,2
Vastseliina,Jeesus,46,13
Vastseliina,Other,1,1
Vehmaa,Jeesus,1,1
Venjoki,Jeesus,5,2
Vesilahti,Jeesus,2,1
Vigala,Christ/Kristus,3,3
Vigala,Jeesus,4,4
Vihanti,Jeesus,1,1
Viipuri,Jeesus,1,1
Viljakkala,Jeesus,2,1
Viljandi,Jeesus,12,4
Virrat,Jeesus,2,2
Virtasalmi,Jeesus,2,2
Viru-Nigula,Jeesus,2,1
Vitele,Christ/Kristus,1,1
Vittanki,Jeesus,2,2
Vuokkiniemi,Jeesus,13,9
Vuole,Christ/Kristus,2,2
Vuole,Jeesus,16,10
Vuole,Other,6,5
Vähäkyrö,Christ/Kristus,3,1
Vähäkyrö,Jeesus,2,1
Väike-Maarja,Jeesus,6,5
Väike-Maarja,Other,1,1
Vändra,Jeesus,1,1
Ylihärmä,Christ/Kristus,1,1
Yläne,Christ/Kristus,1,1
Yläne,Jeesus,2,2
Ypäjä,Other,1,1
Östmark,Christ/Kristus,2,2
Östmark,Jeesus,8,8
