county,person_cluster,mentions,poems,distinct_standard_lemmas,distinct_local_lemmas,top_standard_lemmas,top_local_lemmas,county_join,county_or_self,county_label,lat,lon,mapped,dominant_name_type,top_standard_name
,John / Jaan / Jussi / Hans,62,31,10,13,Hans (27); Jaan (25); Ants (2); Juhan (2); jussi (1); Juss (1); jaan (1); Hannus (1),Hans (27); Jaan (12); jani (10); Jussi (2); Ants (2); Juhan (2); jussi (1); jaan (1),,,Unknown / missing county,,,False,Estonian Jaan/Hans/Ants,Hans
Aunus,John / Jaan / Jussi / Hans,3,2,2,2,Iivana (2); jää+n (1),Iivana (2); jää+n (1),Aunus,Aunus,Aunus,61.25,32.95,True,Karelian/Ingrian Iivana,Iivana
Etelä-Karjala,John / Jaan / Jussi / Hans,46,36,2,6,Jussi (45); Juhana (1),Jussi (41); Jassi (1); Juhana (1); Jusse (1); jussi (1); Jussikko-kin (1),Etelä-Karjala,Etelä-Karjala,Etelä-Karjala,61.2,28.5,True,Finnish Jussi/Juhani,Jussi
Etelä-Pohjanmaa,John / Jaan / Jussi / Hans,41,38,4,3,Jussi (38); Juhana (1); Johannes (1); Juha (1),Jussi (39); Johannekselta (1); Juha (1),Etelä-Pohjanmaa,Etelä-Pohjanmaa,Etelä-Pohjanmaa,62.9,22.8,True,Finnish Jussi/Juhani,Jussi
Etelä-Savo,John / Jaan / Jussi / Hans,49,42,4,6,Jussi (46); Juhani (1); Iivana (1); Johannes (1),Jussi (43); Jutas (2); Johan (1); Iitam (1); Johannes (1); jussim (1),Etelä-Savo,Etelä-Savo,Etelä-Savo,61.75,27.7,True,Finnish Jussi/Juhani,Jussi
Harjumaa,John / Jaan / Jussi / Hans,181,101,13,25,Jaan (68); Hans (52); Ants (34); Juhan (6); Juss (5); Joan (5); Johannes (3); hans (2),Jaan (53); Hans (41); Ants (34); Hants (7); jaan (7); Juhan (6); Jussi (3); Hansu (3),Harjumaa,Harjumaa,Harjumaa,59.4,24.8,True,Estonian Jaan/Hans/Ants,Jaan
Häme,John / Jaan / Jussi / Hans,117,98,4,6,Jussi (113); Juhani (2); Johannes (1); Jussi (name) (1),Jussi (111); Juhani (2); Johannes (1); Jussi(n) (1); Jassi (1); Jussille (1),Häme,Häme,Häme,61.1,24.4,True,Finnish Jussi/Juhani,Jussi
Itä- ja Pohjois-Inkeri,John / Jaan / Jussi / Hans,20,13,7,6,Jussi (9); Hannus (6); Juhana (1); Juhani (1); Jussi+si (1); Iivana (1); (proper) (1),Jussi (10); Hannus (6); Juhana (1); Juhani (1); Jussi+si (1); Iivana (1),Itä- ja Pohjois-Inkeri,Itä- ja Pohjois-Inkeri,Itä- ja Pohjois-Inkeri,60.15,30.7,True,Finnish Jussi/Juhani,Jussi
Järvamaa,John / Jaan / Jussi / Hans,227,72,8,19,Jaan (87); jaan (58); Hans (48); Juhan (17); Ants (12); Juku (2); Junnu (2); juhan (1),jaan (46); Hans (42); Jaan (39); Jaanike (35); Juhan (17); Ants (12); jaanike (12); Jaani (7),Järvamaa,Järvamaa,Järvamaa,58.9,25.6,True,Estonian Jaan/Hans/Ants,Jaan
Kainuu,John / Jaan / Jussi / Hans,16,12,3,4,Jussi (14); Johannes (1); Juhani (1),Jussi (12); jussi (2); Johannes (1); Juhani (1),Kainuu,Kainuu,Kainuu,64.3,28.2,True,Finnish Jussi/Juhani,Jussi
Keski-Inkeri,John / Jaan / Jussi / Hans,23,11,5,7,Jussi (11); Juhana (5); Iivana (3); Hannu (3); Johannes (1),Jussi (9); Iivana (4); Juhana (4); Hannoi (3); Jusso (1); Juss (1); Johannan (1),Keski-Inkeri,Keski-Inkeri,Keski-Inkeri,59.75,30.2,True,Finnish Jussi/Juhani,Jussi
Keski-Suomi,John / Jaan / Jussi / Hans,23,22,2,3,Jussi (20); Johannes (3),Jussi (20); Juhannes (2); Johannes (1),Keski-Suomi,Keski-Suomi,Keski-Suomi,62.4,25.8,True,Finnish Jussi/Juhani,Jussi
Laatokan Karjala (Raja-Karjala),John / Jaan / Jussi / Hans,18,15,5,5,Jussi (13); Jukka (2); Juhana (1); Iivana (1); Johannes (1),Jussi (13); Juakko (2); Juhana (1); Iivana (1); Johannes (1),Laatokan Karjala (Raja-Karjala),Laatokan Karjala (Raja-Karjala),Laatokan Karjala (Raja-Karjala),61.8,30.45,True,Finnish Jussi/Juhani,Jussi
Länsi-Inkeri,John / Jaan / Jussi / Hans,14,10,3,6,Iivana (11); Juhana (2); Juhani (1),Iivana (7); Iivaana (3); Jaani (1); Juhana (1); J:lan (1); Ivaana (1),Länsi-Inkeri,Länsi-Inkeri,Länsi-Inkeri,59.65,28.75,True,Karelian/Ingrian Iivana,Iivana
Länsipohja,John / Jaan / Jussi / Hans,3,2,2,2,juhannes (2); Jussi (1),juhannes (2); Jussi (1),Länsipohja,Länsipohja,Länsipohja,65.9,24.2,True,Finnish Jussi/Juhani,juhannes
Läänemaa,John / Jaan / Jussi / Hans,194,88,10,17,Jaan (125); Ants (32); Hans (26); hans (3); jaanike (2); Juhan (2); Juss (1); hannes (1),Jaan (119); Ants (27); Hans (23); ants (5); jaanikene (3); Jaanikene (2); hans (2); hants (2),Läänemaa,Läänemaa,Läänemaa,58.9,23.7,True,Estonian Jaan/Hans/Ants,Jaan
Metsäsuomalaisten alue,John / Jaan / Jussi / Hans,1,1,1,1,Juho (1),Juho (1),Metsäsuomalaisten alue,Metsäsuomalaisten alue,Metsäsuomalaisten alue,60.42,12.35,True,Finnish Jussi/Juhani,Juho
Peräpohjola,John / Jaan / Jussi / Hans,16,15,3,3,Jussi (13); juhannes (2); Junnu (1),Jussi (13); juhannes (2); Junnu (1),Peräpohjola,Peräpohjola,Peräpohjola,66.2,25.6,True,Finnish Jussi/Juhani,Jussi
Pohjois-Karjala,John / Jaan / Jussi / Hans,64,52,6,10,Jussi (48); Johannes (5); Juhani (4); Iivana (4); Juhana (2); Juho (1),Jussi (46); Iivana (4); Johannes (3); Junn(i) (3); Juhana (3); Jussiv (1); Juhka (1); Juho (1),Pohjois-Karjala,Pohjois-Karjala,Pohjois-Karjala,62.8,30.0,True,Finnish Jussi/Juhani,Jussi
Pohjois-Pohjanmaa,John / Jaan / Jussi / Hans,14,11,2,2,Jussi (13); Joppi (1),Jussi (13); Joppi (1),Pohjois-Pohjanmaa,Pohjois-Pohjanmaa,Pohjois-Pohjanmaa,65.0,26.0,True,Finnish Jussi/Juhani,Jussi
Pohjois-Savo,John / Jaan / Jussi / Hans,65,51,7,7,Jussi (56); Juhani (2); Juhannes (2); Jukka (2); Janne (1); Juhannes (Juhani) (1); Iivana (1),Jussi (55); Juakko (4); Juhani (2); Jussi+n (1); Janne (1); Juhannes (1); Iivana (1),Pohjois-Savo,Pohjois-Savo,Pohjois-Savo,63.1,27.4,True,Finnish Jussi/Juhani,Jussi
Pärnumaa,John / Jaan / Jussi / Hans,242,122,9,19,Jaan (135); Hans (72); Ants (19); Juhan (5); jaan (4); Jussi (3); Hants (2); Juss (1),Jaan (121); Hans (65); Ants (18); Jaanikene (7); jaani (5); jaan (4); Juhan (4); Jussi (3),Pärnumaa,Pärnumaa,Pärnumaa,58.4,24.5,True,Estonian Jaan/Hans/Ants,Jaan
Saaremaa,John / Jaan / Jussi / Hans,125,51,9,18,Jaan (65); Hans (29); Ants (15); Juhan (6); jään (6); Juku (1); hans (1); Jaanilt (1),Jaan (38); Hans (29); Ants (15); jaen (11); joaen (6); Juhan (5); joan (5); Jaen (3),Saaremaa,Saaremaa,Saaremaa,58.35,22.5,True,Estonian Jaan/Hans/Ants,Jaan
Satakunta,John / Jaan / Jussi / Hans,56,54,5,6,Jussi (52); Jaana (1); juhani (1); Juhani (1); Johannes (1),Jussi (51); jaana (1); johan (1); Juhani (1); jussi (1); Johannes (1),Satakunta,Satakunta,Satakunta,61.5,22.1,True,Finnish Jussi/Juhani,Jussi
Setumaa,John / Jaan / Jussi / Hans,17,11,6,8,Jaan (10); Juhan (2); Ants (2); jaan (1); jaanil (1); Jaanikene (1),Jaan (6); jaan (3); jaani (2); Ants (2); jaanil (1); jaanikenõ (1); Juhanikõnõ (1); Ivvan (1),Setumaa,Setumaa,Setumaa,57.82,27.38,True,Estonian Jaan/Hans/Ants,Jaan
Tartumaa,John / Jaan / Jussi / Hans,185,106,12,18,Jaan (93); Hans (43); Ants (21); Juhan (13); Juhanile (4); jaan (3); Jussi (2); Jaska (2),Jaan (66); Hans (39); Ants (21); Juhan (13); Jaanikene (11); jaani (7); Jaaniku (6); Juhanile (4),Tartumaa,Tartumaa,Tartumaa,58.4,26.75,True,Estonian Jaan/Hans/Ants,Jaan
Uusimaa,John / Jaan / Jussi / Hans,24,19,4,4,Jussi (19); Hans (2); jänis (2); Jussin (1),Jussi (19); Hanssu (2); jussi (2); Jussis (1),Uusimaa,Uusimaa,Uusimaa,60.2,24.9,True,Finnish Jussi/Juhani,Jussi
Valgamaa,John / Jaan / Jussi / Hans,7,3,2,4,Jaan (6); Ants (1),Jaan (2); jaani (2); jaanil (2); Ants (1),Valgamaa,Valgamaa,Valgamaa,57.9,26.15,True,Estonian Jaan/Hans/Ants,Jaan
Varsinais-Suomi,John / Jaan / Jussi / Hans,95,71,6,10,Jussi (85); Juhani (4); Juha (3); johanneksen (1); Johannes (1); jään (1),Jussi (82); Juhani (4); juhani (2); johannekses (1); Jusu (1); Jussis (1); Jussien (1); Johannes (1),Varsinais-Suomi,Varsinais-Suomi,Varsinais-Suomi,60.5,22.35,True,Finnish Jussi/Juhani,Jussi
Viena,John / Jaan / Jussi / Hans,15,5,2,2,Jussi (13); Iivana (2),Jussi (13); Iivana (2),Viena,Viena,Viena,64.8,30.7,True,Finnish Jussi/Juhani,Jussi
Viljandimaa,John / Jaan / Jussi / Hans,402,169,20,31,Jaan (140); Hans (107); jaan (67); Ants (46); Juhan (14); jaanikene (6); jaanike (3); jään (3),Jaan (98); Hans (96); jaanike (51); Ants (45); Jaanik (25); jaanikene (21); Juhan (14); hans (9),Viljandimaa,Viljandimaa,Viljandimaa,58.35,25.6,True,Estonian Jaan/Hans/Ants,Jaan
Virumaa,John / Jaan / Jussi / Hans,165,108,10,19,Jaan (62); Ants (40); Hans (37); Juhan (10); jaan (7); Annus (3); Juss (2); Jaanila (2),Jaan (56); Ants (39); Hans (30); Juhan (10); jaan (4); Hansu (3); jaani (3); Jaani (3),Virumaa,Virumaa,Virumaa,59.35,27.3,True,Estonian Jaan/Hans/Ants,Jaan
Võrumaa,John / Jaan / Jussi / Hans,74,42,10,12,Jaan (42); Ants (12); Juhan (8); Hans (5); Johannes (2); jaanike (1); Jaanile (1); Jaanil (1),Jaan (34); Ants (12); Jaani (7); Juhan (6); Hans (5); juhan (2); jaanikene (2); jaan (2),Võrumaa,Võrumaa,Võrumaa,57.85,26.95,True,Estonian Jaan/Hans/Ants,Jaan
välismaa,John / Jaan / Jussi / Hans,20,13,4,7,Jaan (10); Hans (6); Ants (3); jaan (1),Jaan (8); Hans (3); Ants (3); Jaani (2); hans (2); jaanikene (1); Hantsu (1),välismaa,välismaa,välismaa,,,False,Estonian Jaan/Hans/Ants,Jaan
