county_or_self,tokens,poems,places,variation_rate,raw_variation_rate,top_mismatch_pairs,county_label,lat,lon,mapped,macro_region
Setumaa,85852,1187,1,0.6469622140427713,0.6473233005637609,iks -> - (677); ma -> mina (637); pääle -> peale (571); iks -> -ks (562); õks -> - (520); kodo -> kodu (400); sa -> sina (398); sis -> siis (354),Setumaa,57.82,27.38,True,South Estonia/Seto
Vepsäläisalueet,8473,562,1,0.608639206892482,0.6104095361737283,,Vepsäläisalueet,61.37,35.36,True,East Karelia/Veps/Tver
Tveri,4711,194,8,0.5818297601358523,0.5839524517087668,,Tveri,57.8,35.88,True,East Karelia/Veps/Tver
Võrumaa,158742,3241,10,0.5253367098814429,0.5258343727557924,pääle -> peale (985); ma -> mina (753); iks -> - (532); iks -> -ks (472); ta -> tema (438); sääl -> seal (436); om -> olema (432); pääl -> peal (411),Võrumaa,57.85,26.95,True,South Estonia/Seto
Novgorodin alue,400,18,1,0.48,0.48,,Novgorodin alue,58.55,31.25,True,East Karelia/Veps/Tver
Muurmanni,142,5,2,0.4154929577464789,0.4295774647887324,,Muurmanni,68.97,33.08,True,East Karelia/Veps/Tver
Aunus,46431,1210,18,0.3805216342529775,0.3814262023217247,on -> olla (251); mie -> minä (116); i -> ja (103); sie -> sinä (89); terveh -> terve (81); da -> ja (63); moa -> maa (58); kui -> kuin (52),Aunus,61.25,32.95,True,East Karelia/Veps/Tver
Valgamaa,4388,79,2,0.3776207839562443,0.3776207839562443,,Valgamaa,57.9,26.15,True,South Estonia/Seto
Länsi-Inkeri,222791,4021,5,0.3505392946752786,0.3512170599350961,mie -> minä (1716); on -> olla (754); vello -> veli (608); miä -> minä (540); miun -> minun (489); sie -> sinä (463); ku -> kun (351); kui -> kuin (317),Länsi-Inkeri,59.65,28.75,True,Ingria
Keski-Inkeri,154178,2813,16,0.348363579758461,0.3489538066390795,mie -> minä (1325); sie -> sinä (603); on -> olla (479); miun -> minun (467); miä -> minä (357); ku -> kun (226); vello -> veli (157); männä -> mennä (138),Keski-Inkeri,59.75,30.2,True,Ingria
Itä- ja Pohjois-Inkeri,158792,3601,10,0.3212189530958738,0.3217731371857524,mie -> minä (2052); sie -> sinä (668); on -> olla (662); miun -> minun (407); vello -> veli (229); sitt -> sitten (218); ku -> kun (184); en -> ei (147),Itä- ja Pohjois-Inkeri,60.15,30.7,True,Ingria
Laatokan Karjala (Raja-Karjala),186481,5812,12,0.320917412497788,0.321904108193328,on -> olla (1001); mie -> minä (766); sie -> sinä (332); miun -> minun (177); yheksän -> yhdeksän (176); terveh -> terve (138); da -> ja (123); moa -> maa (112),Laatokan Karjala (Raja-Karjala),61.8,30.45,True,East Karelia/Veps/Tver
Viena,46540,1475,11,0.3010958315427589,0.30236355822948,mie -> minä (145); on -> olla (134); sie -> sinä (97); moa -> maa (52); väinämöini -> väinämöinen (47); hiän -> hän (45); miun -> minun (40); peä -> pää (37),Viena,64.8,30.7,True,East Karelia/Veps/Tver
Varsinais-Suomi,90933,5580,60,0.2857708422684833,0.2885751047474514,on -> olla (234); mä -> minä (191); kaks -> kaksi (118); yks -> yksi (107); lasta -> lapsi (107); kuus -> kuusi (102); ku -> kun (98); paljo -> paljon (97),Varsinais-Suomi,60.5,22.35,True,Finland/Savo-Karelia
Tartumaa,242418,5219,18,0.2851809684099365,0.2859564883795757,pääle -> peale (759); ma -> mina (516); ta -> tema (395); om -> olema (352); sääl -> seal (347); kos -> kus (296); mu -> minu (244); ärä -> ära (236),Tartumaa,58.4,26.75,True,Estonia core/west
Länsipohja,1386,143,9,0.2748917748917749,0.2784992784992785,,Länsipohja,65.9,24.2,True,Finland/Savo-Karelia
Uusimaa,15440,1303,35,0.2709844559585492,0.2770077720207254,kuus -> kuusi (34); yks -> yksi (30); viis -> viisi (23); kaks -> kaksi (21); minul -> minulle (17); mä -> minä (17); hyvä-in -> hyvä (16); tuu -> tulla (15),Uusimaa,60.2,24.9,True,Finland/Savo-Karelia
Peräpohjola,40149,3306,24,0.2670054048668709,0.269770106353832,yks -> yksi (94); kaks -> kaksi (69); viis -> viisi (66); kävelläk -> kävellä (56); kuus -> kuusi (49); piirakkaa -> piirakka (41); entten -> ennen (40); touku -> touko (36),Peräpohjola,66.2,25.6,True,Finland/Savo-Karelia
Etelä-Karjala,105075,6176,44,0.2661908160837497,0.2681703545086842,mie -> minä (710); sie -> sinä (360); on -> olla (191); lasta -> lapsi (140); mää -> minä (89); männä -> mennä (81); ku -> kun (77); paljo -> paljon (77),Etelä-Karjala,61.2,28.5,True,Finland/Savo-Karelia
Viljandimaa,363366,6451,11,0.2615792341605984,0.2618654469598146,pääle -> peale (1338); ma -> mina (808); ta -> tema (503); sääl -> seal (442); ärä -> ära (427); om -> olema (417); märti -> märt (403); emä -> ema (375),Viljandimaa,58.35,25.6,True,Estonia core/west
Etelä-Savo,118145,6205,38,0.2525709932709806,0.2540776164882136,on -> olla (199); lasta -> lapsi (158); mie -> minä (84); elä -> älä (77); kuus -> kuusi (76); paljo -> paljon (75); sie -> sinä (74); männä -> mennä (66),Etelä-Savo,61.75,27.7,True,Finland/Savo-Karelia
Metsäsuomalaisten alue,6749,252,20,0.2397392206252778,0.2404800711216476,,Metsäsuomalaisten alue,60.42,12.35,True,Finland/Savo-Karelia
Pärnumaa,301461,4576,13,0.2392415602681607,0.2395898640288462,pääle -> peale (1150); ma -> mina (686); ta -> tema (600); kaske -> kask (514); o -> olema (330); pää -> pea (272); sääl -> seal (271); om -> olema (249),Pärnumaa,58.4,24.5,True,Estonia core/west
Pohjois-Savo,65764,3863,24,0.2367404659083997,0.2386107900979259,on -> olla (119); mehtä -> metsä (59); viis -> viisi (57); kuus -> kuusi (56); elä -> älä (54); lasta -> lapsi (44); paljo -> paljon (44); kolome -> kolme (41),Pohjois-Savo,63.1,27.4,True,Finland/Savo-Karelia
Etelä-Pohjanmaa,29243,2135,50,0.2280545771637656,0.2305509010703416,viis -> viisi (41); kuus -> kuusi (39); mun -> minun (32); seiso -> seisoa (23); yks -> yksi (21); tuu -> tulla (20); paljo -> paljon (18); kaks -> kaksi (18),Etelä-Pohjanmaa,62.9,22.8,True,Finland/Savo-Karelia
Häme,100274,6291,59,0.2189401041147256,0.221373436783214,tuu -> tulla (151); mulle -> minulle (147); lasta -> lapsi (130); kuus -> kuusi (109); on -> olla (108); mä -> minä (85); yks -> yksi (84); viis -> viisi (81),Häme,61.1,24.4,True,Finland/Savo-Karelia
Pohjois-Karjala,170012,6250,26,0.2153965602428064,0.216690586546832,on -> olla (280); mie -> minä (219); sie -> sinä (143); yheksän -> yhdeksän (116); lasta -> lapsi (104); elä -> älä (86); piä -> pää (80); mua -> maa (80),Pohjois-Karjala,62.8,30.0,True,Finland/Savo-Karelia
Kainuu,25096,1289,16,0.214456487089576,0.2162496015301243,on -> olla (37); kyntteli -> kynttilä (19); sitte -> sitten (18); et -> ei (17); mitä -> mikä (16); lie -> lienee (15); moa -> maa (14); lasta -> lapsi (13),Kainuu,64.3,28.2,True,Finland/Savo-Karelia
Pohjois-Pohjanmaa,26367,1513,42,0.2107179428831493,0.2123866954905753,on -> olla (32); sitte -> sitten (25); mehtä -> metsä (21); tappoa -> tappaa (20); ken -> kuka (17); kuus -> kuusi (17); yks -> yksi (17); yheksän -> yhdeksän (14),Pohjois-Pohjanmaa,65.0,26.0,True,Finland/Savo-Karelia
Virumaa,331851,6839,15,0.2071230763203968,0.2074997513944511,pääle -> peale (582); sie -> see (460); ma -> mina (422); on -> olema (398); neitsikene -> neitsike (346); sääl -> seal (275); vasta -> vastu (261); kaksi -> kaks (252),Virumaa,59.35,27.3,True,Estonia core/west
Harjumaa,226140,5010,14,0.2058547802246396,0.20650039798355,sie -> see (378); ma -> mina (276); pääle -> peale (252); kaksi -> kaks (184); on -> olema (162); ta -> tema (157); mu -> minu (134); siel -> seal (127),Harjumaa,59.4,24.8,True,Estonia core/west
Satakunta,63790,4104,71,0.2005329989026493,0.2032763756074619,kuus -> kuusi (84); kaks -> kaksi (66); yks -> yksi (63); viis -> viisi (59); mun -> minun (49); vaapula -> vaappua (46); katti -> kissa (40); mitä -> mikä (38),Satakunta,61.5,22.1,True,Finland/Savo-Karelia
Keski-Suomi,36144,2010,24,0.1889386896857016,0.190626383355467,lasta -> lapsi (77); mehtä -> metsä (56); tii -> tie (49); tuu -> tulla (42); peä -> pää (34); tappoa -> tappaa (32); sitte -> sitten (31); on -> olla (27),Keski-Suomi,62.4,25.8,True,Finland/Savo-Karelia
Saaremaa,95923,1583,15,0.1875983862056024,0.1881196376260125,ta -> tema (187); ma -> mina (153); sääl -> seal (85); mo -> mu (71); kaksi -> kaks (66); ep -> ei (61); pääle -> peale (58); minu -> mina (57),Saaremaa,58.35,22.5,True,Estonia core/west
Ruija,408,34,5,0.1813725490196078,0.1887254901960784,,Ruija,69.75,28.5,True,Finland/Savo-Karelia
Läänemaa,142948,2717,20,0.163150236449618,0.1637448582701401,ma -> mina (313); ta -> tema (226); sie -> see (198); sääl -> seal (113); pääle -> peale (92); o -> olema (89); kaksi -> kaks (85); akkama -> hakkama (77),Läänemaa,58.9,23.7,True,Estonia core/west
Järvamaa,153846,3362,10,0.1580866580866581,0.1585416585416585,ma -> mina (219); neitsikene -> neitsike (116); kaksi -> kaks (115); lähema -> minema (112); lähme -> minema (110); vasta -> vastu (102); on -> olema (86); ta -> tema (79),Järvamaa,58.9,25.6,True,Estonia core/west
