unified_name,county,broad_region,mentions,poems,distinct_standard_lemmas,distinct_local_lemmas,top_standard_lemmas,top_local_lemmas
Mary / Maria / Maarja / Mari,Viljandimaa,Estonia core/west,474,287,21,44,Mari (206); mari (125); Maarja (98); Maria (17); Maaria (4); Marija (3); Marijale (3); Maie (2),Mari (188); mari (107); Maarja (64); Maria (17); marja (17); Maari (14); maarja (10); maari (4)
Mary / Maria / Maarja / Mari,Virumaa,Estonia core/west,456,300,18,40,mari (237); Mari (132); Maarja (44); Maria (26); maria (2); Maie (2); marja (2); Marike (1),mari (181); Mari (121); marja (32); Maarja (27); Maria (23); marjad (7); marjal (6); maria (5)
Mary / Maria / Maarja / Mari,Länsi-Inkeri,Ingria,455,196,20,48,Maija (206); Maaria (83); Maria (58); Mari (48); maija (26); Marja/Mari (6); Marja (4); Marian (3),Maija (113); Maaria (85); maija (44); Mari (43); Maije (35); Maria (16); Maie (16); maaria (9)
Mary / Maria / Maarja / Mari,Pärnumaa,Estonia core/west,374,219,11,28,Mari (119); mari (109); Maarja (108); Maari (17); Maaria (9); Maria (4); marjake (3); Maali (2),Mari (104); mari (82); Maarja (60); Maari (52); maari (15); marja (14); Maaria (9); mara (6)
Mary / Maria / Maarja / Mari,Tartumaa,Estonia core/west,355,203,14,38,Mari (144); mari (135); Maarja (46); Maria (13); Marike (4); marjuke (4); Marija (2); marikene (1),Mari (129); mari (93); marja (34); Maarja (25); Maria (11); maarja (9); marjakõnõ (4); marjakene (4)
Mary / Maria / Maarja / Mari,Harjumaa,Estonia core/west,294,184,9,24,mari (133); Mari (114); Maarja (20); Maria (16); Maaria (6); Marike (2); marjukene (1); marjakene (1),mari (112); Mari (110); Maria (15); Maarja (15); marja (11); Maaria (7); marjuke (3); Marikene (2)
Mary / Maria / Maarja / Mari,Setumaa,South Estonia/Seto,293,150,18,59,mari (133); Maarja (75); Mari (42); Maria (14); marjakene (5); Maarjale (5); marja (3); marjake (3),mari (58); Maarja (26); marja (25); maarja (18); marakõnõ (17); Mari (17); mara (12); marä (11)
Mary / Maria / Maarja / Mari,Laatokan Karjala (Raja-Karjala),East Karelia/Veps/Tver,248,200,11,56,Maria (138); Maaria (65); maija (13); Mari (12); Maija (8); Marian (5); Mariatta (3); maijan (1),Maaria (70); Maria (42); Mari (12); Moaria (12); Muaria (12); maaria (7); maija (6); muarie (6)
Mary / Maria / Maarja / Mari,Võrumaa,South Estonia/Seto,246,146,12,47,mari (101); Mari (66); Maarja (57); marjake (5); marjakene (4); marjuke (4); marja (2); marjana (2),mari (63); Mari (47); Maarja (29); marja (18); maarja (12); mara (11); maarinna (8); marjakene (5)
Mary / Maria / Maarja / Mari,Läänemaa,Estonia core/west,172,108,11,19,Mari (86); mari (51); Maarja (18); Maria (8); marikene (2); Maari (2); Marike (1); marjukene (1),Mari (73); mari (45); Maarja (14); Maria (7); Mare (6); Marike (4); Maari (4); marikene (3)
Mary / Maria / Maarja / Mari,Keski-Inkeri,Ingria,164,91,14,36,Mari (46); Maria (34); Maaria (33); Maija (24); maija (10); Marja (5); Marjatta (3); marja (2),Mari (45); Maaria (31); Maie (16); Maria (15); Maariainen (5); maijoi (5); Maarja (5); maija (4)
Mary / Maria / Maarja / Mari,Pohjois-Karjala,Finland/Savo-Karelia,159,138,12,26,Maria (66); Maaria (51); Maija (17); maija (7); Mari (7); Maarian (3); maaria (2); Marian (2),Maaria (67); Maria (29); Maija (16); Mari (8); maija (6); Moari (4); Maarian (3); Moarijja (2)
Mary / Maria / Maarja / Mari,Häme,Finland/Savo-Karelia,152,123,6,17,Maija (60); Maria (47); Maaria (38); maija (3); Mari (3); Marja (1),Maija (53); Maaria (49); Maria (25); maija (8); Maarian (3); maarian (2); Marii (2); Mari (1)
Mary / Maria / Maarja / Mari,Järvamaa,Estonia core/west,130,84,9,16,Mari (56); mari (42); Maarja (14); Maria (9); Maaria (3); Marie (2); Marija (2); marjuke (1),Mari (50); mari (41); Maarja (13); Maria (9); Maaria (3); Marie (2); Marija (2); marja (2)
Mary / Maria / Maarja / Mari,Etelä-Savo,Finland/Savo-Karelia,110,96,11,20,Maria (58); Maaria (17); Maija (15); maija (11); Mari (2); Marialta (2); Marja (1); Marianen (1),Maria (38); Maaria (19); Maija (14); maija (13); maria (5); Marija (2); Marja (2); mariainen (2)
Mary / Maria / Maarja / Mari,Itä- ja Pohjois-Inkeri,Ingria,90,51,12,30,Mari (24); Maria (22); Maija (16); Maaria (16); maija (4); Maaria & -ine (2); Marja (1); Marin (1),Mari (16); Maie (16); Maaria (11); Maria (8); maija (3); Muaria (3); Maariainen (3); mari (2)
Mary / Maria / Maarja / Mari,Varsinais-Suomi,Finland/Savo-Karelia,90,71,6,17,Maija (57); Maria (18); Maaria (6); Maarja (5); Mari (2); maaria (2),Maija (50); Maaria (9); Maarja (8); maija (4); Maria (2); mar (2); maria (2); Mari (2)
Mary / Maria / Maarja / Mari,Satakunta,Finland/Savo-Karelia,75,60,4,7,Maija (42); Maaria (18); Maria (14),Maija (40); Maaria (19); Maria (11); maija (2); Maijal (1); Maaria(n) (1); Maarija (1)
Mary / Maria / Maarja / Mari,Pohjois-Pohjanmaa,Finland/Savo-Karelia,74,39,10,14,Mari (21); Maija (18); Maria (15); Maaria (9); maija (4); maaria (2); Maarija (2); Maija (prop.) (1),Mari (21); Maija (17); Maaria (10); Maria (9); maija (5); Maarija (4); maaria (1); Maija-n (1)
Mary / Maria / Maarja / Mari,Etelä-Pohjanmaa,Finland/Savo-Karelia,71,60,7,13,Maria (32); Maija (31); Maaria (3); marja (2); Maariaan (1); Mariasta (1); Marja (1),Maija (28); Maria (24); Maaria (6); Marja (2); Maijja (2); marja (2); marija (1); maariaan (1)
Mary / Maria / Maarja / Mari,Pohjois-Savo,Finland/Savo-Karelia,69,53,7,14,Maria (45); Maija (10); Maaria (8); maija (2); Marian (2); maja (1); marja (berry) or Maria (name) (1),Maria (25); Maaria (14); Maija (10); maria (6); maija (3); marija (2); Marian (2); Muaria (1)
Mary / Maria / Maarja / Mari,Saaremaa,Estonia core/west,66,41,7,10,Mari (36); mari (20); Maarja (4); marjuke (3); Maria (1); maria (1); marjake (1),Maie (20); mari (19); Mari (14); Maarja (4); marjuke (3); Marike (2); Maria (1); maria (1)
Mary / Maria / Maarja / Mari,Etelä-Karjala,Finland/Savo-Karelia,65,45,6,10,Mari (34); Maija (12); Maria (9); Maaria (6); maija (3); meri (1),Mari (34); Maija (11); Maaria (5); Maria (5); maija (4); Maariainen (2); Muariai-sta (1); mari (1)
Mary / Maria / Maarja / Mari,Viena,East Karelia/Veps/Tver,64,47,12,23,Maria (34); Mari (15); Maaria (4); Maija (2); maarian (2); Marjatta (1); Marian (1); Maria/muori (1),Maria (13); Mari (11); Moarie (4); Moaria (4); mari (4); Marian (3); maria (3); Maaria (3)
Mary / Maria / Maarja / Mari,,Other/unclear,58,38,7,11,Mari (32); mari (15); Maaria (4); Maarja (3); Maria (2); marra (1); marj (1),Mari (28); mari (12); marja (4); Maaria (4); Maarja (3); Marja (2); marran (1); marä (1)
Mary / Maria / Maarja / Mari,Aunus,East Karelia/Veps/Tver,57,44,6,13,Maaria (30); Maria (21); Mari (2); Maija (2); maija (1); Moari (archaic) (1),Maaria (31); Moaria (10); maariainen (3); Maria (2); Mari (2); Moari (2); maijon (1); Maija (1)
Mary / Maria / Maarja / Mari,Peräpohjola,Finland/Savo-Karelia,55,45,8,9,Maija (31); Maria (13); maija (4); maaria (2); Maijaa (2); Marja (1); maijjaa (1); Maaria (1),Maija (25); Maria (8); maija (8); maijaa (3); maaria (3); maria (3); Marja (3); maijja (1)
Mary / Maria / Maarja / Mari,Kainuu,Finland/Savo-Karelia,44,31,6,11,Maaria (17); Maria (15); Maija (7); maija (2); maaria (2); Maariana (1),Maaria (16); Maria (8); Maija (6); maaria (5); maija (2); Moarija (2); maejon (1); Maarija (1)
Mary / Maria / Maarja / Mari,Keski-Suomi,Finland/Savo-Karelia,29,28,4,8,Maija (14); Maria (8); maija (4); Maaria (3),Maija (13); Maria (5); Maaria (4); maija (3); maij (1); Mariaan (1); Mariasta (1); maejoo (1)
Mary / Maria / Maarja / Mari,välismaa,Other/unclear,29,21,3,6,mari (20); Mari (6); Maarja (3),mari (14); marja (7); Mari (4); Maarja (2); Maret (1); maarja (1)
Mary / Maria / Maarja / Mari,Uusimaa,Finland/Savo-Karelia,19,15,5,6,Maija (10); Maaria (4); Maarja (2); maaria (2); maija (1),Maija (9); Maaria (3); maija (2); Maarja (2); maaria (2); Maari (1)
Mary / Maria / Maarja / Mari,Metsäsuomalaisten alue,Finland/Savo-Karelia,14,11,5,9,Maria (7); Maaria (2); maija (2); marita (2); Maria+n (1),Maaria (4); maija (2); mareta (2); Maria (1); Moari (1); Muarja (1); marjoa (1); Moaria (1)
Mary / Maria / Maarja / Mari,Länsipohja,Finland/Savo-Karelia,5,4,1,2,Maria (5),Maria (4); Maaria (1)
Mary / Maria / Maarja / Mari,Valgamaa,South Estonia/Seto,4,4,3,4,mari (2); Mari (1); Maarja (1),mari (1); marjaken (1); Mari (1); Maarja (1)
Mary / Maria / Maarja / Mari,Vepsäläisalueet,East Karelia/Veps/Tver,2,2,1,1,Maria (2),Maria (2)
Mary / Maria / Maarja / Mari,Tveri,East Karelia/Veps/Tver,1,1,1,1,Maria (1),Muarie (1)
Jesus / Christ,Laatokan Karjala (Raja-Karjala),East Karelia/Veps/Tver,389,162,9,40,Jeesus (289); Jesus (61); Kristus (30); hristos (3); Jeesuksen (2); Kristus (loanword) (1); Kristo (1); kristuksen (1),Jeesus (148); Jiesus (72); Jesus (64); jiesus (21); Kristus (20); Jiesuksen (10); jiesuksen (8); Kristos (4)
Jesus / Christ,Pohjois-Karjala,Finland/Savo-Karelia,226,153,7,24,Jeesus (165); Jesus (36); Kristus (17); Jeesuksen (5); jesus (1); Ristus (1); Jeesus+en (1),Jeesus (97); Jiesus (40); Jesus (39); Kristus (9); Ristus (9); Jiessus (5); Jeessus (4); Jeesu (3)
Jesus / Christ,Häme,Finland/Savo-Karelia,158,115,6,24,Jeesus (102); Jesus (39); Kristus (13); Jeesuksen (2); kristitty (1); kristillinen (1),Jesus (58); Jeesus (46); Jessus (14); Kristus (10); Jeesu (4); Jiesus (4); Ristus (2); Kiesus (2)
Jesus / Christ,Länsi-Inkeri,Ingria,130,65,6,23,Jeesus (88); Jesus (23); Kristus (15); Jeesuksen (2); Isus (1); Hristos (1),Jeesus (45); Jesus (23); Iesus (12); Kristus (9); Kiesus (9); Jeesukse (4); iesus (3); Jiesus (3)
Jesus / Christ,Keski-Inkeri,Ingria,126,68,4,18,Jeesus (108); Jesus (10); Kristus (7); Jeesuksen (1),Jeesus (55); Jesus (16); Iesus (8); Iessus (7); Kristus (7); Jiessus (6); Jessus (5); Kiesus (5)
Jesus / Christ,Itä- ja Pohjois-Inkeri,Ingria,118,71,4,18,Jeesus (95); Jesus (20); Kristus (2); Jeesu (1),Jeesus (61); Jesus (23); Iesus (7); Iessus (6); iesus (4); jiesus (4); jeesus (2); Jiesus (1)
Jesus / Christ,Võrumaa,South Estonia/Seto,103,22,4,16,Jeesus (93); Kristus (7); Jeesuse (2); Jeesu (1),Jeesus (48); jeesus (12); jeesu (10); Kristus (5); Jeesu (5); Jessu (5); jeesuken (4); Jeesusõ (3)
Jesus / Christ,Etelä-Savo,Finland/Savo-Karelia,96,71,4,27,Jeesus (72); Jesus (16); Kristus (7); Jeesuksen (1),Jeesus (27); Jesus (23); Jiesus (8); jesus (5); Jesuxen (4); Jessus (4); Jiessus (2); ristus (2)
Jesus / Christ,Pohjois-Savo,Finland/Savo-Karelia,72,55,4,11,Jeesus (59); Jesus (7); Kristus (4); Jeesuksen (2),Jeesus (38); Jesus (11); Jiessus (5); Kiesus (5); jesuxen (5); Kristus (3); Jeſuxen (1); Jeſus (1)
Jesus / Christ,Setumaa,South Estonia/Seto,65,16,2,12,Jeesus (64); Jesus (1),Jeesus (14); eesus (12); Jeesu (10); jessu (10); eesust (6); jeesu (3); jeesus (3); eesu (2)
Jesus / Christ,Etelä-Karjala,Finland/Savo-Karelia,61,42,4,16,Jeesus (52); Kristus (4); Jesus (4); kristillinen (1),Jeesus (30); Iessus (5); Jesus (5); Jiesus (4); Kristus (3); Iesus (3); Jeesu (2); Jiusus (1)
Jesus / Christ,Virumaa,Estonia core/west,61,35,6,14,Jeesus (54); Jeesukene (3); Jesus (1); Jeesu_kene (1); jeesus (1); Jeesuse (1),Jeesus (38); Jeesukene (4); Jeesu (4); jeesukene (2); Eesus (2); Heesus (2); jeesuke (2); jeessu (1)
Jesus / Christ,Tartumaa,Estonia core/west,56,34,4,11,Jeesus (38); Kristus (16); Jesus (1); Jeesusesse (1),Jeesus (30); Kristus (11); jeesus (4); Krist (3); Jesus (2); Jeesuke (1); Kristuse (1); kristus (1)
Jesus / Christ,Satakunta,Finland/Savo-Karelia,54,40,3,7,Jeesus (34); Jesus (12); Kristus (8),Jeesus (31); Jesus (12); Kristus (7); jeesus+seni (1); Jeesus(en) (1); Jeessu (1); Kristi (1)
Jesus / Christ,Etelä-Pohjanmaa,Finland/Savo-Karelia,52,39,3,10,Jeesus (34); Kristus (11); Jesus (7),Jeesus (25); Jesus (11); Kristus (6); Ristus (2); jesux (2); christux (2); Jeessus (1); Iesus (1)
Jesus / Christ,Viljandimaa,Estonia core/west,49,27,3,6,Jeesus (42); Kristus (6); Eesus (1),Jeesus (34); Kristus (6); Jeessu (4); Eesus (3); Jeesul (1); Jeesukene (1)
Jesus / Christ,Pärnumaa,Estonia core/west,44,21,2,5,Jeesus (39); Kristus (5),Jeesus (35); Kristus (5); jeesus (2); Jeesu (1); Jeesuse (1)
Jesus / Christ,Aunus,East Karelia/Veps/Tver,41,30,6,19,Jeesus (23); Kristus (11); Jesus (3); Kristian (2); Hristos (Russian) (1); Kristos (1),Jeesus (8); Jeussei (6); Kristus (5); Jiesus (3); Jesus (3); Kristos (2); hristoa (2); Krista + an (1)
Jesus / Christ,Harjumaa,Estonia core/west,38,21,5,9,Jeesus (25); Kristus (6); Jesus (5); Iesus (1); Jeesukene (1),Jeesus (21); Jesus (5); kristus (3); Kristus (3); jiesus (2); Iesus (1); Jiesukene (1); Jeesukene (1)
Jesus / Christ,Peräpohjola,Finland/Savo-Karelia,36,32,2,7,Jeesus (34); Kristus (2),Jeesus (18); Iesus (11); Kristus (2); Jeesu (2); Jesus (1); Iesu(s) (1); jeesus (1)
Jesus / Christ,Varsinais-Suomi,Finland/Savo-Karelia,35,27,3,8,Jeesus (20); Kristus (12); Jesus (3),Jeesus (10); Jesus (10); Kristus (9); Kiesus (2); Kristuksen (1); Cristus (1); iesus+ksen (1); kristus+ksen (1)
Jesus / Christ,Metsäsuomalaisten alue,Finland/Savo-Karelia,34,25,3,7,Jeesus (29); Kristus (3); Jesus (2),Jeesus (21); Kiesus (5); Kristus (3); Jesus (2); Jessuksën (1); Jiessus (1); Jeesus-en (1)
Jesus / Christ,Viena,East Karelia/Veps/Tver,29,25,2,8,Jeesus (28); Kristus (1),Jeesus (10); Jiesus (6); Jeesus+en (4); Kiesus (4); Jesuks (2); jeesus (1); Krista+a (1); Jeessun (1)
Jesus / Christ,Järvamaa,Estonia core/west,28,14,4,9,Jeesus (22); Kristus (4); Jeesuke (1); Jeesuse (1),Jeesus (13); Iesukene (4); Kristus (2); Iesuselle (2); jeesus (2); kristus (2); Jeesuke (1); Iesus (1)
Jesus / Christ,Pohjois-Pohjanmaa,Finland/Savo-Karelia,28,18,3,7,Jeesus (21); Jesus (6); Kristus (1),Jeesus (15); Jesus (6); Iesus (2); Jiesus (2); kiesus (1); Kristus (1); jesus (1)
Jesus / Christ,,Other/unclear,24,19,2,7,Jeesus (22); Kristus (2),Jeesus (10); Jiesus (5); Jeesu (4); Kristus (2); jeesus + -kene (1); jesuxen (1); Jesus (1)
Jesus / Christ,Kainuu,Finland/Savo-Karelia,19,19,3,4,Jeesus (16); Jesus (2),Jeesus (13); Jesus (3); Kiesus (2); Jiesus (1)
Jesus / Christ,Länsipohja,Finland/Savo-Karelia,18,17,3,5,Jeesus (15); Jesus (2); Kristus (1),Iesus (8); Jeesus (6); Jesus (2); Jiesus (1); Kristus (1)
Jesus / Christ,Läänemaa,Estonia core/west,14,8,4,7,Jeesus (9); Kristus (3); Jeesusesse (1); Kriste (1),Jeesus (8); Jeesusse (1); Kõrstus (1); jeesus (1); kristus (1); Kristus (1); Kriste (1)
Jesus / Christ,Keski-Suomi,Finland/Savo-Karelia,9,9,3,3,Jeesus (5); Jesus (3); Jeesuksen (1),Jeesus (4); Jesus (4); Jesuks-en (1)
Jesus / Christ,Saaremaa,Estonia core/west,6,4,1,3,Jeesus (6),Jeesus (4); iesus (1); Eesus (1)
Jesus / Christ,Ruija,Finland/Savo-Karelia,6,6,1,3,Jeesus (6),Jeesus (3); Iesus (2); jesus (1)
Jesus / Christ,välismaa,Other/unclear,5,4,2,4,Kristus (3); Jeesus (2),Kristus (2); Jeesus (1); jeesus (1); kristus (1)
Jesus / Christ,Vepsäläisalueet,East Karelia/Veps/Tver,3,2,1,2,Kristus (3),Kristus (2); Kristos (1)
Jesus / Christ,Uusimaa,Finland/Savo-Karelia,2,1,2,2,Jeesus (1); Kristus (1),Jeesus (1); Kristus (1)
John / Jaan / Jussi / Hans,Viljandimaa,Estonia core/west,402,169,20,31,Jaan (140); Hans (107); jaan (67); Ants (46); Juhan (14); jaanikene (6); jaanike (3); jään (3),Jaan (98); Hans (96); jaanike (51); Ants (45); Jaanik (25); jaanikene (21); Juhan (14); hans (9)
John / Jaan / Jussi / Hans,Pärnumaa,Estonia core/west,242,122,9,19,Jaan (135); Hans (72); Ants (19); Juhan (5); jaan (4); Jussi (3); Hants (2); Juss (1),Jaan (121); Hans (65); Ants (18); Jaanikene (7); jaani (5); jaan (4); Juhan (4); Jussi (3)
John / Jaan / Jussi / Hans,Järvamaa,Estonia core/west,227,72,8,19,Jaan (87); jaan (58); Hans (48); Juhan (17); Ants (12); Juku (2); Junnu (2); juhan (1),jaan (46); Hans (42); Jaan (39); Jaanike (35); Juhan (17); Ants (12); jaanike (12); Jaani (7)
John / Jaan / Jussi / Hans,Läänemaa,Estonia core/west,194,88,10,17,Jaan (125); Ants (32); Hans (26); hans (3); jaanike (2); Juhan (2); Juss (1); hannes (1),Jaan (119); Ants (27); Hans (23); ants (5); jaanikene (3); Jaanikene (2); hans (2); hants (2)
John / Jaan / Jussi / Hans,Tartumaa,Estonia core/west,185,106,12,18,Jaan (93); Hans (43); Ants (21); Juhan (13); Juhanile (4); jaan (3); Jussi (2); Jaska (2),Jaan (66); Hans (39); Ants (21); Juhan (13); Jaanikene (11); jaani (7); Jaaniku (6); Juhanile (4)
John / Jaan / Jussi / Hans,Harjumaa,Estonia core/west,181,101,13,25,Jaan (68); Hans (52); Ants (34); Juhan (6); Juss (5); Joan (5); Johannes (3); hans (2),Jaan (53); Hans (41); Ants (34); Hants (7); jaan (7); Juhan (6); Jussi (3); Hansu (3)
John / Jaan / Jussi / Hans,Virumaa,Estonia core/west,165,108,10,19,Jaan (62); Ants (40); Hans (37); Juhan (10); jaan (7); Annus (3); Juss (2); Jaanila (2),Jaan (56); Ants (39); Hans (30); Juhan (10); jaan (4); Hansu (3); jaani (3); Jaani (3)
John / Jaan / Jussi / Hans,Saaremaa,Estonia core/west,125,51,9,18,Jaan (65); Hans (29); Ants (15); Juhan (6); jään (6); Juku (1); hans (1); Jaanilt (1),Jaan (38); Hans (29); Ants (15); jaen (11); joaen (6); Juhan (5); joan (5); Jaen (3)
John / Jaan / Jussi / Hans,Häme,Finland/Savo-Karelia,117,98,4,6,Jussi (113); Juhani (2); Johannes (1); Jussi (name) (1),Jussi (111); Juhani (2); Johannes (1); Jussi(n) (1); Jassi (1); Jussille (1)
John / Jaan / Jussi / Hans,Varsinais-Suomi,Finland/Savo-Karelia,95,71,6,10,Jussi (85); Juhani (4); Juha (3); johanneksen (1); Johannes (1); jään (1),Jussi (82); Juhani (4); juhani (2); johannekses (1); Jusu (1); Jussis (1); Jussien (1); Johannes (1)
John / Jaan / Jussi / Hans,Võrumaa,South Estonia/Seto,74,42,10,12,Jaan (42); Ants (12); Juhan (8); Hans (5); Johannes (2); jaanike (1); Jaanile (1); Jaanil (1),Jaan (34); Ants (12); Jaani (7); Juhan (6); Hans (5); juhan (2); jaanikene (2); jaan (2)
John / Jaan / Jussi / Hans,Pohjois-Savo,Finland/Savo-Karelia,65,51,7,7,Jussi (56); Juhani (2); Juhannes (2); Jukka (2); Janne (1); Juhannes (Juhani) (1); Iivana (1),Jussi (55); Juakko (4); Juhani (2); Jussi+n (1); Janne (1); Juhannes (1); Iivana (1)
John / Jaan / Jussi / Hans,Pohjois-Karjala,Finland/Savo-Karelia,64,52,6,10,Jussi (48); Johannes (5); Juhani (4); Iivana (4); Juhana (2); Juho (1),Jussi (46); Iivana (4); Johannes (3); Junn(i) (3); Juhana (3); Jussiv (1); Juhka (1); Juho (1)
John / Jaan / Jussi / Hans,,Other/unclear,62,31,10,13,Hans (27); Jaan (25); Ants (2); Juhan (2); jussi (1); Juss (1); jaan (1); Hannus (1),Hans (27); Jaan (12); jani (10); Jussi (2); Ants (2); Juhan (2); jussi (1); jaan (1)
John / Jaan / Jussi / Hans,Satakunta,Finland/Savo-Karelia,56,54,5,6,Jussi (52); Jaana (1); juhani (1); Juhani (1); Johannes (1),Jussi (51); jaana (1); johan (1); Juhani (1); jussi (1); Johannes (1)
John / Jaan / Jussi / Hans,Etelä-Savo,Finland/Savo-Karelia,49,42,4,6,Jussi (46); Juhani (1); Iivana (1); Johannes (1),Jussi (43); Jutas (2); Johan (1); Iitam (1); Johannes (1); jussim (1)
John / Jaan / Jussi / Hans,Etelä-Karjala,Finland/Savo-Karelia,46,36,2,6,Jussi (45); Juhana (1),Jussi (41); Jassi (1); Juhana (1); Jusse (1); jussi (1); Jussikko-kin (1)
John / Jaan / Jussi / Hans,Etelä-Pohjanmaa,Finland/Savo-Karelia,41,38,4,3,Jussi (38); Juhana (1); Johannes (1); Juha (1),Jussi (39); Johannekselta (1); Juha (1)
John / Jaan / Jussi / Hans,Uusimaa,Finland/Savo-Karelia,24,19,4,4,Jussi (19); Hans (2); jänis (2); Jussin (1),Jussi (19); Hanssu (2); jussi (2); Jussis (1)
John / Jaan / Jussi / Hans,Keski-Suomi,Finland/Savo-Karelia,23,22,2,3,Jussi (20); Johannes (3),Jussi (20); Juhannes (2); Johannes (1)
John / Jaan / Jussi / Hans,Keski-Inkeri,Ingria,23,11,5,7,Jussi (11); Juhana (5); Iivana (3); Hannu (3); Johannes (1),Jussi (9); Iivana (4); Juhana (4); Hannoi (3); Jusso (1); Juss (1); Johannan (1)
John / Jaan / Jussi / Hans,välismaa,Other/unclear,20,13,4,7,Jaan (10); Hans (6); Ants (3); jaan (1),Jaan (8); Hans (3); Ants (3); Jaani (2); hans (2); jaanikene (1); Hantsu (1)
John / Jaan / Jussi / Hans,Itä- ja Pohjois-Inkeri,Ingria,20,13,7,6,Jussi (9); Hannus (6); Juhana (1); Juhani (1); Jussi+si (1); Iivana (1); (proper) (1),Jussi (10); Hannus (6); Juhana (1); Juhani (1); Jussi+si (1); Iivana (1)
John / Jaan / Jussi / Hans,Laatokan Karjala (Raja-Karjala),East Karelia/Veps/Tver,18,15,5,5,Jussi (13); Jukka (2); Juhana (1); Iivana (1); Johannes (1),Jussi (13); Juakko (2); Juhana (1); Iivana (1); Johannes (1)
John / Jaan / Jussi / Hans,Setumaa,South Estonia/Seto,17,11,6,8,Jaan (10); Juhan (2); Ants (2); jaan (1); jaanil (1); Jaanikene (1),Jaan (6); jaan (3); jaani (2); Ants (2); jaanil (1); jaanikenõ (1); Juhanikõnõ (1); Ivvan (1)
John / Jaan / Jussi / Hans,Kainuu,Finland/Savo-Karelia,16,12,3,4,Jussi (14); Johannes (1); Juhani (1),Jussi (12); jussi (2); Johannes (1); Juhani (1)
John / Jaan / Jussi / Hans,Peräpohjola,Finland/Savo-Karelia,16,15,3,3,Jussi (13); juhannes (2); Junnu (1),Jussi (13); juhannes (2); Junnu (1)
John / Jaan / Jussi / Hans,Viena,East Karelia/Veps/Tver,15,5,2,2,Jussi (13); Iivana (2),Jussi (13); Iivana (2)
John / Jaan / Jussi / Hans,Pohjois-Pohjanmaa,Finland/Savo-Karelia,14,11,2,2,Jussi (13); Joppi (1),Jussi (13); Joppi (1)
John / Jaan / Jussi / Hans,Länsi-Inkeri,Ingria,14,10,3,6,Iivana (11); Juhana (2); Juhani (1),Iivana (7); Iivaana (3); Jaani (1); Juhana (1); J:lan (1); Ivaana (1)
John / Jaan / Jussi / Hans,Valgamaa,South Estonia/Seto,7,3,2,4,Jaan (6); Ants (1),Jaan (2); jaani (2); jaanil (2); Ants (1)
John / Jaan / Jussi / Hans,Aunus,East Karelia/Veps/Tver,3,2,2,2,Iivana (2); jää+n (1),Iivana (2); jää+n (1)
John / Jaan / Jussi / Hans,Länsipohja,Finland/Savo-Karelia,3,2,2,2,juhannes (2); Jussi (1),juhannes (2); Jussi (1)
John / Jaan / Jussi / Hans,Metsäsuomalaisten alue,Finland/Savo-Karelia,1,1,1,1,Juho (1),Juho (1)
Peter / Pietari / Peeter,Pohjois-Karjala,Finland/Savo-Karelia,203,136,7,16,Pietari (122); Pekka (74); pekka (2); Petteri (2); Pekka/pekko (1); Pietarin (1); Petri (1),Pietari (96); Pekka (72); Pietar (12); pekka (5); Piiteri (3); Petteri (2); petran (2); Pietari+n (2)
Peter / Pietari / Peeter,Laatokan Karjala (Raja-Karjala),East Karelia/Veps/Tver,174,83,8,26,Pietari (139); Pekka (15); Petri (14); Pedri (2); pekka (1); Petrus (1); Petteri (1); Pietarista (1),Pietari (86); Petri (17); Pedri (16); Pekka (11); Pietar (6); piedari (6); pekka (4); Petru (4)
Peter / Pietari / Peeter,Pohjois-Savo,Finland/Savo-Karelia,107,95,4,9,Pekka (71); Pietari (34); Petteri (1); pekka (1),Pekka (71); Pietari (29); Pietäri+n (1); Petter (1); Petteri (1); pekka (1); pietarin (1); pietar (1)
Peter / Pietari / Peeter,Viljandimaa,Estonia core/west,107,58,2,16,Peeter (100); Peetrus (7),Peeter (56); Piiter (12); peeter (11); Peetrus (4); Pieter (4); Peet (4); peetri (3); Piitrus (3)
Peter / Pietari / Peeter,Etelä-Savo,Finland/Savo-Karelia,106,82,5,16,Pekka (54); Pietari (48); pekka (2); Pietarin (1); Petteri (1),Pekka (50); Pietari (35); pietari (3); Pekko (3); pietar (2); pekka (2); Pjetar (2); pietarin (1)
Peter / Pietari / Peeter,Länsi-Inkeri,Ingria,87,61,6,25,Pietari (50); Petteri (27); Pietarin (5); Pekka (3); Petro (1); Petterille (1),Petteri (23); Pietari (17); Petro (11); Pedro (6); petterissä (3); Peio (3); Pedru (2); petterii (2)
Peter / Pietari / Peeter,Etelä-Karjala,Finland/Savo-Karelia,77,65,3,14,Pietari (48); Pekka (27); Petteri (2),Pietari (37); Pekka (23); pietar (2); pietari (2); Pekko (2); Pietarii (2); Petteri (2); pekka (1)
Peter / Pietari / Peeter,Virumaa,Estonia core/west,68,44,2,8,Peeter (67); Pieter (1),Peeter (57); Pieter (4); Pieder (2); Pietar (1); Pietre (1); peedarie (1); Pietri (1); Peetri (1)
Peter / Pietari / Peeter,Tartumaa,Estonia core/west,68,45,4,12,Peeter (62); Peetrus (4); Peterburi (1); peedil (1),Peeter (46); Piiter (5); Piitre (5); Peetrus (4); Pietari (1); Peedi (1); Ptrus (1); Peetrikene (1)
Peter / Pietari / Peeter,Varsinais-Suomi,Finland/Savo-Karelia,60,55,5,12,Pietari (43); Pekka (13); Petteri (2); pekka (1); Pietari (hypothetical) (1),Pietari (32); Pekka (11); Piatari (3); piatari (3); Petteri (2); pietari (2); Pieri (2); pekka (1)
Peter / Pietari / Peeter,Pärnumaa,Estonia core/west,56,31,4,7,Peeter (53); Piiter (1); Peetrus (1); peeter (1),Peeter (50); Piiter (1); Piider (1); Peender (1); piiter (1); Peetrus (1); peeter (1)
Peter / Pietari / Peeter,Häme,Finland/Savo-Karelia,55,53,3,8,Pietari (44); Pekka (9); Perttu (2),Pietari (32); Pekka (9); Piatari (6); Pietar (3); Perttu (2); pietari (1); Piete (1); Ptruus (1)
Peter / Pietari / Peeter,Võrumaa,South Estonia/Seto,55,20,5,18,Peeter (40); Petra (7); Piiter (5); Peetrus (2); Peetriga (1),Piitre (13); Peeter (9); Piiter (7); Petra (7); Piitrekene (2); peeterille (2); peetrikene (2); peetrus (2)
Peter / Pietari / Peeter,Keski-Inkeri,Ingria,52,50,6,16,Pietari (38); Petteri (10); Pekka (1); Petro (1); Petri (1); Pietarista (1),Pietari (27); Petteri (10); Piiteri (2); Pekko (1); Pietar (1); Petro (1); Pietari-sta (1); Piteri (1)
Peter / Pietari / Peeter,Itä- ja Pohjois-Inkeri,Ingria,51,42,5,12,Pietari (43); Pekka (5); Petteri (1); Pietarista (1),Pietari (33); Pekka (6); pietariin (2); Pietäri (2); Pietarissa (1); Petteri (1); pietarilt (1); Pietarin (1)
Peter / Pietari / Peeter,Harjumaa,Estonia core/west,45,33,4,11,Peeter (35); Peetrus (8); Peterburi (1); Pietari (1),Peeter (24); Peetrus (8); Pieter (4); Pietrus (2); Pietari (1); Peedari (1); Petraluis (1); Piedri (1)
Peter / Pietari / Peeter,Aunus,East Karelia/Veps/Tver,45,23,4,15,Pietari (23); Petri (13); Pekka (8); Petteri (1),Petri (10); Pekka (8); Pedri (7); Petra (5); Pietari (3); Piiteri (2); Pietarin (2); Piiterihin (1)
Peter / Pietari / Peeter,Järvamaa,Estonia core/west,43,30,4,5,Peeter (37); peeter (4); piiter (1); pekk (1),Peeter (36); peter (4); peeter (1); piiter (1); pekk (1)
Peter / Pietari / Peeter,Peräpohjola,Finland/Savo-Karelia,39,33,5,8,Petteri (14); Pekka (14); Pietari (9); Perttu (1); Perttuli (1),Pekka (14); Petter (11); Pietari (7); petter (2); Petteri (2); perttu (1); perttuli (1); pietari (1)
Peter / Pietari / Peeter,Satakunta,Finland/Savo-Karelia,37,37,5,8,Pietari (30); Pekka (3); Petteri (2); petteri (1); pekka (1),Pietari (24); pietari (3); Pekka (3); Petteri (2); Piatari (2); Pietäri (1); petters (1); pekka (1)
Peter / Pietari / Peeter,Etelä-Pohjanmaa,Finland/Savo-Karelia,32,26,4,8,Pietari (19); Pekka (11); Petter (1); Petteri (1),Pietari (15); Pekka (8); Piatari (3); Petter (2); Petteri (1); Pietu (1); Peka (1); Pekka (+ -lla) (1)
Peter / Pietari / Peeter,Läänemaa,Estonia core/west,31,16,2,6,Peeter (24); Peetrus (7),Peeter (19); Peetrus (8); Ptru (1); Pietar (1); Peet (1); Peetert (1)
Peter / Pietari / Peeter,Pohjois-Pohjanmaa,Finland/Savo-Karelia,28,23,3,6,Pekka (16); Pietari (11); Petter (1),Pekka (16); Pietari (7); Perttuli (2); Pieta (1); Petter (1); Petteri (1)
Peter / Pietari / Peeter,Saaremaa,Estonia core/west,23,16,1,4,Peeter (23),Peeter (20); Peeteri (1); pieter (1); peila (1)
Peter / Pietari / Peeter,Uusimaa,Finland/Savo-Karelia,21,18,3,7,Pietari (18); Pekka (2); pietari (1),Pietari (13); pietari (2); Pekka (2); Piatar (1); pikipietari (1); Piter (1); Peeter (1)
Peter / Pietari / Peeter,Keski-Suomi,Finland/Savo-Karelia,21,20,2,3,Pekka (12); Pietari (9),Pekka (12); Pietari (7); Pietar (2)
Peter / Pietari / Peeter,Viena,East Karelia/Veps/Tver,20,11,4,7,Petteri (10); Pekka (6); Pietari (3); Petri (1),Petteri (9); Pekka (6); Petri (1); Pietari (1); petteri (1); piiteri (1); Pietarihin (1)
Peter / Pietari / Peeter,,Other/unclear,19,15,7,8,Peeter (8); Pekka (4); Pietari (3); Peet (1); peeter (1); Petteri (1),Peeter (6); Pekka (5); Pietari (3); Pert (1); Peet (1); peetrikene (1); petteri (1); Peetrus (1)
Peter / Pietari / Peeter,Kainuu,Finland/Savo-Karelia,19,18,2,4,Pekka (17); Pietari (2),Pekka (16); Pietari (1); Petri (1); Pekka+n (1)
Peter / Pietari / Peeter,Setumaa,South Estonia/Seto,11,5,2,5,Peeter (10); *Petteri (1),Peeter (4); piitri (3); piiterit (2); pehteret (1); Piitre (1)
Peter / Pietari / Peeter,Vepsäläisalueet,East Karelia/Veps/Tver,10,8,1,9,Pietari (10),Pietari (2); Piterski (1); Piterihe (1); Piteri (1); Pedri (1); piteri (1); pietari (1); Piderin (1)
Peter / Pietari / Peeter,välismaa,Other/unclear,8,7,2,6,Peeter (7); Pietari (1),Pieter (3); Pietrus (1); Piitre (1); Peeter (1); Piedari (1); Peetri (1)
Peter / Pietari / Peeter,Tveri,East Karelia/Veps/Tver,7,7,1,4,Pietari (7),Piiteri (3); Pietari (2); Piiterin (1); piiterin (1)
Peter / Pietari / Peeter,Metsäsuomalaisten alue,Finland/Savo-Karelia,5,4,2,4,Pietari (4); Pekka (1),Pietari (2); Pietarin (1); Pekka (1); Pietrus (1)
Peter / Pietari / Peeter,Valgamaa,South Estonia/Seto,4,3,1,3,Peeter (4),Piiter (2); peeter (1); peter (1)
Peter / Pietari / Peeter,Länsipohja,Finland/Savo-Karelia,1,1,1,1,Petteri (1),Petter (1)
Martin / Mart / Märt,Viljandimaa,Estonia core/west,1007,81,16,22,Märt (460); märt (194); mart (124); Märti (112); Mart (67); mard (22); märd (6); Mard (6),Märti (351); Märt (195); märti (164); mart (59); Mart (54); marti (45); mard (43); märdi (32)
Martin / Mart / Märt,Pärnumaa,Estonia core/west,844,114,20,23,mard (150); Mart (140); mart (137); Mard (84); Märt (78); marti (70); märt (68); märti (63),mart (154); Mart (144); mard (128); märti (96); marti (88); Märti (57); Mard (47); märt (36)
Martin / Mart / Märt,Tartumaa,Estonia core/west,605,59,15,19,Märt (195); märt (174); mard (82); märd (43); Mart (31); Mard (22); mart (18); karu (14),marti (180); Märti (91); Märt (85); märt (68); märti (48); märd (30); märdi (24); Mart (20)
Martin / Mart / Märt,Läänemaa,Estonia core/west,258,49,14,10,mart (92); mard (63); Mart (53); Mard (14); mardus (10); mardid (7); mardikas (7); Mard (proper noun) (2),mart (111); mard (63); Mart (55); mardid (11); Mard (9); Mardi (4); marti (2); märti (1)
Martin / Mart / Märt,Virumaa,Estonia core/west,258,63,10,15,Mart (115); Mard (49); Märt (37); mart (20); mard (14); Mardi (11); Marti (6); Mardus (3),Mart (133); Mardi (34); mart (25); mard (14); Mard (11); Marti (11); mardi (6); marti (5)
Martin / Mart / Märt,Harjumaa,Estonia core/west,131,41,12,12,Mart (63); mart (35); mard (19); Marti (3); mardi (3); mardid (2); Mardi (1); Mard (1),Mart (48); mart (36); mard (17); Marti (16); mardi (4); Mardi (2); Mard (2); mardid (2)
Martin / Mart / Märt,Järvamaa,Estonia core/west,125,42,8,9,Mart (40); mard (24); mart (21); Märt (17); Mard (16); mardi (3); mardile (2); Mardi (2),Mart (50); mart (30); Mard (15); mard (13); Märt (6); mardile (4); mardi (3); Mardi (3)
Martin / Mart / Märt,Võrumaa,South Estonia/Seto,117,24,8,12,Märt (90); märt (13); pääsuke (4); märti (4); Mard (3); Mardisant (1); märts (1); märdi (1),märti (42); Märt (25); Märti (21); märt (13); pääsuke (4); Mard (3); Märdi (3); märdi (2)
Martin / Mart / Märt,,Other/unclear,35,8,6,6,märti (14); Märt (8); Mart (5); mard (4); märt (2); marti (2),märti (14); Märt (8); Mart (5); mard (4); märt (2); marti (2)
Martin / Mart / Märt,Saaremaa,Estonia core/west,29,16,4,8,Mart (20); mard (4); Märt (4); mardus (1),Mart (13); mard (4); mart (4); Mardi (2); Märt (2); mairt (2); mardi (1); marrus (1)
Martin / Mart / Märt,välismaa,Other/unclear,25,5,7,8,Mart (7); mard (7); mart (5); mardi (3); Märt (1); mardikesed (1); mardu (1),mard (7); Mart (6); mart (5); mardi (3); Märt (1); mardikesed (1); marsi (1); Marti (1)
Martin / Mart / Märt,Setumaa,South Estonia/Seto,11,3,2,2,Märt (10); Mardu (1),Märt (10); mardso (1)
Martin / Mart / Märt,Etelä-Karjala,Finland/Savo-Karelia,10,7,1,3,Martti (10),Martti (6); Martti-n (2); martti (2)
Martin / Mart / Märt,Pohjois-Savo,Finland/Savo-Karelia,8,7,1,3,Martti (8),Martti (5); Martin (2); martti (1)
Martin / Mart / Märt,Länsi-Inkeri,Ingria,6,4,1,4,Martti (6),Mart (2); Martin (2); Martti (1); Marti (1)
Martin / Mart / Märt,Pohjois-Pohjanmaa,Finland/Savo-Karelia,5,5,2,2,Martti (4); Martin (1),Martin (3); Martti (2)
Martin / Mart / Märt,Kainuu,Finland/Savo-Karelia,5,5,2,2,Martti (4); Martin (1),Martti (4); Martin (1)
Martin / Mart / Märt,Keski-Suomi,Finland/Savo-Karelia,4,4,2,2,Martti (3); Martin (1),Martti (2); Martin (2)
Martin / Mart / Märt,Itä- ja Pohjois-Inkeri,Ingria,4,3,1,1,Martti (4),Martti (4)
Martin / Mart / Märt,Keski-Inkeri,Ingria,3,3,1,1,Martti (3),Martti (3)
Martin / Mart / Märt,Etelä-Savo,Finland/Savo-Karelia,3,3,1,2,Martti (3),Martti (2); Mart (1)
Martin / Mart / Märt,Pohjois-Karjala,Finland/Savo-Karelia,3,3,1,1,Martti (3),Martti (3)
Martin / Mart / Märt,Viena,East Karelia/Veps/Tver,2,2,2,2,Martin (1); Martti (1),Martin (1); Martti-n (1)
Martin / Mart / Märt,Häme,Finland/Savo-Karelia,2,2,1,2,Martti (2),Martin (1); Martti (1)
Martin / Mart / Märt,Uusimaa,Finland/Savo-Karelia,1,1,1,1,räpäsky (1),rääpyskä (1)
Martin / Mart / Märt,Varsinais-Suomi,Finland/Savo-Karelia,1,1,1,1,Martti (1),Martti (1)
Martin / Mart / Märt,Etelä-Pohjanmaa,Finland/Savo-Karelia,1,1,1,1,Martti (1),Martin (1)
Catherine / Kadri / Katri,Viljandimaa,Estonia core/west,444,53,12,20,Kadri (178); Katri (156); katri (84); kadri (11); Kadril (3); Triinu (3); kadrike (3); Kaie (2),Kadri (161); Katri (156); katri (84); kadri (18); Kadril (3); Kaie (3); Triinu (3); kadrid (2)
Catherine / Kadri / Katri,Pärnumaa,Estonia core/west,268,60,9,10,"Kadri (192); kadri (48); Katri (15); kadrike (7); kadr (2); käti (1); Kadrik (1); Kadunud tekstist', 'kõrge', 'kõrge', 'kõrge', 'kõrge', 'kõrge', 'kõrge', 'kõrge', 'kõrge', 'kõrge', 'kõrge', 'kõrge', 'kõrge', 'kõrge', 'kõrge', 'kõrge', 'kõrge', 'kõrge', 'kõrge', 'kõrge', 'kõrge', 'kõrge', 'kõrge', 'kõrge', 'kõrge', 'kõrge', 'kõrge', 'kõrge', 'kõrge', 'kõrge', 'kõrge', 'kõrge', 'kõrge', 'kõrge', 'kõrge', 'kõrge', 'kõrge', 'kõrge', 'kõrge', 'kõrge', 'kõrge', 'kõrge', 'kõrge', 'kõrge', 'kõrge', 'kõrge', 'kõrge', 'kõrge', 'kõrge', 'kõrge', 'kõrge', 'kõrge', 'kõrge', 'kõrge', 'kõrge', 'kõrge', 'kõrge', 'kõrge', 'kõrge', 'kõrge', 'kõrge', 'kõrge', 'kõrge', 'kõrge', 'kõrge', 'kõrge', 'kõrge', 'kõrge', 'kõrge', 'kõrge', 'kõrge', 'kõrge', 'kõrge', 'kõrge', 'kõrge', 'kõrge', 'kõrge', 'kõrge', 'kõrge', 'kõrge', 'kõrge', 'kõrge', 'kõrge', 'kõrge', 'kõrge', 'kõrge', 'kõrge', 'kõrge', 'kõrge', 'kõrge', 'kõrge', 'kõrge', 'kõrge', 'kõrge', 'kõrge', 'kõrge', 'kõrge', 'kõrge', 'kõrge', 'kõrge', 'kõrge', 'kõrge', 'kõrge', 'kõrge', 'kõrge', 'kõrge', 'kõrge', 'kõrge', 'kõrge', 'kõrge', 'kõrge', 'kõrge', 'kõrge', 'kõrge', 'kõrge', 'kõrge', 'kõrge', 'kõrge', 'kõrge', 'kõrge', 'kõrge', 'kõrge', 'kõrge', 'kõrge', 'kõrge', 'kõrge', 'kõrge', 'kõrge', 'kõrge', 'kõrge', 'kõrge', 'kõrge', 'kõrge', 'kõrge', 'kõrge', 'kõrge', 'kõrge', 'kõrge', 'kõrge', 'kõrge', 'kõrge', 'kõrge', 'kõrge', 'kõrge', 'kõrge', 'kõrge', 'kõrge', 'kõrge', 'kõrge', 'kõrge', 'kõrge', 'kõrge', 'kõrge', 'kõrge', 'kõrge', 'kõrge', 'kõrge', 'kõrge', 'kõrge', 'kõrge', 'kõrge', 'kõrge', 'kõrge', 'kõrge', 'kõrge', 'kõrge', 'kõrge', 'kõrge', 'kõrge', 'kõrge', 'kõrge', 'kõrge', 'kõrge', 'kõrge', 'kõrge', 'kõrge', 'kõrge', 'kõrge', 'kõrge', 'kõrge', 'kõrge', 'kõrge', 'kõrge', 'kõrge', 'kõrge', 'kõrge', 'kõrge', 'kõrge', 'kõrge', 'kõrge', 'kõrge', 'kõrge', 'kõrge', 'kõrge', 'kõrge', 'kõrge', 'kõrge', 'kõrge', 'kõrge', 'kõrge', 'kõrge', 'kõrge', 'kõrge', 'kõrge', 'kõrge', 'kõrge', 'kõrge', 'kõrge', 'kõrge', 'kõrge', 'kõrge', 'kõrge', 'kõrge', 'kõrge', 'kõrge', 'kõrge', 'kõrge', 'kõrge', 'kõrge', 'kõrge', 'kõrge', 'kõrge', 'kõrge', 'kõrge', 'kõrge', 'kõrge', 'kõrge', 'kõrge', 'kõrge', 'kõrge', 'kõrge', 'kõrge', 'kõrge', 'kõrge', 'kõrge', 'kõrge', 'kõrge', 'kõrge', 'kõrge', 'kõrge', 'kõrge', 'kõrge', 'kõrge', 'kõrge', 'kõrge', 'kõrge', 'kõrge', 'kõrge', 'kõrge', 'kõrge', 'kõrge', 'kõrge', 'kõrge', 'kõrge', 'kõrge', 'kõrge', 'kõrge', 'kõrge', 'kõrge', 'kõrge', 'kõrge', 'kõrge', 'kõrge', 'kõrge', 'kõrge', 'kõrge', 'kõrge', 'kõrge', 'kõrge', 'kõrge', 'kõrge', 'kõrge', 'kõrge', 'kõrge', 'kõrge', 'kõrge', 'kõrge', 'kõrge', 'kõrge', 'kõrge', 'kõrge', 'kõrge', 'kõrge', 'kõrge', 'kõrge', 'kõrge', 'kõrge', 'kõrge', 'kõrge', 'kõrge', 'kõrge', 'kõrge', 'kõrge', 'kõrge', 'kõrge', 'kõrge', 'kõrge', 'kõrge', 'kõrge', 'kõrge', 'kõrge', 'kõrge', 'kõrge', 'kõrge', 'kõrge', 'kõrge', 'kõrge', 'kõrge', 'kõrge', 'kõrge', 'kõrge', 'kõrge', 'kõrge', 'kõrge', 'kõrge', 'kõrge', 'kõrge', 'kõrge', 'kõrge', 'kõrge', 'kõrge', 'kõrge', 'kõrge', 'kõrge', 'kõrge', 'kõrge', 'kõrge', 'kõrge', 'kõrge', 'kõrge', 'kõrge', 'kõrge', 'kõrge', 'kõrge', 'kõrge', 'kõrge', 'kõrge', 'kõrge', 'kõrge', 'kõrge', 'kõrge', 'kõrge', 'kõrge', 'kõrge', 'kõrge', 'kõrge', 'kõrge', 'kõrge', 'kõrge', 'kõrge', 'kõrge', 'kõrge', 'kõrge', 'kõrge', 'kõrge', 'kõrge', 'kõrge', 'kõrge', 'kõrge', 'kõrge', 'kõrge', 'kõrge', 'kõrge', 'kõrge', 'kõrge', 'kõrge', 'kõrge', 'kõrge', 'kõrge', 'kõrge', 'kõrge', 'kõrge', 'kõrge', 'kõrge', 'kõrge', 'kõrge', 'kõrge', 'kõrge', 'kõrge', 'kõrge', 'kõrge', 'kõrge', 'kõrge', 'kõrge', 'kõrge', 'kõrge', 'kõrge', 'kõrge', 'kõrge', 'kõrge', 'kõrge', 'kõrge', 'kõrge', 'kõrge', 'kõrge', 'kõrge', 'kõrge', 'kõrge', 'kõrge', 'kõrge', 'kõrge', 'kõrge', 'kõrge', 'kõrge', 'kõrge', 'kõrge', 'kõrge', 'kõrge', 'kõrge', 'kõrge', 'kõrge', 'kõrge', 'kõrge', 'kõrge', 'kõrge', 'kõrge', 'kõrge', 'kõrge', 'kõrge', 'kõrge', 'kõrge', 'kõrge', 'kõrge', 'kõrge', 'kõrge', 'kõrge', 'kõrge', 'kõrge', 'kõrge', 'kõrge', 'kõrge', 'kõrge', 'kõrge', 'kõrge', 'kõrge', 'kõrge', 'kõrge', 'kõrge', 'kõrge', 'kõrge', 'kõrge', 'kõrge', 'kõrge', 'kõrge', 'kõrge', 'kõrge', 'kõrge', 'kõrge', 'kõrge', 'kõrge', 'kõrge', 'kõrge', 'kõrge', 'kõrge', 'kõrge', 'kõrge', 'kõrge', 'kõrge', 'kõrge', 'kõrge', 'kõrge', 'kõrge', 'kõrge', 'kõrge', 'kõrge', 'kõrge', 'kõrge', 'kõrge', 'kõrge', 'kõrge', 'kõrge', 'kõrge', 'kõrge', 'kõrge', 'kõrge', 'kõrge', 'kõrge', 'kõrge', 'kõrge', 'kõrge', 'kõrge', 'kõrge', 'kõrge', 'kõrge', 'kõrge', 'kõrge', 'kõrge', 'kõrge', 'kõrge', 'kõrge', 'kõrge', 'kõrge', 'kõrge', 'kõrge', 'kõrge', 'kõrge', 'kõrge', 'kõrge', 'kõrge', 'kõrge', 'kõrge', 'kõrge', 'kõrge', 'kõrge', 'kõrge', 'kõrge', 'kõrge', 'kõrge', 'kõrge', 'kõrge', 'kõrge', 'kõrge', 'kõrge', 'kõrge', 'kõrge', 'kõrge', 'kõrge', 'kõrge', 'kõrge', 'kõrge', 'kõrge', 'kõrge', 'kõrge', 'kõrge', 'kõrge', 'kõrge', 'kõrge', 'kõrge', 'kõrge', 'kõrge', 'kõrge', 'kõrge', 'kõrge', 'kõrge', 'kõrge', 'kõrge', 'kõrge', 'kõrge', 'kõrge', 'kõrge', 'kõrge', 'kõrge', 'kõrge', 'kõrge', 'kõrge', 'kõrge', 'kõrge', 'kõrge', 'kõrge', 'kõrge', 'kõrge', 'kõrge', 'kõrge', 'kõrge', 'kõrge', 'kõrge', 'kõrge', 'kõrge', 'kõrge', 'kõrge', 'kõrge', 'kõrge', 'kõrge', 'kõrge', 'kõrge', 'kõrge', 'kõrge', 'kõrge', 'kõrge', 'kõrge', 'kõrge', 'kõrge', 'kõrge', 'kõrge', 'kõrge', 'kõrge', 'kõrge', 'kõrge', 'kõrge', 'kõrge', 'kõrge', 'kõrge', 'kõrge', 'kõrge', 'kõrge', 'kõrge', 'kõrge', 'kõrge', 'kõrge', 'kõrge', 'kõrge', 'kõrge', 'kõrge', 'kõrge', 'kõrge', 'kõrge', 'kõrge', 'kõrge', 'kõrge', 'kõrge', 'kõrge', 'kõrge', 'kõrge', 'kõrge', 'kõrge', 'kõrge', 'kõrge', 'kõrge', 'kõrge', 'kõrge', 'kõrge', 'kõrge', 'kõrge', 'kõrge', 'kõrge', 'kõrge', 'kõrge', 'kõrge', 'kõrge', 'kõrge', 'kõrge', 'kõrge', 'kõrge', 'kõrge', 'kõrge', 'kõrge', 'kõrge', 'kõrge', 'kõrge', 'kõrge', 'kõrge', 'kõrge', 'kõrge', 'kõrge', 'kõrge', 'kõrge', 'kõrge', 'kõrge', 'kõrge', 'kõrge', 'kõrge', 'kõrge', 'kõrge', 'kõrge', 'kõrge', 'kõrge', 'kõrge', 'kõrge', 'kõrge', 'kõrge', 'kõrge', 'kõrge', 'kõrge', 'kõrge', 'kõrge', 'kõrge', 'kõrge', 'kõrge', 'kõrge', 'kõrge', 'kõrge', 'kõrge', 'kõrge', 'kõrge', 'kõrge', 'kõrge', 'kõrge', 'kõrge', 'kõrge', 'kõrge', 'kõrge', 'kõrge', 'kõrge', 'kõrge', 'kõrge', 'kõrge', 'kõrge', 'kõrge', 'kõrge', 'kõrge', 'kõrge', 'kõrge', 'kõrge', 'kõrge', 'kõrge', 'kõrge', 'kõrge', 'kõrge', 'kõrge', 'kõrge', 'kõrge', 'kõrge', 'kõrge', 'kõrge', 'kõrge', 'kõrge', 'kõrge', 'kõrge', 'kõrge', 'kõrge', 'kõrge', 'kõrge', 'kõrge', 'kõrge', 'kõrge', 'kõrge', 'kõrge', 'kõrge', 'kõrge', 'kõrge', 'kõrge', 'kõrge', 'kõrge', 'kõrge', 'kõrge', 'kõrge', 'kõrge', 'kõrge', 'kõrge', 'kõrge', 'kõrge', 'kõrge', 'kõrge', 'kõrge', 'kõrge', 'kõrge', 'kõrge', 'kõrge', 'kõrge', 'kõrge', 'kõrge', 'kõrge', 'kõrge', 'kõrge', 'kõrge', 'kõrge', 'kõrge', 'kõrge', 'kõrge', 'kõrge', 'kõrge', 'kõrge', 'kõrge', 'kõrge', 'kõrge', 'kõrge', 'kõrge', 'kõrge', 'kõrge', 'kõrge', 'kõrge', 'kõrge', 'kõrge', 'kõrge', 'kõrge', 'kõrge', 'kõrge', 'kõrge', 'kõrge', 'kõrge', 'kõrge', 'kõrge', 'kõrge', 'kõrge', 'kõrge', 'kõrge', 'kõrge', 'kõrge', 'kõrge', 'kõrge', 'kõrge', 'kõrge', 'kõrge', 'kõrge', 'kõrge', 'kõrge', 'kõrge', 'kõrge', 'kõrge', 'kõrge', 'kõrge', 'kõrge', 'kõrge', 'kõrge', 'kõrge', 'kõrge', 'kõrge', 'kõrge', 'kõrge', 'kõrge', 'kõrge', 'kõrge', 'kõrge', 'kõrge', 'kõrge', 'kõrge', 'kõrge', 'kõrge', 'kõrge', 'kõrge', 'kõrge', 'kõrge', 'kõrge', 'kõrge', 'kõrge', 'kõrge', 'kõrge', 'kõrge', 'kõrge', 'kõrge', 'kõrge', 'kõrge', 'kõrge', 'kõrge', 'kõrge', 'kõrge', 'kõrge', 'kõrge', 'kõrge', 'kõrge', 'kõrge', 'kõrge', 'kõrge', 'kõrge', 'kõrge', 'kõrge', 'kõrge', 'kõrge', 'kõrge', 'kõrge', 'kõrge', 'kõrge', 'kõrge', 'kõrge', 'kõrge', 'kõrge', 'kõrge', 'kõrge', 'kõrge', 'kõrge', 'kõrge', 'kõrge', 'kõrge', 'kõrge', 'kõrge', 'kõrge', 'kõrge', 'kõrge', 'kõrge', 'kõrge', 'kõrge', 'kõrge', 'kõrge', 'kõrge', 'kõrge', 'kõrge', 'kõrge', 'kõrge', 'kõrge', 'kõrge', 'kõrge', 'kõrge', 'kõrge', 'kõrge', 'kõrge', 'kõrge', 'kõrge', 'kõrge', 'kõrge', 'kõrge', 'kõrge', 'kõrge', 'kõrge', 'kõrge', 'kõrge', 'kõrge', 'kõrge', 'kõrge', 'kõrge', 'kõrge', 'kõrge', 'kõrge', 'kõrge', 'kõrge', 'kõrge', 'kõrge', 'kõrge', 'kõrge', 'kõrge', 'kõrge', 'kõrge', 'kõrge', 'kõrge', 'kõrge', 'kõrge', 'kõrge', 'kõrge', 'kõrge', 'kõrge', 'kõrge', 'kõrge', 'kõrge', 'kõrge', 'kõrge', 'kõrge', 'kõrge', 'kõrge', 'kõrge', 'kõrge', 'kõrge', 'kõrge', 'kõrge', 'kõrge', 'kõrge', 'kõrge', 'kõrge', 'kõrge', 'kõrge', 'kõrge', 'kõrge', 'kõrge', 'kõrge', 'kõrge', 'kõrge', 'kõrge', 'kõrge', 'kõrge', 'kõrge', 'kõrge', 'kõrge', 'kõrge', 'kõrge', 'kõrge', 'kõrge', 'kõrge', 'kõrge', 'kõrge', 'kõrge', 'kõrge', 'kõrge', 'kõrge', 'kõrge', 'kõrge', 'kõrge', 'kõrge', 'kõrge', 'kõrge', 'kõrge', 'kõrge', 'kõrge', 'kõrge', 'kõrge', 'kõrge', 'kõrge', 'kõrge', 'kõrge', 'kõrge', 'kõrge', 'kõrge', 'kõrge', 'kõrge', 'kõrge', 'kõrge', 'kõrge', 'kõrge', 'kõrge', 'kõrge', 'kõrge', 'kõrge', 'kõrge', 'kõrge', 'kõrge', 'kõrge', 'kõrge', 'kõrge', 'kõrge', 'kõrge', 'kõrge', 'kõrge', 'kõrge', 'kõrge', 'kõrge', 'kõrge', 'kõrge', 'kõrge', 'kõrge', 'kõrge', 'kõrge', 'kõrge', 'kõrge', 'kõrge', 'kõrge', 'kõrge', 'kõrge', 'kõrge', 'kõrge', 'kõrge', 'kõrge', 'kõrge', 'kõrge', 'kõrge', 'kõrge', 'kõrge', 'kõrge', 'kõrge', 'kõrge', 'kõrge', 'kõrge', 'kõrge', 'kõrge', 'kõrge', 'kõrge', 'kõrge', 'kõrge', 'kõrge', 'kõrge', 'kõrge', 'kõrge', 'kõrge', 'kõrge', 'kõrge', 'kõrge', 'kõrge', 'kõrge', 'kõrge', 'kõrge', 'kõrge', 'kõrge', 'kõrge', 'kõrge', 'kõrge', 'kõrge', 'kõrge', 'kõrge', 'kõrge', 'kõrge', 'kõrge', 'kõrge', 'kõrge', 'kõrge', 'kõrge', 'kõrge', 'kõrge', 'kõrge', 'kõrge', 'kõrge', 'kõrge', 'kõrge', 'kõrge', 'kõrge', 'kõrge', 'kõrge', 'kõrge', 'kõrge', 'kõrge', 'kõrge', 'kõrge', 'kõrge', 'kõrge', 'kõrge', 'kõrge', 'kõrge', 'kõrge', 'kõrge', 'kõrge', 'kõrge', 'kõrge', 'kõrge', 'kõrge', 'kõrge', 'kõrge', 'kõrge', 'kõrge', 'kõrge', 'kõrge', 'kõrge', 'kõrge', 'kõrge', 'kõrge', 'kõrge', 'kõrge', 'kõrge', 'kõrge', 'kõrge', 'kõrge', 'kõrge', 'kõrge', 'kõrge', 'kõrge', 'kõrge', 'kõrge', 'kõrge', 'kõrge', 'kõrge', 'kõrge', 'kõrge', 'kõrge', 'kõrge', 'kõrge', 'kõrge', 'kõrge', 'kõrge', 'kõrge', 'kõrge', 'kõrge', 'kõrge', 'kõrge', 'kõrge', 'kõrge', 'kõrge', 'kõrge', 'kõrge', 'kõrge', 'kõrge', 'kõrge', 'kõrge', 'kõrge', 'kõrge', 'kõrge', 'kõrge', 'kõrge', 'kõrge', 'kõrge', 'kõrge', 'kõrge', 'kõrge', 'kõrge', 'kõrge', 'kõrge', 'kõrge', 'kõrge', 'kõrge', 'kõrge', 'kõrge', 'kõrge', 'kõrge', 'kõrge', 'kõrge', 'kõrge', 'kõrge', 'kõrge', 'kõrge', 'kõrge', 'kõrge', 'kõrge', 'kõrge', 'kõrge', 'kõrge', 'kõrge', 'kõrge', 'kõrge', 'kõrge', 'kõrge', 'kõrge', 'kõrge', 'kõrge', 'kõrge', 'kõrge', 'kõrge', 'kõrge', 'kõrge', 'kõrge', 'kõrge', 'kõrge', 'kõrge', 'kõrge', 'kõrge', 'kõrge', 'kõrge', 'kõrge', 'kõrge', 'kõrge', 'kõrge', 'kõrge', 'kõrge', 'kõrge', 'kõrge', 'kõrge', 'kõrge', 'kõrge', 'kõrge', 'kõrge', 'kõrge', 'kõrge', 'kõrge', 'kõrge', 'kõrge', 'kõrge', 'kõrge', 'kõrge', 'kõrge', 'kõrge', 'kõrge', 'kõrge', 'kõrge', 'kõrge', 'kõrge', 'kõrge', 'kõrge', 'kõrge', 'kõrge', 'kõrge', 'kõrge', 'kõrge', 'kõrge', 'kõrge', 'kõrge', 'kõrge', 'kõrge', 'kõrge', 'kõrge', 'kõrge', 'kõrge', 'kõrge', 'kõrge', 'kõrge', 'kõrge', 'kõrge', 'kõrge', 'kõrge', 'kõrge', 'kõrge', 'kõrge', 'kõrge', 'kõrge', 'kõrge', 'kõrge', 'kõrge', 'kõrge', 'kõrge', 'kõrge', 'kõrge', 'kõrge', 'kõrge', 'kõrge', 'kõrge', 'kõrge', 'kõrge', 'kõrge', 'kõrge', 'kõrge', 'kõrge', 'kõrge', 'kõrge', 'kõrge', 'kõrge', 'kõrge', 'kõrge', 'kõrge', 'kõrge', 'kõrge', 'kõrge', 'kõrge', 'kõrge', 'kõrge', 'kõrge', 'kõrge', 'kõrge', 'kõrge', 'kõrge', 'kõrge', 'kõrge', 'kõrge', 'kõrge', 'kõrge', 'kõrge', 'kõrge', 'kõrge', 'kõrge', 'kõrge', 'kõrge', 'kõrge', 'kõrge', 'kõrge', 'kõrge', 'kõrge', 'kõrge', 'kõrge', 'kõrge', 'kõrge', 'kõrge', 'kõrge', 'kõrge', 'kõrge', 'kõrge', 'kõrge', 'kõrge', 'kõrge', 'kõrge', 'kõrge', 'kõrge', 'kõrge', 'kõrge', 'kõrge', 'kõrge', 'kõrge', 'kõrge', 'kõrge', 'kõrge', 'kõrge', 'kõrge', 'kõrge', 'kõrge', 'kõrge', 'kõrge', 'kõrge', 'kõrge', 'kõrge', 'kõrge', 'kõrge', 'kõrge', 'kõrge', 'kõrge', 'kõrge', 'kõrge', 'kõrge', 'kõrge', 'kõrge', 'kõrge', 'kõrge', 'kõrge', 'kõrge', 'kõrge', 'kõrge', 'kõrge', 'kõrge', 'kõrge', 'kõrge', 'kõrge', 'kõrge', 'kõrge', 'kõrge', 'kõrge', 'kõrge', 'kõrge', 'kõrge', 'kõrge', 'kõrge', 'kõrge', 'kõrge', 'kõrge', 'kõrge', 'kõrge', 'kõrge', 'kõrge', 'kõrge', 'kõrge', 'kõrge', 'kõrge', 'kõrge', 'kõrge', 'kõrge', 'kõrge', 'kõrge', 'kõrge', 'kõrge', 'kõrge', 'kõrge', 'kõrge', 'kõrge', 'kõrge', 'kõrge', 'kõrge', 'kõrge', 'kõrge', 'kõrge', 'kõrge', 'kõrge', 'kõrge', 'kõrge', 'kõrge', 'kõrge', 'kõrge', 'kõrge', 'kõrge', 'kõrge', 'kõrge', 'kõrge', 'kõrge', 'kõrge', 'kõrge', 'kõrge', 'kõrge', 'kõrge', 'kõrge', 'kõrge', 'kõrge', 'kõrge', 'kõrge', 'kõrge', 'kõrge', 'kõrge', 'kõrge', 'kõrge', 'kõrge', 'kõrge', 'kõrge', 'kõrge', 'kõrge', 'kõrge', 'kõrge', 'kõrge', 'kõrge', 'kõrge', 'kõrge', 'kõrge', 'kõrge', 'kõrge', 'kõrge', 'kõrge', 'kõrge', 'kõrge', 'kõrge', 'kõrge', 'kõrge', 'kõrge', 'kõrge', 'kõrge', 'kõrge', 'kõrge', 'kõrge', 'kõrge', 'kõrge', 'kõrge', 'kõrge', 'kõrge', 'kõrge', 'kõrge', 'kõrge', 'kõrge', 'kõrge', 'kõrge', 'kõrge', 'kõrge', 'kõrge', 'kõrge', 'kõrge', 'kõrge', 'kõrge', 'kõrge', 'kõrge', 'kõrge', 'kõrge', 'kõrge', 'kõrge', 'kõrge', 'kõrge', 'kõrge', 'kõrge', 'kõrge', 'kõrge', 'kõrge', 'kõrge', 'kõrge', 'kõrge', 'kõrge', 'kõrge', 'kõrge', 'kõrge', 'kõrge', 'kõrge', 'kõrge', 'kõrge', 'kõrge', 'kõrge', 'kõrge', 'kõrge', 'kõrge', 'kõrge', 'kõrge', 'kõrge', 'kõrge', 'kõrge', 'kõrge', 'kõrge', 'kõrge', 'kõrge', 'kõrge', 'kõrge', 'kõrge', 'kõrge', 'kõrge', 'kõrge', 'kõrge', 'kõrge', 'kõrge', 'kõrge', 'kõrge', 'kõrge', 'kõrge', 'kõrge', 'kõrge', 'kõrge', 'kõrge', 'kõrge', 'kõrge', 'kõrge', 'kõrge', 'kõrge', 'kõrge', 'kõrge', 'kõrge', 'kõrge', 'kõrge', 'kõrge', 'kõrge', 'kõrge', 'kõrge', 'kõrge', 'kõrge', 'kõrge', 'kõrge', 'kõrge', 'kõrge', 'kõrge', 'kõrge', 'kõrge', 'kõrge', 'kõrge', 'kõrge', 'kõrge', 'kõrge', 'kõrge', 'kõrge', 'kõrge', 'kõrge', 'kõrge', 'kõrge', 'kõrge', 'kõrge', 'kõrge', 'kõrge', 'kõrge', 'kõrge', 'kõrge', 'kõrge', 'kõrge', 'kõrge', 'kõrge', 'kõrge', 'kõrge', 'kõrge', 'kõrge', 'kõrge', 'kõrge', 'kõrge', 'kõrge', 'kõrge', 'kõrge', 'kõrge', 'kõrge', 'kõrge', 'kõrge', 'kõrge', 'kõrge', 'kõrge', 'kõrge', 'kõrge', 'kõrge', 'kõrge', 'kõrge', 'kõrge', 'kõrge', 'kõrge', 'kõrge', 'kõrge', 'kõrge', 'kõrge', 'kõrge', 'kõrge', 'kõrge', 'kõrge', 'kõrge', 'kõrge', 'kõrge', 'kõrge', 'kõrge', 'kõrge', 'kõrge', 'kõrge', 'kõrge', 'kõrge', 'kõrge', 'kõrge', 'kõrge', 'kõrge', 'kõrge', 'kõrge', 'kõrge', 'kõrge', 'kõrge', 'kõrge', 'kõrge', 'kõrge', 'kõrge', 'kõrge', 'kõrge', 'kõrge', 'kõrge', 'kõrge', 'kõrge', 'kõrge', 'kõrge', 'kõrge', 'kõrge', 'kõrge', 'kõrge', 'kõrge', 'kõrge', 'kõrge', 'kõrge', 'kõrge', 'kõrge', 'kõrge', 'kõrge', 'kõrge', 'kõrge', 'kõrge', 'kõrge', 'kõrge', 'kõrge', 'kõrge', 'kõrge', 'kõrge', 'kõrge', 'kõrge', 'kõrge', 'kõrge', 'kõrge', 'kõrge', 'kõrge', 'kõrge', 'kõrge', 'kõrge', 'kõrge', 'kõrge', 'kõrge', 'kõrge', 'kõrge', 'kõrge', 'kõrge', 'kõrge', 'kõrge', 'kõrge', 'kõrge', 'kõrge', 'kõrge', 'kõrge', 'kõrge', 'kõrge', 'kõrge', 'kõrge', 'kõrge', 'kõrge', 'kõrge', 'kõrge', 'kõrge', 'kõrge', 'kõrge', 'kõrge', 'kõrge', 'kõrge', 'kõrge', 'kõrge', 'kõrge', 'kõrge', 'kõrge', 'kõrge', 'kõrge', 'kõrge', 'kõrge', 'kõrge', 'kõrge', 'kõrge', 'kõrge', 'kõrge', 'kõrge', 'kõrge', 'kõrge', 'kõrge', 'kõrge', 'kõrge', 'kõrge', 'kõrge', 'kõrge', 'kõrge', 'kõrge', 'kõrge', 'kõrge', 'kõrge', 'kõrge', 'kõrge', 'kõrge', 'kõrge', 'kõrge', 'kõrge', 'kõrge', 'kõrge', 'kõrge', 'kõrge', 'kõrge', 'kõrge', 'kõrge', 'kõrge', 'kõrge', 'kõrge', 'kõrge', 'kõrge', 'kõrge', 'kõrge', 'kõrge', 'kõrge', 'kõrge', 'kõrge', 'kõrge', 'kõrge', 'kõrge', 'kõrge', 'kõrge', 'kõrge', 'kõrge', 'kõrge', 'kõrge', 'kõrge', 'kõrge', 'kõrge', 'kõrge', 'kõrge', 'kõrge', 'kõrge', 'kõrge', 'kõrge', 'kõrge', 'kõrge', 'kõrge', 'kõrge', 'kõrge', 'kõrge', 'kõrge', 'kõrge', 'kõrge', 'kõrge', 'kõrge', 'kõrge', 'kõrge', 'kõrge', 'kõrge', 'kõrge', 'kõrge', 'kõrge', 'kõrge', 'kõrge', 'kõrge', 'kõrge', 'kõrge', 'kõrge', 'kõrge', 'kõrge', 'kõrge', 'kõrge', 'kõrge', 'kõrge', 'kõrge', 'kõrge', 'kõrge', 'kõrge', 'kõrge', 'kõrge', 'kõrge', 'kõrge', 'kõrge', 'kõrge', 'kõrge', 'kõrge', 'kõrge', 'kõrge', 'kõrge', 'kõrge', 'kõrge', 'kõrge', 'kõrge', 'kõrge', 'kõrge', 'kõrge', 'kõrge', 'kõrge', 'kõrge', 'kõrge', 'kõrge', 'kõrge', 'kõrge', 'kõrge', 'kõrge', 'kõrge', 'kõrge', 'kõrge', 'kõrge', 'kõrge', 'kõrge', 'kõrge', 'kõrge', 'kõrge', 'kõrge', 'kõrge', 'kõrge', 'kõrge', 'kõrge', 'kõrge', 'kõrge', 'kõrge', 'kõrge', 'kõrge', 'kõrge', 'kõrge', 'kõrge', 'kõrge', 'kõrge', 'kõrge', 'kõrge', 'kõrge', 'kõrge', 'kõrge', 'kõrge', 'kõrge', 'kõrge', 'kõrge', 'kõrge', 'kõrge', 'kõrge', 'kõrge', 'kõrge', 'kõrge', 'kõrge', 'kõrge', 'kõrge', 'kõrge', 'kõrge', 'kõrge', 'kõrge', 'kõrge', 'kõrge', 'kõrge', 'kõrge', 'kõrge', 'kõrge', 'kõrge', 'kõrge', 'kõrge', 'kõrge', 'kõrge', 'kõrge', 'kõrge', 'kõrge', 'kõrge', 'kõrge', 'kõrge', 'kõrge', 'kõrge', 'kõrge', 'kõrge', 'kõrge', 'kõrge', 'kõrge', 'kõrge', 'kõrge', 'kõrge', 'kõrge', 'kõrge', 'kõrge', 'kõrge', 'kõrge', 'kõrge', 'kõrge', 'kõrge', 'kõrge', 'kõrge', 'kõrge', 'kõrge', 'kõrge', 'kõrge', 'kõrge', 'kõrge', 'kõrge', 'kõrge', 'kõrge', 'kõrge', 'kõrge', 'kõrge', 'kõrge', 'kõrge', 'kõrge', 'kõrge', 'kõrge', 'kõrge', 'kõrge', 'kõrge', 'kõrge', 'kõrge', 'kõrge', 'kõrge', 'kõrge', 'kõrge', 'kõrge', 'kõrge', 'kõrge', 'kõrge', 'kõrge', 'kõrge', 'kõrge', 'kõrge', 'kõrge', 'kõrge', 'kõrge', 'kõrge', 'kõrge', 'kõrge', 'kõrge', 'kõrge', 'kõrge', 'kõrge', 'kõrge', 'kõrge', 'kõrge', 'kõrge', 'kõrge', 'kõrge', 'kõrge', 'kõrge', 'kõrge', 'kõrge', 'kõrge', 'kõrge', 'kõrge', 'kõrge', 'kõrge', 'kõrge', 'kõrge', 'kõrge', 'kõrge', 'kõrge', 'kõrge', 'kõrge', 'kõrge', 'kõrge', 'kõrge', 'kõrge', 'kõrge', 'kõrge', 'kõrge', 'kõrge', 'kõrge', 'kõrge', 'kõrge', 'kõrge', 'kõrge', 'kõrge', 'kõrge', 'kõrge', 'kõrge', 'kõrge', 'kõrge', 'kõrge', 'kõrge', 'kõrge', 'kõrge', 'kõrge', 'kõrge', 'kõrge', 'kõrge', 'kõrge', 'kõrge', 'kõrge', 'kõrge', 'kõrge', 'kõrge', 'kõrge', 'kõrge', 'kõrge', 'kõrge', 'kõrge', 'kõrge', 'kõrge', 'kõrge', 'kõrge', 'kõrge', 'kõrge', 'kõrge', 'kõrge', 'kõrge', 'kõrge', 'kõrge', 'kõrge', 'kõrge', 'kõrge', 'kõrge', 'kõrge', 'kõrge', 'kõrge', 'kõrge', 'kõrge', 'kõrge', 'kõrge', 'kõrge', 'kõrge', 'kõrge', 'kõrge', 'kõrge', 'kõrge', 'kõrge', 'kõrge', 'kõrge', 'kõrge', 'kõrge', 'kõrge', 'kõrge', 'kõrge', 'kõrge', 'kõrge', 'kõrge', 'kõrge', 'kõrge', 'kõrge', 'kõrge', 'kõrge', 'kõrge', 'kõrge', 'kõrge', 'kõrge', 'kõrge', 'kõrge', 'kõrge', 'kõrge', 'kõrge', 'kõrge', 'kõrge', 'kõrge', 'kõrge', 'kõrge', 'kõrge', 'kõrge', 'kõrge', 'kõrge', 'kõrge', 'kõrge', 'kõrge', 'kõrge', 'kõrge', 'kõrge', 'kõrge', 'kõrge', 'kõrge', 'kõrge', 'kõrge', 'kõrge', 'kõrge', 'kõrge', 'kõrge', 'kõrge', 'kõrge', 'kõrge', 'kõrge', 'kõrge', 'kõrge', 'kõrge', 'kõrge', 'kõrge', 'kõrge', 'kõrge', 'kõrge', 'kõrge', 'kõrge', 'kõrge', 'kõrge', 'kõrge', 'kõrge', 'kõrge', 'kõrge', 'kõrge', 'kõrge', 'kõrge', 'kõrge', 'kõrge', 'kõrge', 'kõrge', 'kõrge', 'kõrge', 'kõrge', 'kõrge', 'kõrge', 'kõrge', 'kõrge', 'kõrge', 'kõrge', 'kõrge', 'kõrge', 'kõrge', 'kõrge', 'kõrge', 'kõrge', 'kõrge', 'kõrge', 'kõrge', 'kõrge', 'kõrge', 'kõrge', 'kõrge', 'kõrge', 'kõrge', 'kõrge', 'kõrge', 'kõrge', 'kõrge', 'kõrge', 'kõrge', 'kõrge', 'kõrge', 'kõrge', 'kõrge', 'kõrge', 'kõrge', 'kõrge', 'kõrge', 'kõrge', 'kõrge', 'kõrge', 'kõrge', 'kõrge', 'kõrge', 'kõrge', 'kõrge', 'kõrge', 'kõrge', 'kõrge', 'kõrge', 'kõrge', 'kõrge', 'kõrge', 'kõrge', 'kõrge', 'kõrge', 'kõrge', 'kõrge', 'kõrge', 'kõrge', 'kõrge', 'kõrge', 'kõrge', 'kõrge', 'kõrge', 'kõrge', 'kõrge', 'kõrge', 'kõrge', 'kõrge', 'kõrge', 'kõrge', 'kõrge', 'kõrge', 'kõrge', 'kõrge', 'kõrge', 'kõrge', 'kõrge', 'kõrge', 'kõrge', 'kõrge', 'kõrge', 'kõrge', 'kõrge', 'kõrge', 'kõrge', 'kõrge', 'kõrge', 'kõrge', 'kõrge', 'kõrge', 'kõrge', 'kõrge', 'kõrge', 'kõrge', 'kõrge', 'kõrge', 'kõrge', 'kõrge', 'kõrge', 'kõrge', 'kõrge', 'kõrge', 'kõrge', 'kõrge', 'kõrge', 'kõrge', 'kõrge', 'kõrge', 'kõrge', 'kõrge', 'kõrge', 'kõrge', 'kõrge', 'kõrge', 'kõrge', 'kõrge', 'kõrge', 'kõrge', 'kõrge', 'kõrge', 'kõrge', 'kõrge', 'kõrge', 'kõrge', 'kõrge', 'kõrge', 'kõrge', 'kõrge', 'kõrge', 'kõrge', 'kõrge', 'kõrge', 'kõrge', 'kõrge', 'kõrge', 'kõrge', 'kõrge', 'kõrge', 'kõrge', 'kõrge', 'kõrge', 'kõrge', 'kõrge', 'kõrge', 'kõrge', 'kõrge', 'kõrge', 'kõrge', 'kõrge', 'kõrge', 'kõrge', 'kõrge', 'kõrge', 'kõrge', 'kõrge', 'kõrge', 'kõrge', 'kõrge', 'kõrge', 'kõrge', 'kõrge', 'kõrge', 'kõrge', 'kõrge', ' (1)",Kadri (182); kadri (57); Katri (15); kadrikene (7); kadr (2); kõtu (1); Kadrike (1); kadrit (1)
Catherine / Kadri / Katri,Võrumaa,South Estonia/Seto,207,29,12,19,Kadri (78); kadrik (47); kadrina (44); Katri (20); kadri (6); kadrile (2); Kadril (2); Kati (2),Kadri (66); kadrike (47); kadrina (44); katri (13); kadri (12); Katri (6); kadrile (2); kadrel (2)
Catherine / Kadri / Katri,Harjumaa,Estonia core/west,129,23,9,9,Kadri (61); kadri (45); kadrike (9); kadr (5); Kadril (2); Kaie (2); Kai (2); kadril (2),Kadri (61); kadri (45); kadrikene (9); kadr (5); Kadril (2); Kaie (2); Kai (2); kadril (2)
Catherine / Kadri / Katri,Virumaa,Estonia core/west,123,43,9,14,Kadri (79); Katri (16); kadri (7); Kadrina (7); kadr (5); kadrike (5); Kaie (2); Katariina (1),Kadri (68); Katri (16); kadri (12); Kadrina (7); kadr (5); kadrikene (3); kadrid (3); kadrikesed (2)
Catherine / Kadri / Katri,Läänemaa,Estonia core/west,115,29,7,8,Kadri (90); kadri (18); kadripäev (3); Kati (1); kadrike (1); Katariina (1); Kai (1),Kadri (85); kadri (21); Katri (4); Kadrid (1); Kati (1); kadrikene (1); Katariina (1); Kaie (1)
Catherine / Kadri / Katri,Keski-Inkeri,Ingria,112,43,10,16,Katri (50); Kati (24); Kaisa (23); Katariina (5); Katriina (4); Katrina (2); Katrin (1); Katti (1),Katri (43); Kati (25); Kaisa (22); Katrina (7); Katti (2); Katriina (2); katteeriina (2); katrin (1)
Catherine / Kadri / Katri,Tartumaa,Estonia core/west,108,40,12,13,Kadri (60); kadrina (25); kadri (8); Triinu (4); Kadrike (3); kadrike (2); Katariina (1); Katri (1),Kadri (43); kadrina (25); kadri (14); Katri (11); Triinu (4); Kadrikene (3); katreke (2); Katariina (1)
Catherine / Kadri / Katri,Järvamaa,Estonia core/west,106,26,8,11,Kadri (87); kadri (10); Kadrina (2); Kadrile (2); Kadrike (2); kadrike (1); Kadril (1); Katariina (1),Kadri (80); kadri (12); kadrile (3); Kadrina (2); Kadrile (2); Kadrikene (2); kadrik (1); Kadrid (1)
Catherine / Kadri / Katri,Länsi-Inkeri,Ingria,105,53,8,18,Kati (39); Kaisa (30); Katri (23); Katariina (6); Katriina (3); Kadrina (2); katri (1); Katri & -kka (diminutive) & -ine (comitative) (1),Kati (35); Kaisa (23); Katri (21); Kaisu (4); Katrina (4); Katriina (3); Kadrina (2); Kaiso (2)
Catherine / Kadri / Katri,Itä- ja Pohjois-Inkeri,Ingria,54,22,8,8,Kati (24); Katri (17); Katariina (6); Kaisa (3); katrinainen (1); Katrina (1); Katriina (1); Kaisu (1),Kati (23); Katri (16); Katrina (7); Kaisa (3); katin (2); katrinainen (1); Katariina (1); Kaisu (1)
Catherine / Kadri / Katri,Pohjois-Karjala,Finland/Savo-Karelia,43,26,5,5,Kaisa (32); Katri (5); Katriina (3); Katariina (2); kaisa (1),Kaisa (32); Katri (5); Katriina (3); Katariina (2); kaisa (1)
Catherine / Kadri / Katri,Etelä-Karjala,Finland/Savo-Karelia,40,19,3,5,Katri (26); Kaisa (13); Katriina (1),Katri (24); Kaisa (12); Katri-n (2); Katriina (1); Kaisa-lla (1)
Catherine / Kadri / Katri,Laatokan Karjala (Raja-Karjala),East Karelia/Veps/Tver,40,28,6,13,Katri (17); Kaisa (15); Katariina (4); Kadrina (2); katri (1); kati (1),Katri (15); Kaisa (11); Kadri (2); kaisa (2); Kadrina (2); katri (1); kateriina (1); Kaisan (1)
Catherine / Kadri / Katri,Saaremaa,Estonia core/west,39,13,3,3,Kadri (24); Katri (12); kadri (3),Kadri (24); katri (12); kadri (3)
Catherine / Kadri / Katri,Etelä-Savo,Finland/Savo-Karelia,38,34,6,11,Kaisa (28); Katri (4); Katriina (2); Katariina (2); kaisa (1); Karina (1),Kaisa (24); Katri (4); kaisa (2); Katriina (1); Kaesa (1); Kaisu (1); kaesa (1); Kaarina (1)
Catherine / Kadri / Katri,Setumaa,South Estonia/Seto,32,9,6,6,Kadri (17); kadri (8); Kati (2); Katariina (2); Katri (1),kadri (15); Kadri (10); kati (2); kadriko (2); kaie (2); Katri (1)
Catherine / Kadri / Katri,Pohjois-Pohjanmaa,Finland/Savo-Karelia,23,5,2,2,kaisa (20); Kaisa (3),kaisa (20); Kaisa (3)
Catherine / Kadri / Katri,,Other/unclear,23,9,3,3,Kadri (18); Kaisa (3); Kati (2),Kadri (18); Kaisa (3); Kati (2)
Catherine / Kadri / Katri,Häme,Finland/Savo-Karelia,17,17,4,4,Kaisa (13); Katariina (2); kaisa (1); Kaari (1),Kaisa (13); Katariina (2); kaisaa (1); kaari (1)
Catherine / Kadri / Katri,Varsinais-Suomi,Finland/Savo-Karelia,16,16,5,8,Kaisa (9); kati (3); Kati (2); Kateriina (1); kaisa (1),Kaisa (6); kati (4); Kateriina (1); caisa (1); kaisa (1); kaiss (1); Kais (1); Kati (1)
Catherine / Kadri / Katri,Peräpohjola,Finland/Savo-Karelia,13,12,5,6,Kaisa (8); Katriina (2); Kati (1); Katja (1); kati (1),Kaisa (5); kaisa (2); Kaija (2); kati (2); Kati (1); Kaisaa (1)
Catherine / Kadri / Katri,Satakunta,Finland/Savo-Karelia,11,9,3,3,Kaisa (9); Katri (1); Kaija (1),Kaisa (9); Katri (1); Kaija (1)
Catherine / Kadri / Katri,Pohjois-Savo,Finland/Savo-Karelia,10,7,4,5,Kaisa (7); Kaisan (1); Katariina (1); Katri (1),Kaisa (6); Kaisan (1); Kaesa (1); Katariina (1); Katri (1)
Catherine / Kadri / Katri,Kainuu,Finland/Savo-Karelia,10,4,5,4,Kaisa (3); Katri (2); kaisa (2); Kaisa+pa (2); Katariina (1),Katri (3); Kaisa (3); kaisa (2); Kaisa+pa (2)
Catherine / Kadri / Katri,välismaa,Other/unclear,10,5,2,2,Kadri (9); kadrina (1),Kadri (9); kadrina (1)
Catherine / Kadri / Katri,Etelä-Pohjanmaa,Finland/Savo-Karelia,9,9,1,1,Kaisa (9),Kaisa (9)
Catherine / Kadri / Katri,Uusimaa,Finland/Savo-Karelia,6,5,2,2,Kaisa (5); kaisa (1),Kaisa (5); kaisa (1)
Catherine / Kadri / Katri,Keski-Suomi,Finland/Savo-Karelia,4,4,3,3,Kaisa (2); Katriina (1); Katri (1),Kaisa (2); Katriina (1); Katri (1)
Catherine / Kadri / Katri,Viena,East Karelia/Veps/Tver,4,2,2,2,Kaisa (3); Katri (1),Kaisa (3); Katrikka (1)
Catherine / Kadri / Katri,Aunus,East Karelia/Veps/Tver,3,2,2,3,Katri (2); Katariina (1),Katjerina (1); katji (1); Kateri (1)
Catherine / Kadri / Katri,Tveri,East Karelia/Veps/Tver,3,2,2,2,Katti (2); Katja (1),Katti (2); Kat'i (1)
Catherine / Kadri / Katri,Vepsäläisalueet,East Karelia/Veps/Tver,2,2,2,2,kadri (1); Kateriina (1),kadri (1); Katerina (1)
Catherine / Kadri / Katri,Metsäsuomalaisten alue,Finland/Savo-Karelia,1,1,1,1,Kati (1),Kati (1)
Catherine / Kadri / Katri,Valgamaa,South Estonia/Seto,1,1,1,1,Katri (1),Katri (1)
Anna / Anne / Ann / Anni,Viljandimaa,Estonia core/west,350,168,17,30,Anne (190); Ann (88); anne (48); Anna (4); Annike (4); Anu (3); ann (2); Annel (2),Anne (165); Ann (82); anne (42); Annekene (12); ann (7); anni (4); Anna (4); annekene (4)
Anna / Anne / Ann / Anni,Virumaa,Estonia core/west,249,157,14,31,Anne (106); Ann (60); anne (59); Anna (5); Annel (4); Anni (4); Anu (4); Änni (1),Anne (98); anne (49); Ann (47); Annekene (6); anned (6); Annel (5); Anni (4); Anna (4)
Anna / Anne / Ann / Anni,Tartumaa,Estonia core/west,210,128,12,31,Anne (107); Ann (43); anne (43); Anu (6); anum (2); anne (name) (2); anu (2); Annuke (1),Anne (97); Ann (39); anne (26); anu (6); anni (5); annekene (4); annõ (3); Annõ (3)
Anna / Anne / Ann / Anni,Pärnumaa,Estonia core/west,191,103,12,18,Anne (112); anne (39); Ann (26); Annekene (3); Annat (2); Änni (2); andis (2); Anne (name) (1),Anne (103); anne (27); Ann (25); anneke (7); Annekene (6); anni (5); ann (3); annekene (2)
Anna / Anne / Ann / Anni,Läänemaa,Estonia core/west,134,69,10,13,Ann (76); Anne (30); anne (15); Änni (4); Anu (3); Anna (1); Anne & -ke (1); änn (1),Ann (71); Anne (30); anne (15); Anu (4); Änni (4); annekene (2); Anne+kene (2); ande (1)
Anna / Anne / Ann / Anni,Harjumaa,Estonia core/west,123,82,15,19,Anne (41); anne (37); Ann (21); Anna (8); Anni (5); Annake (2); Anna/and (1); ann (1),Anne (38); anne (28); Ann (22); Anna (7); and (5); Anni (5); annekene (3); anned (2)
Anna / Anne / Ann / Anni,Järvamaa,Estonia core/west,121,62,9,15,Anne (54); Ann (30); anne (25); Anu (4); ann (3); Anna (2); anni (1); Anni (1),Anne (52); Ann (28); anne (20); and (4); Anu (4); anni (2); Anna (2); ann (2)
Anna / Anne / Ann / Anni,Saaremaa,Estonia core/west,94,42,8,11,Ann (41); Anne (23); anne (20); Anu (3); ann (2); änn (2); ant+ud (2),Ann (41); Anne (23); anne (17); Anu (3); ann (2); änn (2); annet+ie (2); and (1)
Anna / Anne / Ann / Anni,Laatokan Karjala (Raja-Karjala),East Karelia/Veps/Tver,81,44,8,13,Anni (65); Annin (4); Anu (3); Annikki (3); Annukainen (2); Anna (2); Ann (1); Annila (1),Anni (62); Annin (4); Anu (2); Annukainen (2); anni (2); Annikki (2); Annit (1); Annille (1)
Anna / Anne / Ann / Anni,Võrumaa,South Estonia/Seto,81,55,11,20,Ann (24); Anne (23); anne (20); Anni (4); anu (3); ann (2); Annuke (1); anneken (1),Anne (15); Ann (14); anne (8); and (6); anni (6); Annõ (5); Anni (4); ane (3)
Anna / Anne / Ann / Anni,Keski-Inkeri,Ingria,72,35,5,7,Anni (66); Anno (2); Anu (2); Ann (1); Anna (1),Anni (65); Anu (2); Annin (1); Annojais (1); Annoin (1); Annoi (1); anni (1)
Anna / Anne / Ann / Anni,Etelä-Karjala,Finland/Savo-Karelia,68,38,4,7,Anni (65); Annin (1); Annille (1); Anna (1),Anni (61); Annin (2); tanni (1); Annilta (1); Anilta (1); Annill (1); Anna (1)
Anna / Anne / Ann / Anni,Länsi-Inkeri,Ingria,65,38,9,9,Anni (52); Anu (5); anni (2); Ann (1); Annin (1); Annikki (1); anu (dialectal) (1); anu (1),Anni (49); Anu (5); anni (3); Annin (2); anu (2); Anninee (1); annilleen (1); Annikki (1)
Anna / Anne / Ann / Anni,Aunus,East Karelia/Veps/Tver,62,27,6,11,Anni (34); anni (16); Annolle (7); anta- (2); Anna (2); Anu (1),Anni (26); anni (19); annoi (7); antaa (2); Annjo (2); annil (1); Annil (1); Annii (1)
Anna / Anne / Ann / Anni,Setumaa,South Estonia/Seto,42,29,6,15,anne (18); Ann (15); Anne (4); andis (2); andeid (2); andja (1),Ann (14); anni (9); Anne (3); anne (3); andit (2); anmast (2); Annõkõn (1); andist (1)
Anna / Anne / Ann / Anni,Pohjois-Karjala,Finland/Savo-Karelia,42,27,5,8,Anni (32); Anna (5); Annikki (3); Annin (1); anne (1),Anni (28); Anna (5); Annikki (3); Annille (2); Anni-ani (1); Anni-ni (1); Anna+n (1); anne (1)
Anna / Anne / Ann / Anni,Itä- ja Pohjois-Inkeri,Ingria,41,22,4,5,Anni (38); Ann (1); Anna (1); Annille (1),Anni (37); Annin (1); annillie (1); annillee (1); Annille (1)
Anna / Anne / Ann / Anni,Viena,East Karelia/Veps/Tver,38,16,2,4,Anni (36); Annan (2),Anni (33); anni (2); Anna+n (2); annisesta (1)
Anna / Anne / Ann / Anni,Häme,Finland/Savo-Karelia,34,32,6,12,Anni (22); Anna (7); Annika (2); anni (1); Annikki (1); Annikainen (1),Anni (17); Anna (6); Annikainen (2); anike (1); anni(n) (1); Annikki (1); Annu (1); anikka (1)
Anna / Anne / Ann / Anni,,Other/unclear,30,11,4,5,Ann (13); Anne (13); Anni (3); anne (1),Ann (13); Anne (10); Annekene (3); Anni (3); anne (1)
Anna / Anne / Ann / Anni,Etelä-Savo,Finland/Savo-Karelia,22,19,5,7,Anni (12); Anna (6); anni (2); anne (1); Annille (1),Anni (11); Anna (6); Annin (1); annii (1); anni (1); anne (1); Anni-lle (1)
Anna / Anne / Ann / Anni,Kainuu,Finland/Savo-Karelia,21,12,4,3,Anni (16); Anna (3); anta (1); Anna (name) (1),Anni (16); Anna (4); antaa (1)
Anna / Anne / Ann / Anni,Peräpohjola,Finland/Savo-Karelia,20,17,3,4,Anni (17); Anna (2); Annastiina (1),Anni (17); Anna (1); Annastiina (1); Anma (1)
Anna / Anne / Ann / Anni,välismaa,Other/unclear,14,12,5,5,anne (5); Anne (5); Ann (2); Anneke (1); Anu (1),anne (5); Anne (5); Ann (2); annekene (1); Anu (1)
Anna / Anne / Ann / Anni,Varsinais-Suomi,Finland/Savo-Karelia,12,12,2,5,Anni (10); Anna (2),Anni (8); Annin (1); Anna (1); Ani-ke (1); anni (1)
Anna / Anne / Ann / Anni,Etelä-Pohjanmaa,Finland/Savo-Karelia,12,12,4,7,Anna (6); Anni (4); Ännä (proper noun) (1); Annikki (1),Anna (4); Anni (3); anni (1); Ännä (1); Annin (1); Annikka (1); Annamu (1)
Anna / Anne / Ann / Anni,Satakunta,Finland/Savo-Karelia,10,10,2,4,Anni (9); Anna (1),Anni (6); Anikka (2); Annin (1); Anna (1)
Anna / Anne / Ann / Anni,Pohjois-Savo,Finland/Savo-Karelia,9,9,3,3,Anni (6); Anna (2); Anni-kin (1),Anni (6); Anna (2); Anni-kin (1)
Anna / Anne / Ann / Anni,Pohjois-Pohjanmaa,Finland/Savo-Karelia,6,6,3,3,Anna (4); Annukka (1); Annikki (1),Anna (4); Annukka (1); Annikki (1)
Anna / Anne / Ann / Anni,Uusimaa,Finland/Savo-Karelia,4,4,2,2,Anni (3); Anna (1),Anni (3); Anna (1)
Anna / Anne / Ann / Anni,Keski-Suomi,Finland/Savo-Karelia,3,3,1,1,Anni (3),Anni (3)
Anna / Anne / Ann / Anni,Tveri,East Karelia/Veps/Tver,2,2,1,1,Anni (2),Anni (2)
Väinämöinen,Laatokan Karjala (Raja-Karjala),East Karelia/Veps/Tver,360,153,11,52,Väinämöinen (327); Väinö (7); (as above) (7); väinä & möö (6); Väinämöisen (5); väinämöinen (3); V. (1); Väinämöisellä (1),Väinämöinen (224); väinämöine (13); väinämöinen (12); väinämöne (10); Väinämöine (8); Väinämö (7); Väinö (5); Väinämöise+n (5)
Väinämöinen,Pohjois-Karjala,Finland/Savo-Karelia,296,135,1,8,Väinämöinen (296),Väinämöinen (279); väinämöinen (5); Väinämöinen+sen (5); Väinämöine (3); Väin (1); Väinämö (1); veinämöineen (1); Väinämöinen (gen. Väinämöisen) (1)
Väinämöinen,Viena,East Karelia/Veps/Tver,133,54,4,17,Väinämöinen (125); Väinämöisen (3); Wäinämöinen (3); Väinö (2),Väinämöinen (49); väinämöini (26); Väinämöini (21); väinämöinen (9); väinämöisen (6); väinämöisellä (3); väinämöistä (3); Wäinämöinen (3)
Väinämöinen,Aunus,East Karelia/Veps/Tver,82,32,3,9,Väinämöinen (80); Väinämöisen (1); väinämöinen (1),Väinämöinen (43); väinämöine (13); Väinämöine (8); Väinämöini (7); Väinämöisen (4); väinämöinen (4); väinämöinji (1); väinämöise (1)
Väinämöinen,Etelä-Savo,Finland/Savo-Karelia,64,41,2,13,Väinämöinen (63); Vainämöinen (1),Väinämöinen (35); Wäinämöinen (16); vänämöinen (3); Wäinämöise- (1); Väilämöene (1); Väinämöisen (1); Väin (1); Väimälöinen (1)
Väinämöinen,Pohjois-Savo,Finland/Savo-Karelia,53,33,1,8,Väinämöinen (53),Väinämöinen (43); Väinämöinen+n (2); Väinämöisen (2); Väinämöise+n (2); viänämöisen (1); Väenämöinen (1); Väinämöise-n (1); väinämöinen (1)
Väinämöinen,Kainuu,Finland/Savo-Karelia,48,29,3,9,Väinämöinen (46); väinämöinen (1),Väinämöinen (38); Väinämöisen (2); väinäm (2); väinämöin (1); väenämö (1); väinämöistä (1); v (1); vn (1)
Väinämöinen,Keski-Inkeri,Ingria,35,13,1,7,Väinämöinen (35),Väinämöin (16); Väinämöinen (10); väinämöine (5); Äyrämöinen (1); Väinämoinen (1); väinämöinen (1); väinämöin (1)
Väinämöinen,Länsi-Inkeri,Ingria,30,14,2,9,Väinämöinen (29); Väinämöinen (via metathesis) (1),Väinämöinen (11); Väinämöin (4); Väinimöinen (4); väinöväin (3); Väinämöi (3); Väinämöine (2); Väinimöiseltä (1); Väzmärö (1)
Väinämöinen,Itä- ja Pohjois-Inkeri,Ingria,25,21,2,5,Väinämöinen (24); Proper noun (1),Väinämöinen (16); Väinämöine (5); väinämöine (2); väimenöin (1); kaihdeinöinen (1)
Väinämöinen,Pohjois-Pohjanmaa,Finland/Savo-Karelia,19,10,1,4,Väinämöinen (19),Väinämöinen (16); Väinämöise (1); Wäinämöinen (1); väinämöinen (1)
Väinämöinen,Keski-Suomi,Finland/Savo-Karelia,18,12,1,3,Väinämöinen (18),Väinämöinen (13); Väinämöönen (3); väinämöinen (2)
Väinämöinen,,Other/unclear,15,7,1,1,Väinämöinen (15),Väinämöinen (15)
Väinämöinen,Metsäsuomalaisten alue,Finland/Savo-Karelia,9,8,1,3,Väinämöinen (9),Väinämöinen (7); Väinämöin (1); Väinämöi (1)
Väinämöinen,Etelä-Karjala,Finland/Savo-Karelia,9,9,1,4,Väinämöinen (9),Väinämöinen (5); väinämöinen (2); Väinämöine (1); Wäinämöinen (1)
Väinämöinen,Peräpohjola,Finland/Savo-Karelia,8,7,1,2,Väinämöinen (8),Väinämöinen (7); Wainämöinen (1)
Väinämöinen,Häme,Finland/Savo-Karelia,8,4,1,2,Väinämöinen (8),Väinämöinen (7); väinämöinen (1)
Väinämöinen,Satakunta,Finland/Savo-Karelia,6,3,1,4,Väinämöinen (6),Väinämöinen (2); väinämöinen (2); väinämöltä (1); Väinämöisen (1)
Väinämöinen,Etelä-Pohjanmaa,Finland/Savo-Karelia,4,4,1,1,Väinämöinen (4),Väinämöinen (4)
Väinämöinen,välismaa,Other/unclear,2,2,2,2,väinämöinen (1); Väinämöinen (1),väinämöinen (1); vänämöinen (1)
Väinämöinen,Harjumaa,Estonia core/west,1,1,1,1,Väinämöinen (1),vänämöinen (1)
Ilmarinen,Pohjois-Karjala,Finland/Savo-Karelia,101,45,4,9,Ilmarinen (98); (prop.name) (1); Ilmari (1); Ilmar (1),Ilmarinen (82); Ilmovoinen (7); Ilimarinen (5); Ilmorinen (2); Ilmarise-n (1); ilmarisen (1); Ilmari (1); ilmarinen (1)
Ilmarinen,Laatokan Karjala (Raja-Karjala),East Karelia/Veps/Tver,65,28,3,15,Ilmarinen (61); (as above) (3); Ilmari (1),Ilmarinen (31); Ilmollinen (6); ilmolline (4); Ilmollini (4); ilmarini (3); Ilmorinen (3); Ilmarine (2); Ilmarisen (2)
Ilmarinen,Aunus,East Karelia/Veps/Tver,22,8,1,6,Ilmarinen (22),Ilmarinen (7); Ilmoninen (5); ilmollinen (4); ilmolline (4); Ilmari (1); Iivana (1)
Ilmarinen,Pohjois-Savo,Finland/Savo-Karelia,19,13,2,4,Ilmarinen (16); Ilmari (3),Ilmarinen (11); Ilmari (4); (proper name) (3); Ilimarinen (1)
Ilmarinen,Kainuu,Finland/Savo-Karelia,18,7,2,6,Ilmarinen (17); Ilmari (1),Ilmarinen (13); Ilmärinen (1); Ilmakinen (1); Ilmahinen (1); Ilmari (1); Ilmarise-n (1)
Ilmarinen,Etelä-Savo,Finland/Savo-Karelia,13,12,1,3,Ilmarinen (13),Ilmarinen (11); Ilemarinen (1); Ilmarine (1)
Ilmarinen,Itä- ja Pohjois-Inkeri,Ingria,13,9,1,4,Ilmarinen (13),Ilmarinta (5); Ilmarin (5); Ilmarinen (2); Ilmarine (1)
Ilmarinen,Keski-Inkeri,Ingria,12,11,1,5,Ilmarinen (12),Ilmarinen (5); Ilmaro (2); Ilmaroi (2); ilmaro (2); Ilmarinta (1)
Ilmarinen,Länsi-Inkeri,Ingria,10,7,1,4,Ilmarinen (10),Ilmarinen (4); Ismaroinen (3); Ilmaroinen (2); Ilmaroi (1)
Ilmarinen,,Other/unclear,6,6,1,2,Ilmarinen (6),Ilmarinen (5); Silmarinen (1)
Ilmarinen,Satakunta,Finland/Savo-Karelia,5,1,1,3,Ilmarinen (5),ilmarisen (2); ilmarinen (2); ilmarille (1)
Ilmarinen,Viena,East Karelia/Veps/Tver,4,4,1,4,Ilmarinen (4),Ilmarini (1); ilmollini (1); Ilmari (1); Ilmorini (1)
Ilmarinen,Metsäsuomalaisten alue,Finland/Savo-Karelia,3,3,1,3,Ilmarinen (3),Ilmarainen (1); Ilmaroi (1); Ilmari (1)
Ilmarinen,Pohjois-Pohjanmaa,Finland/Savo-Karelia,3,2,1,1,Ilmarinen (3),Ilmarinen (3)
Ilmarinen,Häme,Finland/Savo-Karelia,2,1,1,1,Ilmarinen (2),Ilmarinen (2)
Ilmarinen,Keski-Suomi,Finland/Savo-Karelia,1,1,1,1,Ilmarinen (1),Ilmarinen (1)
Ilmarinen,Peräpohjola,Finland/Savo-Karelia,1,1,1,1,Ilmarinen (1),Ilmarinen (1)
Ilmarinen,Etelä-Karjala,Finland/Savo-Karelia,1,1,1,1,Ilmarinen (1),Ilmarinen (1)
Lemminkäinen,Aunus,East Karelia/Veps/Tver,82,17,5,11,Lemminkäinen (73); Lemminkäistä (4); lemminkäistä (2); Lemminkäisen (2); lemminkäinen (1),Lemminkäinen (61); lemminkäistä (5); lemminkäinen (4); lemminkäisen (3); Lemminkäin (2); lemmiŋgäistä (2); Lemminkäini (1); lemmingöini (1)
Lemminkäinen,Laatokan Karjala (Raja-Karjala),East Karelia/Veps/Tver,78,24,4,18,Lemminkäinen (66); Lemmingäinen (5); Lemminkäistä (4); lempi & -inen (3),Lemminkäinen (44); lemminkäin (5); Lemminkäin+tä (4); Lemmingäinen (4); lemminkäine (2); lemminkäisen (2); Lemminkäin (2); lemmingäinj (2)
Lemminkäinen,Viena,East Karelia/Veps/Tver,36,10,1,10,Lemminkäinen (36),Lemminkäinen (18); lemminkäin+ni (7); lemminkäin+en (3); lemminkäinen (2); lemminkäin+sta (1); lemminkäin+stä (1); lemminkäin+sen (1); Lemminkäini (1)
Lemminkäinen,Pohjois-Karjala,Finland/Savo-Karelia,29,13,1,4,Lemminkäinen (29),Lemminkäinen (26); lemminkäistä (1); L (1); emminkäinen (1)
Lemminkäinen,Keski-Suomi,Finland/Savo-Karelia,18,1,1,1,Lemminkäinen (18),Lemminkäinen (18)
Lemminkäinen,Varsinais-Suomi,Finland/Savo-Karelia,17,12,3,7,Lemminkäinen (13); Lämminkäinen (2); lemminkäinen (2),Lemminkäinen (4); lemminkäine (3); lemminkäinen (3); lämminkäinen (2); Lemminkäine (2); Lämminkäinen (2); Lenninkäinen (1)
Lemminkäinen,Harjumaa,Estonia core/west,4,1,1,2,Lemminkäinen (4),Lemmingi (3); Lemming (1)
Lemminkäinen,Pohjois-Savo,Finland/Savo-Karelia,4,2,2,2,lemminkäinen (3); Lemminkäinen (1),lemmingäinen (3); Lemmes (1)
Lemminkäinen,Itä- ja Pohjois-Inkeri,Ingria,1,1,1,1,Lemminkäinen (1),Lemminkäinen (1)
