unified_name,broad_region,mentions,poems,counties,top_counties,top_standard_forms,top_local_forms,top_word_forms
Mary / Maria / Maarja / Mari,Estonia core/west,2321,1384,8,Viljandimaa (474); Virumaa (456); Pärnumaa (374); Tartumaa (355); Harjumaa (294); Läänemaa (172),Mari (893); mari (852); Maarja (352); Maria (94); Maaria (23); Maari (22); marjuke (8); Marike (8); Marija (8); marjake (5),Mari (789); mari (680); Maarja (222); marja (110); Maria (85); Maari (73); maarja (32); Maie (32); Maaria (24); maari (22),Mari (682); marja (431); Maarja (264); marjad (136); Maria (76); marju (62); mari (61); Maari (52); Marit (37); Marid (35)
Mary / Maria / Maarja / Mari,South Estonia/Seto,543,288,3,Setumaa (293); Võrumaa (246); Valgamaa (4),mari (236); Maarja (133); Mari (109); Maria (14); marjakene (9); marjake (8); marja (5); Maarjale (5); marjuke (4); marjale (2),mari (122); Mari (65); Maarja (56); marja (43); maarja (30); mara (23); marakõnõ (18); marä (13); maräkõnõ (8); maarinna (8),marja (107); Mari (96); Maarja (84); mari (45); marjakene (40); Maarjat (23); Maarjale (18); marju (11); marjale (10); marjake (9)
Mary / Maria / Maarja / Mari,Finland/Savo-Karelia,1031,817,15,Pohjois-Karjala (159); Häme (152); Etelä-Savo (110); Varsinais-Suomi (90); Satakunta (75); Pohjois-Pohjanmaa (74),Maria (352); Maija (324); Maaria (183); Mari (69); maija (43); maaria (12); Maarja (7); Marja (5); Marian (5); Maarian (3),Maija (292); Maaria (226); Maria (194); Mari (67); maija (63); maria (16); maaria (15); Maarja (13); Marja (10); Maarija (6),Maija (227); Maria (171); Maaria (148); Mari (52); Marian (47); Maijaa (39); Maarian (32); Maijan (31); Maariaan (28); Maariasta (21)
Mary / Maria / Maarja / Mari,Ingria,709,332,3,Länsi-Inkeri (455); Keski-Inkeri (164); Itä- ja Pohjois-Inkeri (90),Maija (246); Maaria (132); Mari (118); Maria (114); maija (40); Marja (10); Marja/Mari (6); Marian (4); Maarja (4); Marjatta (3),Maaria (127); Maija (114); Mari (104); maija (51); Maie (48); Maria (39); Maije (35); Maariainen (13); maijoi (13); maaria (10),Maija (102); Maaria (97); Mari (93); Maie (42); Maria (41); Marian (31); Maarian (25); Maijan (22); maijaa (16); Maije (15)
Mary / Maria / Maarja / Mari,East Karelia/Veps/Tver,372,291,5,Laatokan Karjala (Raja-Karjala) (248); Viena (64); Aunus (57); Vepsäläisalueet (2); Tveri (1),Maria (196); Maaria (99); Mari (29); maija (15); Maija (12); Marian (6); Mariatta (3); maarian (2); Marjatta (1); Maria/muori (1),Maaria (104); Maria (59); Moaria (26); Mari (25); Muaria (12); maria (9); Moarie (8); maijon (8); muarie (8); maija (7),Maaria (110); Maria (91); Marian (38); Mari (17); Marin (9); Maarian (8); maijan (8); Moarie (7); maijon (7); Muaria (4)
Mary / Maria / Maarja / Mari,Other/unclear,87,59,2, (58); välismaa (29),Mari (38); mari (35); Maarja (6); Maaria (4); Maria (2); marra (1); marj (1),Mari (32); mari (26); marja (11); Maarja (5); Maaria (4); Marja (2); marran (1); marä (1); Maret (1); maarja (1),Mari (30); marja (17); Maarja (6); marju (5); marjad (5); mari (4); Marit (4); Maaria (4); marra (1); marjule (1)
Jesus / Christ,Estonia core/west,296,159,8,Virumaa (61); Tartumaa (56); Viljandimaa (49); Pärnumaa (44); Harjumaa (38); Järvamaa (28),Jeesus (235); Kristus (40); Jesus (7); Jeesukene (4); Jeesusesse (2); Jeesuse (2); Iesus (1); Jeesu_kene (1); Eesus (1); jeesus (1),Jeesus (183); Kristus (28); jeesus (10); Jesus (8); kristus (7); Jeesu (6); Eesus (6); Jeesukene (6); Jeessu (4); Iesukene (4),Jeesus (157); Kristus (34); Jeesuse (28); Jeesukene (20); Jeesusele (8); Jeesust (7); Jeesu (6); Jeesusel (6); Kristuse (6); Jesus (4)
Jesus / Christ,South Estonia/Seto,168,37,2,Võrumaa (103); Setumaa (65),Jeesus (157); Kristus (7); Jeesuse (2); Jesus (1); Jeesu (1),Jeesus (62); jeesus (15); Jeesu (15); jeesu (13); eesus (12); jessu (11); eesust (6); Kristus (5); Jessu (5); jeesuken (4),Jeesus (123); Jeesuse (13); Jeesukene (10); Jeesust (7); Kristus (6); Jeesusele (4); Jeesu (3); Jesus (1); Kristuse (1)
Jesus / Christ,Finland/Savo-Karelia,906,667,16,Pohjois-Karjala (226); Häme (158); Etelä-Savo (96); Pohjois-Savo (72); Etelä-Karjala (61); Satakunta (54),Jeesus (665); Jesus (139); Kristus (84); Jeesuksen (11); kristillinen (2); kristitty (1); jesus (1); Ristus (1); Jeesus+en (1),Jeesus (385); Jesus (187); Jiesus (61); Kristus (56); Iesus (29); Jessus (19); Kiesus (19); Ristus (15); Jiessus (13); Jeesu (11),Jeesus (368); Jeesuksen (202); Jesus (127); Kristus (42); Jesuksen (39); Kristuksen (21); Jeesu (14); Jeesukselta (10); Ristus (9); Jeesukselle (8)
Jesus / Christ,Ingria,374,204,3,Länsi-Inkeri (130); Keski-Inkeri (126); Itä- ja Pohjois-Inkeri (118),Jeesus (291); Jesus (53); Kristus (24); Jeesuksen (3); Isus (1); Hristos (1); Jeesu (1),Jeesus (161); Jesus (62); Iesus (27); Kristus (16); Kiesus (14); Iessus (13); Jiesus (8); iesus (7); Jessus (6); Jiessus (6),Jeesus (190); Jeesuksen (70); Jesus (47); Kristus (14); Jesuksen (10); Kristuksen (7); Jeesu (6); Iesus (5); Jessus (3); Iesuksen (3)
Jesus / Christ,East Karelia/Veps/Tver,462,216,4,Laatokan Karjala (Raja-Karjala) (389); Aunus (41); Viena (29); Vepsäläisalueet (3),Jeesus (340); Jesus (64); Kristus (45); hristos (3); Kristian (2); Jeesuksen (2); Hristos (Russian) (1); Kristos (1); Kristus (loanword) (1); Kristo (1),Jeesus (166); Jiesus (81); Jesus (67); Kristus (27); jiesus (21); Jiesuksen (10); jiesuksen (8); Kristos (7); Kiesus (6); Jeussei (6),Jeesus (176); Jeesuksen (121); Jesus (48); Kristus (20); Jeesukselle (13); Jesuksen (11); Kristuksen (11); Jesusta (9); Kristos (7); Jeesukselta (5)
Jesus / Christ,Other/unclear,29,23,2, (24); välismaa (5),Jeesus (24); Kristus (5),Jeesus (11); Jiesus (5); Kristus (4); Jeesu (4); jeesus (1); kristus (1); jeesus + -kene (1); jesuxen (1); Jesus (1),Jeesus (10); Kristus (5); Jeesuksen (5); Jeesu (4); jeesukene (1); Jeesuke (1); Jesuksen (1); Jeesukselta (1); Jeesusele (1)
John / Jaan / Jussi / Hans,Estonia core/west,1721,787,8,Viljandimaa (402); Pärnumaa (242); Järvamaa (227); Läänemaa (194); Tartumaa (185); Harjumaa (181),Jaan (775); Hans (414); Ants (219); jaan (142); Juhan (73); Juss (12); jään (9); Jussi (8); hans (8); jaanike (7),Jaan (590); Hans (365); Ants (211); jaan (72); Juhan (70); jaanike (63); Jaanike (37); Jaanikene (33); jaanikene (30); Jaanik (25),Jaan (269); Jaani (260); Hans (237); Ants (140); Hansu (100); jaanike (82); Juhan (55); Antsu (53); Jaanike (44); Jaanikene (37)
John / Jaan / Jussi / Hans,South Estonia/Seto,98,51,3,Võrumaa (74); Setumaa (17); Valgamaa (7),Jaan (58); Ants (15); Juhan (10); Hans (5); Johannes (2); jaan (1); jaanil (1); Jaanikene (1); jaanike (1); Jaanile (1),Jaan (42); Ants (15); Jaani (7); Juhan (6); Hans (5); jaan (5); jaani (4); jaanil (3); juhan (2); jaanikene (2),Jaan (38); Jaani (14); Ants (11); Juhan (7); Jaanile (4); Jaanil (3); Hans (2); Hansu (2); Jaanikene (2); jaanikene (2)
John / Jaan / Jussi / Hans,Finland/Savo-Karelia,630,523,15,Häme (117); Varsinais-Suomi (95); Pohjois-Savo (65); Pohjois-Karjala (64); Satakunta (56); Etelä-Savo (49),Jussi (563); Juhani (15); Johannes (14); Iivana (6); Juhana (4); juhannes (4); Juha (4); Juhannes (2); Hans (2); jänis (2),Jussi (546); Juhani (10); Johannes (9); jussi (6); Iivana (5); Juhannes (4); Juakko (4); Juhana (4); juhannes (4); Junn(i) (3),Jussi (475); Jussin (64); Johannes (9); Iivana (5); Juhani (5); Jussia (4); Jussista (4); Juhana (4); Jussiin (3); Juhanista (3)
John / Jaan / Jussi / Hans,Ingria,57,34,3,Keski-Inkeri (23); Itä- ja Pohjois-Inkeri (20); Länsi-Inkeri (14),Jussi (20); Iivana (15); Juhana (8); Hannus (6); Hannu (3); Juhani (2); Jussi+si (1); Johannes (1); (proper) (1),Jussi (19); Iivana (12); Juhana (6); Hannus (6); Iivaana (3); Hannoi (3); Jaani (1); Jusso (1); Juss (1); J:lan (1),Iivana (16); Jussi (15); Juhana (5); Jussin (5); Hannus (4); Hannoi (3); Juhanan (2); Hannuksen (2); Jaani (1); Jusso (1)
John / Jaan / Jussi / Hans,East Karelia/Veps/Tver,36,22,3,Laatokan Karjala (Raja-Karjala) (18); Viena (15); Aunus (3),Jussi (26); Iivana (5); Jukka (2); jää+n (1); Juhana (1); Johannes (1),Jussi (26); Iivana (5); Juakko (2); jää+n (1); Juhana (1); Johannes (1),Jussi (24); Iivana (3); Iivanan (2); Jukka (2); jään (1); Juhana (1); Jussilla (1); Jussin (1); Johannes (1)
John / Jaan / Jussi / Hans,Other/unclear,82,44,2, (62); välismaa (20),Jaan (35); Hans (33); Ants (5); jaan (2); Juhan (2); jussi (1); Juss (1); Hannus (1); Jussi (1); Juku (1),Hans (30); Jaan (20); jani (10); Ants (5); Jaani (3); Jussi (2); hans (2); Juhan (2); jussi (1); jaan (1),Jaan (25); Hans (24); Jaani (6); Ants (5); Hansu (3); Jussi (2); jaanikene (2); Hansult (2); Hansuke (2); Juhan (2)
Peter / Pietari / Peeter,Estonia core/west,441,263,8,Viljandimaa (107); Tartumaa (68); Virumaa (68); Pärnumaa (56); Harjumaa (45); Järvamaa (43),Peeter (401); Peetrus (27); peeter (5); Peterburi (2); Piiter (1); piiter (1); Pieter (1); pekk (1); peedil (1); Pietari (1),Peeter (308); Peetrus (25); Piiter (18); peeter (13); Pieter (12); Piitre (6); peter (5); Peet (5); peetri (3); Peetrikene (3),Peeter (225); Peetri (82); Peetrus (25); Peetrile (10); Piiter (8); Peetrit (7); Peetril (6); Peetrikene (5); Peedi (5); Peetrilt (4)
Peter / Pietari / Peeter,South Estonia/Seto,70,27,3,Võrumaa (55); Setumaa (11); Valgamaa (4),Peeter (54); Petra (7); Piiter (5); Peetrus (2); *Petteri (1); Peetriga (1),Piitre (14); Peeter (13); Piiter (9); Petra (7); piitri (3); peeter (2); Piitrekene (2); piiterit (2); peeterille (2); peetrikene (2),Peeter (16); Piitre (13); Petra (7); Peetri (6); Piiter (5); Peetrit (5); Piitrekene (3); Piitrit (2); Peetrile (2); Peeterkene (2)
Peter / Pietari / Peeter,Finland/Savo-Karelia,811,662,15,Pohjois-Karjala (203); Pohjois-Savo (107); Etelä-Savo (106); Etelä-Karjala (77); Varsinais-Suomi (60); Häme (55),Pietari (441); Pekka (324); Petteri (26); pekka (7); Perttu (3); Pietarin (2); Petter (2); Pekka/pekko (1); petteri (1); Perttuli (1),Pietari (337); Pekka (308); Pietar (20); Petter (17); pietari (16); Piatari (14); Petteri (13); pekka (11); pietar (5); Pekko (5),Pekka (280); Pietari (222); Pietarin (84); Pietarista (21); Pekan (21); Petteri (18); Pietariin (18); Pietar (18); Pietarille (16); Petter (10)
Peter / Pietari / Peeter,Ingria,190,149,3,Länsi-Inkeri (87); Keski-Inkeri (52); Itä- ja Pohjois-Inkeri (51),Pietari (131); Petteri (38); Pekka (9); Pietarin (5); Petro (2); Pietarista (2); Petterille (1); Petri (1),Pietari (77); Petteri (34); Petro (12); Pedro (6); Pekka (6); petterissä (3); Peio (3); Pietarissa (2); Pedru (2); petterii (2),Pietari (35); Pietarin (24); Pietariin (22); Pietarissa (16); Pietarista (12); Petteriin (12); Petterin (9); Petteristä (8); Petro (8); Petterissä (4)
Peter / Pietari / Peeter,East Karelia/Veps/Tver,256,131,5,Laatokan Karjala (Raja-Karjala) (174); Aunus (45); Viena (20); Vepsäläisalueet (10); Tveri (7),Pietari (182); Pekka (29); Petri (28); Petteri (12); Pedri (2); pekka (1); Petrus (1); Pietarista (1),Pietari (94); Petri (28); Pekka (25); Pedri (24); Petteri (9); Piiteri (6); Pietar (6); Petra (6); piedari (6); Petru (5),Pietari (63); Pietarin (43); Petri (25); Pekka (24); Pietarille (16); Pedri (13); Petteri (11); Pietarissa (6); Pietariin (6); Petra (5)
Peter / Pietari / Peeter,Other/unclear,27,22,2, (19); välismaa (8),Peeter (15); Pietari (4); Pekka (4); Peet (1); peeter (1); Petteri (1),Peeter (7); Pekka (5); Pieter (3); Pietari (3); Pietrus (1); Piitre (1); Pert (1); Peet (1); peetrikene (1); Piedari (1),Peeter (9); Peetrus (2); Peetri (2); Pekka (2); Pekalla (2); Piitre (1); Pert (1); Peedi (1); Peetrikene (1); Pietarist (1)
Martin / Mart / Märt,Estonia core/west,3257,446,8,Viljandimaa (1007); Pärnumaa (844); Tartumaa (605); Läänemaa (258); Virumaa (258); Harjumaa (131),Märt (794); Mart (529); mart (447); märt (438); mard (378); Mard (192); Märti (138); marti (82); märti (63); märd (57),Mart (517); Märti (499); mart (434); Märt (328); marti (321); märti (309); mard (284); märt (121); Mard (109); Mardi (67),Märti (652); Mart (344); marti (336); märti (326); Mardi (292); mardi (246); mart (200); mardid (184); märdi (135); Märt (113)
Martin / Mart / Märt,South Estonia/Seto,128,26,2,Võrumaa (117); Setumaa (11),Märt (100); märt (13); pääsuke (4); märti (4); Mard (3); Mardisant (1); Mardu (1); märts (1); märdi (1),märti (42); Märt (35); Märti (21); märt (13); pääsuke (4); Mard (3); Märdi (3); märdi (2); Märdike (1); Mardisand (1),Märti (64); märdi (15); Märt (9); Märdi (8); Mardi (7); märti (6); Märdil (4); pääsuke (4); mardi (2); Märdikesi (1)
Martin / Mart / Märt,Finland/Savo-Karelia,43,39,11,Etelä-Karjala (10); Pohjois-Savo (8); Kainuu (5); Pohjois-Pohjanmaa (5); Keski-Suomi (4); Etelä-Savo (3),Martti (39); Martin (3); räpäsky (1),Martti (26); Martin (10); martti (3); Martti-n (2); rääpyskä (1); Mart (1),Martin (24); Martti (14); Martinin (4); Rääpyskä (1)
Martin / Mart / Märt,Ingria,13,10,3,Länsi-Inkeri (6); Itä- ja Pohjois-Inkeri (4); Keski-Inkeri (3),Martti (13),Martti (8); Mart (2); Martin (2); Marti (1),Martti (5); Martin (4); Mart (2); Martinin (1); martin (1)
Martin / Mart / Märt,East Karelia/Veps/Tver,2,2,1,Viena (2),Martin (1); Martti (1),Martin (1); Martti-n (1),Martin (2)
Martin / Mart / Märt,Other/unclear,60,13,2, (35); välismaa (25),märti (14); Mart (12); mard (11); Märt (9); mart (5); mardi (3); märt (2); marti (2); mardikesed (1); mardu (1),märti (14); Mart (11); mard (11); Märt (9); mart (5); mardi (3); märt (2); marti (2); mardikesed (1); marsi (1),märti (14); Mart (11); mard (7); mardi (5); Mardi (5); Märt (5); mardid (4); marti (2); Märti (2); mardil (2)
Catherine / Kadri / Katri,Estonia core/west,1332,277,8,Viljandimaa (444); Pärnumaa (268); Harjumaa (129); Virumaa (123); Läänemaa (115); Tartumaa (108),Kadri (771); Katri (200); kadri (150); katri (84); kadrike (28); kadrina (25); kadr (12); Kadrina (10); Triinu (8); Kadril (7),Kadri (704); Katri (202); kadri (182); katri (96); kadrina (25); kadrikene (22); kadr (12); Kadrina (10); Kaie (9); Triinu (8),Kadri (595); Katri (200); katri (96); kadri (91); Kadril (64); kadrid (55); Kadrid (41); kadril (31); kadrina (25); Kadrile (24)
Catherine / Kadri / Katri,South Estonia/Seto,240,38,3,Võrumaa (207); Setumaa (32); Valgamaa (1),Kadri (95); kadrik (47); kadrina (44); Katri (22); kadri (14); Kati (4); kadrile (2); Kadril (2); Katre (2); katri (2),Kadri (76); kadrike (47); kadrina (44); kadri (27); katri (13); Katri (8); kadrile (2); kati (2); kadriko (2); kadrel (2),Kadri (78); Kadrike (47); kadrina (44); katri (13); Kadril (11); kadri (8); Katri (6); Katre (4); Kadrel (3); Kati (3)
Catherine / Kadri / Katri,Finland/Savo-Karelia,241,167,14,Pohjois-Karjala (43); Etelä-Karjala (40); Etelä-Savo (38); Pohjois-Pohjanmaa (23); Häme (17); Varsinais-Suomi (16),Kaisa (141); Katri (40); kaisa (27); Katriina (9); Katariina (8); kati (4); Kati (4); Kaisa+pa (2); Kaisan (1); Kaari (1),Kaisa (129); Katri (39); kaisa (29); Katariina (6); kati (6); Katriina (6); Kaija (3); Kati (3); Katri-n (2); Kaesa (2),Kaisa (117); Katri (32); Kaisan (12); kaisa (12); Kaisaa (7); Katariina (7); Katrin (5); Katriina (5); kati (4); kaisaa (3)
Catherine / Kadri / Katri,Ingria,271,112,3,Keski-Inkeri (112); Länsi-Inkeri (105); Itä- ja Pohjois-Inkeri (54),Katri (90); Kati (87); Kaisa (56); Katariina (17); Katriina (8); Katrina (3); Kadrina (2); Katrin (1); katri (1); Katri & -kka (diminutive) & -ine (comitative) (1),Kati (83); Katri (80); Kaisa (48); Katrina (18); Katriina (5); Kaisu (5); Kadrina (2); kati (2); Katariina (2); Kaiso (2),Kati (72); Katri (67); Kaisa (25); Kaisan (22); Katrina (18); Katrin (12); Katriina (9); Katin (6); Katille (4); Kaisun (3)
Catherine / Kadri / Katri,East Karelia/Veps/Tver,52,36,5,Laatokan Karjala (Raja-Karjala) (40); Viena (4); Aunus (3); Tveri (3); Vepsäläisalueet (2),Katri (20); Kaisa (18); Katariina (5); Katti (2); Kadrina (2); katri (1); kadri (1); Kateriina (1); Katja (1); kati (1),Katri (15); Kaisa (14); Kadri (2); Katti (2); kaisa (2); Kadrina (2); katri (1); Katrikka (1); kadri (1); Katerina (1),Katri (16); Kaisa (5); Kaisan (5); Kaisaksi (3); Kadri (2); Katti (2); kaisoiksi (2); Kaisat (2); Kadrina (2); Katrin (2)
Catherine / Kadri / Katri,Other/unclear,33,14,2, (23); välismaa (10),Kadri (27); Kaisa (3); Kati (2); kadrina (1),Kadri (27); Kaisa (3); Kati (2); kadrina (1),Kadri (21); Kaisa (3); kadrid (2); kadrile (2); kadrina (1); Kadrid (1); Kadril (1); Kati (1); Katale (1)
Anna / Anne / Ann / Anni,Estonia core/west,1472,789,8,Viljandimaa (350); Virumaa (249); Tartumaa (210); Pärnumaa (191); Läänemaa (134); Harjumaa (123),Anne (663); Ann (385); anne (286); Anu (25); Anna (21); Anni (12); ann (9); Änni (7); Annel (6); Annike (5),Anne (606); Ann (355); anne (224); Annekene (28); Anu (21); annekene (18); Anna (18); ann (17); anni (16); Anni (12),Anne (557); Ann (321); andeid (54); Annekene (44); Annel (42); annid (40); Annele (28); anne (25); annet (22); Anned (22)
Anna / Anne / Ann / Anni,South Estonia/Seto,123,80,2,Võrumaa (81); Setumaa (42),Ann (39); anne (38); Anne (27); Anni (4); anu (3); andis (2); andeid (2); ann (2); andja (1); Annuke (1),Ann (28); Anne (18); anni (15); anne (11); and (6); Annõ (5); Anni (4); ane (3); ann (3); anu (3),Ann (36); Anne (19); ande (14); andeid (6); annet (4); Anni (4); andi (3); andis (2); ann (2); Annukene (2)
Anna / Anne / Ann / Anni,Finland/Savo-Karelia,263,201,13,Etelä-Karjala (68); Pohjois-Karjala (42); Häme (34); Etelä-Savo (22); Kainuu (21); Peräpohjola (20),Anni (199); Anna (40); Annikki (6); anni (3); Annin (2); Annille (2); anne (2); Annika (2); anta (1); Anni-kin (1),Anni (179); Anna (36); Annin (7); Annikki (5); anni (4); Anikka (2); Annille (2); anne (2); Annikainen (2); antaa (1),Anni (137); Annin (40); Anna (28); Annille (10); Annilta (4); Annikki (4); Annun (3); Annista (3); Anike (2); anike (2)
Anna / Anne / Ann / Anni,Ingria,178,89,3,Keski-Inkeri (72); Länsi-Inkeri (65); Itä- ja Pohjois-Inkeri (41),Anni (156); Anu (7); Ann (3); anni (2); Anno (2); Anna (2); Annin (1); Annikki (1); anu (dialectal) (1); anu (1),Anni (151); Anu (7); Annin (4); anni (4); anu (2); Anninee (1); annilleen (1); Annikki (1); Annojais (1); Annoin (1),Anni (120); Annin (24); Annilta (8); Anu (7); Annille (6); Annilleen (3); Annia (1); Annikkine (1); anuni (1); Annoja (1)
Anna / Anne / Ann / Anni,East Karelia/Veps/Tver,183,89,4,Laatokan Karjala (Raja-Karjala) (81); Aunus (62); Viena (38); Tveri (2),Anni (137); anni (16); Annolle (7); Anna (4); Annin (4); Anu (4); Annikki (3); anta- (2); Annan (2); Annukainen (2),Anni (123); anni (23); annoi (7); Annin (4); antaa (2); annil (2); Anu (2); Anna+n (2); Annjo (2); Annukainen (2),Anni (104); Annin (17); anni (16); Annolle (7); Annilla (6); Annille (5); Anniksi (5); Annini (3); antaa (2); Annista (2)
Anna / Anne / Ann / Anni,Other/unclear,44,23,2, (30); välismaa (14),Anne (18); Ann (15); anne (6); Anni (3); Anneke (1); Anu (1),Anne (15); Ann (15); anne (6); Annekene (3); Anni (3); annekene (1); Anu (1),Ann (15); Anne (12); andeid (3); Annekene (3); Anni (2); annet (1); Anneke (1); anne (1); Annega (1); Anuga (1)
Väinämöinen,Estonia core/west,1,1,1,Harjumaa (1),Väinämöinen (1),vänämöinen (1),Väinämöinen (1)
Väinämöinen,Finland/Savo-Karelia,542,292,12,Pohjois-Karjala (296); Etelä-Savo (64); Pohjois-Savo (53); Kainuu (48); Pohjois-Pohjanmaa (19); Keski-Suomi (18),Väinämöinen (539); väinämöinen (1); Vainämöinen (1),Väinämöinen (456); Wäinämöinen (18); väinämöinen (15); Väinämöisen (6); Väinämöinen+sen (5); Väinämöine (4); vänämöinen (3); Väinämöise+n (3); Väinämöönen (3); Väin (2),Väinämöinen (328); Väinämöisen (185); Väinämöistä (13); Väinämöisestä (3); Väinämöiselle (2); väinämöisen (2); Väinämöiseltä (1); Väinämön (1); V. (1); V.V.Väinäm (1)
Väinämöinen,Ingria,90,48,3,Keski-Inkeri (35); Länsi-Inkeri (30); Itä- ja Pohjois-Inkeri (25),Väinämöinen (88); Väinämöinen (via metathesis) (1); Proper noun (1),Väinämöinen (37); Väinämöin (20); Väinämöine (7); väinämöine (7); Väinimöinen (4); väinöväin (3); Väinämöi (3); Väinimöiseltä (1); Väzmärö (1); Väinämö (1),Väinämöinen (49); Väinämöisen (21); Väinämöin (14); Väinämöiselle (2); Väinämöiseltä (1); Väzmäröllä (1); Väinämörolle (1); kaihoista (1)
Väinämöinen,East Karelia/Veps/Tver,575,239,3,Laatokan Karjala (Raja-Karjala) (360); Viena (133); Aunus (82),Väinämöinen (532); Väinämöisen (9); Väinö (9); (as above) (7); väinä & möö (6); väinämöinen (4); Wäinämöinen (3); V. (1); Väinämöisellä (1); Väinämöistä (1),Väinämöinen (316); Väinämöini (31); väinämöini (28); väinämöine (26); väinämöinen (25); Väinämöine (17); väinämöisen (10); väinämöne (10); Väinö (7); Väinämö (7),Väinämöinen (339); Väinämöisen (140); Väinämöistä (16); Väinämöisistä (9); Väinämöisestä (9); Väinämöisellä (8); Väinö (7); Väinämösen (5); Väinämöini (4); Väinämöiselle (4)
Väinämöinen,Other/unclear,17,9,2, (15); välismaa (2),Väinämöinen (16); väinämöinen (1),Väinämöinen (15); väinämöinen (1); vänämöinen (1),Väinämöinen (13); Väinämöisen (3); väinämöinen (1)
Ilmarinen,Finland/Savo-Karelia,167,86,11,Pohjois-Karjala (101); Pohjois-Savo (19); Kainuu (18); Etelä-Savo (13); Satakunta (5); Metsäsuomalaisten alue (3),Ilmarinen (160); Ilmari (5); (prop.name) (1); Ilmar (1),Ilmarinen (125); Ilmari (7); Ilmovoinen (7); Ilimarinen (6); ilmarisen (3); ilmarinen (3); (proper name) (3); Ilmarise-n (2); Ilmorinen (2); ilmarille (1),Ilmarinen (117); Ilmarisen (16); Ilmarin (7); ilmarinen (7); Ilimarinen (5); Ilmovoinen (4); Ilmovolla (2); Ilmariselle (1); Ilmärinen (1); Ilmari (1)
Ilmarinen,Ingria,35,27,3,Itä- ja Pohjois-Inkeri (13); Keski-Inkeri (12); Länsi-Inkeri (10),Ilmarinen (35),Ilmarinen (11); Ilmarinta (6); Ilmarin (5); Ilmaroi (3); Ismaroinen (3); Ilmaroinen (2); Ilmaro (2); ilmaro (2); Ilmarine (1),Ilmarinen (10); Ilmarin (9); Ilmarinta (5); Ilmaroinen (2); Ismaroinen (2); Ilmaro (2); Ilmaroi (1); Ismaroin (1); Ilmaroin (1); Ilmaroiden (1)
Ilmarinen,East Karelia/Veps/Tver,91,40,3,Laatokan Karjala (Raja-Karjala) (65); Aunus (22); Viena (4),Ilmarinen (87); (as above) (3); Ilmari (1),Ilmarinen (38); ilmolline (8); Ilmollinen (6); Ilmoninen (5); Ilmari (4); ilmollinen (4); Ilmollini (4); ilmollini (3); ilmarini (3); Ilmorinen (3),Ilmarinen (58); Ilmarisen (9); Ilmollinen (5); Ilmarineni (4); Ilmollini (4); Ilmariseni (3); Ilmari (2); Ilmarini (1); Ilmarisesta (1); Ilmarine (1)
Ilmarinen,Other/unclear,6,6,1, (6),Ilmarinen (6),Ilmarinen (5); Silmarinen (1),Ilmarinen (6)
Lemminkäinen,Estonia core/west,4,1,1,Harjumaa (4),Lemminkäinen (4),Lemmingi (3); Lemming (1),Lemmingi (2); Lemmingiga (1); Lemming (1)
Lemminkäinen,Finland/Savo-Karelia,68,28,4,Pohjois-Karjala (29); Keski-Suomi (18); Varsinais-Suomi (17); Pohjois-Savo (4),Lemminkäinen (61); lemminkäinen (5); Lämminkäinen (2),Lemminkäinen (48); lemminkäine (3); lemminkäinen (3); lemmingäinen (3); lämminkäinen (2); Lemminkäine (2); Lämminkäinen (2); Lemmes (1); lemminkäistä (1); L (1),Lemminkäinen (41); Lemminkäistä (7); Lämminkäinen (4); Lemminkäine (4); Lemminkäisen (4); lemminkäinen (2); lemminkäine (1); lemmingäinen (1); lemminkäistä (1); Lemmeksen (1)
Lemminkäinen,Ingria,1,1,1,Itä- ja Pohjois-Inkeri (1),Lemminkäinen (1),Lemminkäinen (1),Lemminkäinen (1)
Lemminkäinen,East Karelia/Veps/Tver,196,51,3,Aunus (82); Laatokan Karjala (Raja-Karjala) (78); Viena (36),Lemminkäinen (175); Lemminkäistä (8); Lemmingäinen (5); lempi & -inen (3); lemminkäistä (2); Lemminkäisen (2); lemminkäinen (1),Lemminkäinen (123); lemminkäin+ni (7); lemminkäinen (6); lemminkäistä (6); lemminkäin (5); lemminkäisen (5); Lemminkäini (4); Lemminkäin+tä (4); Lemminkäin (4); Lemmingäinen (4),Lemminkäinen (82); Lemminkäisen (53); Lemminkäistä (36); Lemmingäistä (5); lemminkäistä (4); Lemmingäisen (4); Lemmingäine (3); Lemminkäini (2); Lemminkäisellä (1); Lemminköineni (1)
