person_cluster,variant,mentions,share_within_group,poems,counties,top_regions,top_counties,top_standard_lemmas,top_local_lemmas
Mary / Maria / Maarja / Mari,Mari,2418,0.47758246099150703,1412,25,Estonia core/west: 1774 (73.4%); South Estonia/Seto: 348 (14.4%); Ingria: 123 (5.1%); Other/unclear: 73 (3.0%); Finland/Savo-Karelia: 71 (2.9%); East Karelia/Veps/Tver: 29 (1.2%),Virumaa (372); Viljandimaa (339); Tartumaa (287); Harjumaa (249); Pärnumaa (229); Setumaa (177); Võrumaa (168); Läänemaa (140),Mari (1256); mari (1125); Marike (8); Marija (8); marikene (3); Marijale (3); marike (2); Marie (2); Marin (2); marita (2),Mari (1078); mari (835); marja (153); mara (31); Maie (28); marä (14); marakõnõ (13); Marike (12); Marikene (11); marju (10)
Mary / Maria / Maarja / Mari,Maria,805,0.15899664230693264,614,31,Finland/Savo-Karelia: 362 (45.0%); East Karelia/Veps/Tver: 209 (26.0%); Ingria: 119 (14.8%); Estonia core/west: 98 (12.2%); South Estonia/Seto: 15 (1.9%); Other/unclear: 2 (0.2%),Laatokan Karjala (Raja-Karjala) (148); Pohjois-Karjala (68); Etelä-Savo (62); Länsi-Inkeri (61); Pohjois-Savo (47); Häme (47); Viena (37); Keski-Inkeri (35),Maria (772); Marian (15); maria (5); Marialta (3); Mariatta (3); Marianen (2); Mariasta (1); Maria/muori (1); Maria (loan) (1); Maria+n (1),Maria (379); Maaria (120); maria (38); Moaria (29); Muaria (18); Maarja (15); maaria (13); Marian (9); muarie (9); maarian (9)
Mary / Maria / Maarja / Mari,Maija/Maie,698,0.1378629271183093,439,22,Finland/Savo-Karelia: 371 (53.2%); Ingria: 295 (42.3%); East Karelia/Veps/Tver: 28 (4.0%); Estonia core/west: 4 (0.6%),Länsi-Inkeri (238); Häme (63); Varsinais-Suomi (57); Satakunta (42); Keski-Inkeri (37); Peräpohjola (37); Etelä-Pohjanmaa (31); Etelä-Savo (26),Maija (582); maija (98); Maie (4); Maijan (3); maijan (3); Maijaa (2); (name) Maija (2); Maija (prop.) (1); maijaa (1); Maija (diminutive) (1),Maija (408); maija (117); Maie (51); Maije (35); maijon (13); maijoi (13); maijaa (5); maijen (4); maijas (4); maijan (3)
Mary / Maria / Maarja / Mari,Maarja,512,0.10112581473434723,286,16,Estonia core/west: 355 (69.3%); South Estonia/Seto: 139 (27.1%); Finland/Savo-Karelia: 7 (1.4%); Other/unclear: 6 (1.2%); Ingria: 5 (1.0%),Pärnumaa (108); Viljandimaa (99); Setumaa (81); Võrumaa (57); Tartumaa (48); Virumaa (44); Harjumaa (20); Läänemaa (18),Maarja (502); Maarjale (5); maarja (2); Maarjat (1); maarjas (1); Maarjatta (1),Maarja (290); maarja (64); Maari (44); maari (23); Maarija (15); maarinna (8); maarjat (7); marijat (5); Maaria (4); maarijat (3)
Mary / Maria / Maarja / Mari,Maaria,469,0.09263282638751728,342,25,Finland/Savo-Karelia: 203 (43.3%); Ingria: 137 (29.2%); East Karelia/Veps/Tver: 102 (21.7%); Estonia core/west: 23 (4.9%); Other/unclear: 4 (0.9%),Länsi-Inkeri (85); Laatokan Karjala (Raja-Karjala) (65); Pohjois-Karjala (57); Häme (38); Keski-Inkeri (33); Aunus (30); Kainuu (20); Itä- ja Pohjois-Inkeri (19),Maaria (441); maaria (13); maarian (3); Maarian (3); Maarija (2); maariainen (2); Maaria & -ine (2); Maariaan (1); Maariana (1); Maaria+n (1),Maaria (361); maaria (20); Maariainen (14); maariainen (8); Maarian (6); Maari (4); Maarii (4); Maariaine (3); maariani (2); Moarijja (2)
Mary / Maria / Maarja / Mari,Marja,82,0.0161959312660478,57,20,South Estonia/Seto: 31 (37.8%); Ingria: 22 (26.8%); Estonia core/west: 19 (23.2%); Finland/Savo-Karelia: 8 (9.8%); East Karelia/Veps/Tver: 2 (2.4%),Setumaa (17); Võrumaa (14); Keski-Inkeri (11); Länsi-Inkeri (10); Virumaa (6); Pärnumaa (4); Viljandimaa (3); Etelä-Pohjanmaa (3),Marja (17); marja (13); marjake (13); marjakene (11); Marja/Mari (6); marjad (5); Marjatta (4); marjale (3); marjane (2); marjana (2),marja (12); Marja (11); Marini (6); marakõnõ (4); marjakene (4); maräkõnõ (3); marjake (3); marjan (3); morolõ (2); marah (2)
Mary / Maria / Maarja / Mari,Other Mary-family,52,0.01027059055895714,35,21,Estonia core/west: 26 (50.0%); South Estonia/Seto: 10 (19.2%); Finland/Savo-Karelia: 7 (13.5%); Ingria: 5 (9.6%); East Karelia/Veps/Tver: 2 (3.8%); Other/unclear: 2 (3.8%),Viljandimaa (8); Võrumaa (7); Tartumaa (4); Länsi-Inkeri (4); Läänemaa (3); Virumaa (3); Setumaa (3); Saaremaa (3),marjuke (12); marj (3); marjukene (2); Mai (2); Maali (2); maru (dialect) (2); (proper noun) (2); marra (1); marjul (1); marakene (1),marju+ke (8); mari (6); marjuke (5); maija (4); Maija (3); Maie (2); marj (2); Mari (2); Maari (2); marukas (2)
Mary / Maria / Maarja / Mari,Maari,27,0.005332806636381592,11,7,Estonia core/west: 22 (81.5%); Ingria: 3 (11.1%); Finland/Savo-Karelia: 2 (7.4%),Pärnumaa (17); Länsi-Inkeri (3); Läänemaa (2); Viljandimaa (2); Etelä-Savo (1); Pohjois-Karjala (1); Virumaa (1),Maari (27),Maari (24); maareni (3)
Jesus / Christ,Jeesus,1748,0.7821029082774049,1056,33,Finland/Savo-Karelia: 677 (38.7%); East Karelia/Veps/Tver: 343 (19.6%); Ingria: 296 (16.9%); Estonia core/west: 248 (14.2%); South Estonia/Seto: 160 (9.2%); Other/unclear: 24 (1.4%),Laatokan Karjala (Raja-Karjala) (292); Pohjois-Karjala (171); Keski-Inkeri (109); Häme (104); Itä- ja Pohjois-Inkeri (96); Võrumaa (96); Länsi-Inkeri (91); Etelä-Savo (73),Jeesus (1712); Jeesuksen (16); Jeesukene (4); Jeesuse (4); Jeesusesse (2); Jeesu (2); Iesus (1); Jeesu_kene (1); Eesus (1); jeesus (1),Jeesus (967); Jiesus (155); Jesus (71); Iesus (58); jeesus (40); Kiesus (39); Jeesu (38); jiesus (29); Jessus (25); Iessus (21)
Jesus / Christ,Jesus,265,0.1185682326621924,159,22,Finland/Savo-Karelia: 140 (52.8%); East Karelia/Veps/Tver: 64 (24.2%); Ingria: 53 (20.0%); Estonia core/west: 7 (2.6%); South Estonia/Seto: 1 (0.4%),Laatokan Karjala (Raja-Karjala) (61); Häme (39); Pohjois-Karjala (37); Länsi-Inkeri (23); Itä- ja Pohjois-Inkeri (20); Etelä-Savo (16); Satakunta (12); Keski-Inkeri (10),Jesus (264); jesus (1),Jesus (255); jesus (6); Jeesus (1); Jesus-en (1); Jesuksen (1); Jesus+ta (1)
Jesus / Christ,Christ/Kristus,221,0.09888143176733781,169,28,Finland/Savo-Karelia: 88 (39.8%); East Karelia/Veps/Tver: 55 (24.9%); Estonia core/west: 41 (18.6%); Ingria: 25 (11.3%); South Estonia/Seto: 7 (3.2%); Other/unclear: 5 (2.3%),Laatokan Karjala (Raja-Karjala) (36); Pohjois-Karjala (18); Tartumaa (16); Länsi-Inkeri (16); Aunus (15); Häme (15); Varsinais-Suomi (12); Etelä-Pohjanmaa (11),Kristus (205); hristos (3); kristillinen (2); Kristian (2); Kriste (1); Hristos (1); Hristos (Russian) (1); Kristos (1); Kristus (loanword) (1); kristitty (1),Kristus (136); Ristus (18); kristus (10); Kristos (7); ristus (5); Krist (3); hristos (3); krist (2); Kriste (2); Hristos (2)
Jesus / Christ,Other Jesus-family,1,0.00044742729306487697,1,1,Finland/Savo-Karelia: 1 (100.0%),Kainuu (1),,Jesus (1)
John / Jaan / Jussi / Hans,Jaan,1056,0.4024390243902439,474,15,Estonia core/west: 951 (90.1%); South Estonia/Seto: 65 (6.2%); Other/unclear: 37 (3.5%); Finland/Savo-Karelia: 2 (0.2%); East Karelia/Veps/Tver: 1 (0.1%),Viljandimaa (221); Järvamaa (145); Pärnumaa (139); Läänemaa (129); Tartumaa (97); Harjumaa (76); Saaremaa (72); Virumaa (72),Jaan (868); jaan (145); jään (10); jaanike (8); jaanikene (7); Joan (5); Jaanila (2); Jaanike (2); jaanil (1); Jaanikene (1),Jaan (652); jaan (78); jaanike (63); Jaanike (37); jaanikene (33); Jaanikene (33); Jaani (26); Jaanik (25); jaani (23); jaen (11)
John / Jaan / Jussi / Hans,Jussi/Juss,638,0.24314024390243902,524,26,Finland/Savo-Karelia: 565 (88.6%); East Karelia/Veps/Tver: 26 (4.1%); Estonia core/west: 22 (3.4%); Ingria: 21 (3.3%); Other/unclear: 3 (0.5%); South Estonia/Seto: 1 (0.2%),Häme (114); Varsinais-Suomi (85); Pohjois-Savo (56); Satakunta (52); Pohjois-Karjala (48); Etelä-Savo (46); Etelä-Karjala (45); Etelä-Pohjanmaa (38),Jussi (618); Juss (14); jussi (2); Juss (modern Estonian equivalent) (1); Jussin (1); Jussi+si (1); Jussi (name) (1),Jussi (606); jussi (8); Juss (3); Jassi (3); Jussis (2); Jussi+n (2); Jutas (2); Jutsi (1); Jüssi (1); Jusso (1)
John / Jaan / Jussi / Hans,Hans,474,0.18064024390243902,237,12,Estonia core/west: 427 (90.1%); Other/unclear: 34 (7.2%); Ingria: 6 (1.3%); South Estonia/Seto: 5 (1.1%); Finland/Savo-Karelia: 2 (0.4%),Viljandimaa (110); Pärnumaa (72); Harjumaa (56); Järvamaa (48); Tartumaa (44); Virumaa (38); Saaremaa (30); Läänemaa (29),Hans (454); hans (8); Hannus (7); Hansuke (2); Hansu (2); Hansu+le (1),Hans (400); hans (19); Hants (14); Hansu (9); Hannus (7); Hantsu (4); Hanssu (4); Hanso (3); hants (3); hansu (3)
John / Jaan / Jussi / Hans,Ants,239,0.09108231707317073,152,12,Estonia core/west: 219 (91.6%); South Estonia/Seto: 15 (6.3%); Other/unclear: 5 (2.1%),Viljandimaa (46); Virumaa (40); Harjumaa (34); Läänemaa (32); Tartumaa (21); Pärnumaa (19); Saaremaa (15); Järvamaa (12),Ants (239),Ants (230); ants (9)
John / Jaan / Jussi / Hans,Juhan,86,0.03277439024390244,64,10,Estonia core/west: 74 (86.0%); South Estonia/Seto: 10 (11.6%); Other/unclear: 2 (2.3%),Järvamaa (18); Viljandimaa (14); Tartumaa (13); Virumaa (10); Võrumaa (8); Harjumaa (6); Saaremaa (6); Pärnumaa (5),Juhan (85); juhan (1),Juhan (78); juhan (2); Juhanikõnõ (1); Ivvan (1); Juagu (1); Juhani (1); juan (1); Juhan+ike (1)
John / Jaan / Jussi / Hans,Juhani/Juhana/Juho,48,0.018292682926829267,32,17,Finland/Savo-Karelia: 31 (64.6%); Ingria: 10 (20.8%); Estonia core/west: 4 (8.3%); East Karelia/Veps/Tver: 3 (6.2%),Pohjois-Savo (7); Pohjois-Karjala (7); Keski-Inkeri (5); Varsinais-Suomi (4); Tartumaa (4); Laatokan Karjala (Raja-Karjala) (3); Länsi-Inkeri (3); Länsipohja (2),Juhani (17); Juhana (13); Juhanile (4); juhannes (4); Jukka (4); Juhannes (2); Juho (2); Juhannes (Juhani) (1); juhani (1),Juhana (10); Juhani (9); Juakko (6); Juhanile (4); juhannes (4); Junn(i) (3); juhani (2); Juho (2); Jaani (1); Juhannes (1)
John / Jaan / Jussi / Hans,Other John-family,34,0.012957317073170731,23,16,Estonia core/west: 19 (55.9%); Finland/Savo-Karelia: 10 (29.4%); Ingria: 4 (11.8%); Other/unclear: 1 (2.9%),Viljandimaa (4); Varsinais-Suomi (4); Järvamaa (4); Virumaa (3); Keski-Inkeri (3); Tartumaa (3); Pärnumaa (2); Uusimaa (2),Juku (4); Hants (4); Juha (4); Junnu (3); Annus (3); Hannu (3); Jaska (2); hants (2); jänis (2); Iivan (1),Juku (4); Hants (4); Junnu (3); Annus (3); Hannoi (3); Jaska (2); Juha (2); jussi (2); Juhani (2); Iivan (1)
John / Jaan / Jussi / Hans,Iivana,26,0.009908536585365854,15,9,Ingria: 15 (57.7%); Finland/Savo-Karelia: 6 (23.1%); East Karelia/Veps/Tver: 5 (19.2%),Länsi-Inkeri (11); Pohjois-Karjala (4); Keski-Inkeri (3); Aunus (2); Viena (2); Etelä-Savo (1); Itä- ja Pohjois-Inkeri (1); Laatokan Karjala (Raja-Karjala) (1),Iivana (26),Iivana (21); Iivaana (3); Ivaana (1); Iitam (1)
John / Jaan / Jussi / Hans,Johannes,23,0.008765243902439025,21,13,Finland/Savo-Karelia: 14 (60.9%); Estonia core/west: 5 (21.7%); South Estonia/Seto: 2 (8.7%); Ingria: 1 (4.3%); East Karelia/Veps/Tver: 1 (4.3%),Pohjois-Karjala (5); Harjumaa (3); Keski-Suomi (3); Viljandimaa (2); Võrumaa (2); Etelä-Pohjanmaa (1); Etelä-Savo (1); Häme (1),Johannes (22); Johannese (1),Johannes (11); Juhannes (3); Johanes (2); Jaani (2); johanese+kene (1); Juhanes (1); Johannekselta (1); Johannan (1); Juhana (1)
Peter / Pietari / Peeter,Pietari,779,0.43398328690807797,579,28,Finland/Savo-Karelia: 445 (57.1%); East Karelia/Veps/Tver: 183 (23.5%); Ingria: 138 (17.7%); South Estonia/Seto: 5 (0.6%); Estonia core/west: 4 (0.5%); Other/unclear: 4 (0.5%),Laatokan Karjala (Raja-Karjala) (140); Pohjois-Karjala (123); Länsi-Inkeri (55); Etelä-Savo (49); Etelä-Karjala (48); Häme (44); Itä- ja Pohjois-Inkeri (44); Varsinais-Suomi (44),Pietari (759); Pietarin (7); Piiter (6); Pietarista (3); piiter (1); Pieter (1); pietari (1); Pietari (hypothetical) (1),Pietari (511); Pietar (27); Pedri (21); pietari (19); Piatari (14); Piiteri (11); Petro (10); Petri (7); Piiter (6); Pedro (6)
Peter / Pietari / Peeter,Peeter,476,0.26518105849582174,274,12,Estonia core/west: 406 (85.3%); South Estonia/Seto: 54 (11.3%); Other/unclear: 16 (3.4%),Viljandimaa (100); Virumaa (67); Tartumaa (62); Pärnumaa (54); Järvamaa (41); Võrumaa (40); Harjumaa (35); Läänemaa (24),Peeter (470); peeter (6),Peeter (327); Piitre (21); Piiter (21); peeter (15); Pieter (14); peter (6); Peet (5); peetri (4); Pietrus (3); piitri (3)
Peter / Pietari / Peeter,Pekka,375,0.20891364902506965,332,20,Finland/Savo-Karelia: 332 (88.5%); East Karelia/Veps/Tver: 30 (8.0%); Ingria: 9 (2.4%); Other/unclear: 4 (1.1%),Pohjois-Karjala (77); Pohjois-Savo (72); Etelä-Savo (56); Etelä-Karjala (27); Kainuu (17); Laatokan Karjala (Raja-Karjala) (16); Pohjois-Pohjanmaa (16); Peräpohjola (14),Pekka (366); pekka (8); Pekka/pekko (1),Pekka (342); pekka (15); Pekko (7); Peio (3); Pietu (1); Peka (1); Pekka+n (1); Pekka (+ -lla) (1); Pekka-lla (1); Pekka-han (1)
Peter / Pietari / Peeter,Petteri/Petri,112,0.06239554317548746,80,17,Ingria: 40 (35.7%); East Karelia/Veps/Tver: 40 (35.7%); Finland/Savo-Karelia: 30 (26.8%); South Estonia/Seto: 1 (0.9%); Other/unclear: 1 (0.9%),Länsi-Inkeri (28); Laatokan Karjala (Raja-Karjala) (15); Aunus (14); Peräpohjola (14); Viena (11); Keski-Inkeri (11); Pohjois-Karjala (3); Satakunta (3),Petteri (77); Petri (30); Petter (2); *Petteri (1); petteri (1); Petterille (1),Petteri (52); Petri (23); Petter (14); Petra (5); petterissä (2); petter (2); petteri (2); Peeter (1); petters (1); Petri-n (1)
Peter / Pietari / Peeter,Peetrus,30,0.016713091922005572,15,7,Estonia core/west: 27 (90.0%); South Estonia/Seto: 2 (6.7%); East Karelia/Veps/Tver: 1 (3.3%),Harjumaa (8); Läänemaa (7); Viljandimaa (7); Tartumaa (4); Võrumaa (2); Laatokan Karjala (Raja-Karjala) (1); Pärnumaa (1),Peetrus (29); Petrus (1),Peetrus (26); Piitrus (3); Petrus (1)
Peter / Pietari / Peeter,Other Peter-family,23,0.012813370473537604,13,10,South Estonia/Seto: 8 (34.8%); Estonia core/west: 4 (17.4%); Finland/Savo-Karelia: 4 (17.4%); Ingria: 3 (13.0%); East Karelia/Veps/Tver: 2 (8.7%); Other/unclear: 2 (8.7%),Võrumaa (8); Häme (2); Laatokan Karjala (Raja-Karjala) (2); Peräpohjola (2); Tartumaa (2); Harjumaa (1); Itä- ja Pohjois-Inkeri (1),Petra (7); Perttu (3); Peterburi (2); Petro (2); Pedri (2); Peet (1); pekk (1); peedil (1); Peetriga (1); Perttuli (1),Petra (7); Pietari (2); Perttu (2); Pekka (2); Petro (2); Pedri (2); Peet (1); pekk (1); peedi+l (1); peeterita (1)
Martin / Mart / Märt,Märt,1429,0.4079360548101627,161,11,Estonia core/west: 1303 (91.2%); South Estonia/Seto: 115 (8.0%); Other/unclear: 11 (0.8%),Viljandimaa (664); Tartumaa (415); Pärnumaa (161); Võrumaa (105); Virumaa (39); Järvamaa (17); Setumaa (10),Märt (903); märt (453); märd (57); Märten (6); märdi (3); Märd (2); Märdile (2); Märt/mäger (1); Märteni (1); märts (1),Märti (389); Märt (369); märti (281); märt (135); marti (82); märdi (57); Mart (36); märd (30); Mardi (13); Märdi (12)
Martin / Mart / Märt,Mart/Martin,1093,0.3120182700542392,234,13,Estonia core/west: 1070 (97.9%); Other/unclear: 19 (1.7%); Finland/Savo-Karelia: 3 (0.3%); East Karelia/Veps/Tver: 1 (0.1%),Pärnumaa (347); Viljandimaa (191); Läänemaa (148); Virumaa (141); Harjumaa (101); Järvamaa (61); Tartumaa (61); Saaremaa (20),Mart (541); mart (452); marti (84); Marti (9); Martin (4); Mart (proper noun) (2); Marti (proper name) (1),Mart (475); mart (345); marti (156); Marti (52); mard (43); mardi (6); Mardi (5); Martin (4); mardid (3); mardikene (1)
Martin / Mart / Märt,Mard/Mardi,685,0.19554667427918926,135,11,Estonia core/west: 664 (96.9%); Other/unclear: 16 (2.3%); South Estonia/Seto: 5 (0.7%),Pärnumaa (254); Läänemaa (107); Tartumaa (105); Virumaa (78); Järvamaa (47); Viljandimaa (39); Harjumaa (29); välismaa (12),mard (389); Mard (195); Mardi (22); mardi (16); mardid (13); mardus (11); mardikas (8); Mardis (7); Mardus (5); Mardi (prop.name) (3),mard (252); Mard (110); mart (89); marti (85); Mardi (49); mardi (21); Mart (17); mardid (16); mardil (8); Mardis (7)
Martin / Mart / Märt,Märti,224,0.06394518983728233,11,5,Estonia core/west: 206 (92.0%); Other/unclear: 14 (6.2%); South Estonia/Seto: 4 (1.8%),Viljandimaa (113); Pärnumaa (82); Tartumaa (10); Võrumaa (4); Läänemaa (1),Märti (138); märti (81); Märtid (2); Märtile (2); Märti (proper noun) (1),Märti (131); märti (84); märdi (4); märdid (2); märdile (2); märdisandi (name) (1)
Martin / Mart / Märt,Martti,53,0.01512988866685698,46,14,Finland/Savo-Karelia: 39 (73.6%); Ingria: 13 (24.5%); East Karelia/Veps/Tver: 1 (1.9%),Etelä-Karjala (10); Pohjois-Savo (8); Länsi-Inkeri (6); Itä- ja Pohjois-Inkeri (4); Kainuu (4); Pohjois-Pohjanmaa (4); Etelä-Savo (3); Keski-Inkeri (3),Martti (53),Martti (34); Martin (9); Martti-n (3); Mart (3); martti (3); Marti (1)
Martin / Mart / Märt,Other Martin-family,19,0.005423922352269483,3,3,Estonia core/west: 14 (73.7%); South Estonia/Seto: 4 (21.1%); Finland/Savo-Karelia: 1 (5.3%),Tartumaa (14); Võrumaa (4); Uusimaa (1),karu (14); pääsuke (4); räpäsky (1),märd (14); pääsuke (4); rääpyskä (1)
Catherine / Kadri / Katri,Kadri,1243,0.5730751498386353,282,14,Estonia core/west: 1005 (80.9%); South Estonia/Seto: 205 (16.5%); Other/unclear: 28 (2.3%); East Karelia/Veps/Tver: 3 (0.2%); Ingria: 2 (0.2%),Pärnumaa (248); Viljandimaa (197); Võrumaa (180); Harjumaa (119); Läänemaa (112); Järvamaa (105); Tartumaa (99); Virumaa (98),Kadri (893); kadri (165); kadrina (70); kadrik (47); kadrike (29); Kadrina (14); Kadril (9); Kadrike (5); kadripäev (3); Kadrik (2),Kadri (806); kadri (210); kadrina (70); kadrike (47); kadrikene (23); Kadrina (14); Katri (14); kadrile (8); Kadrikene (8); Kadril (6)
Catherine / Kadri / Katri,Katri,462,0.21300138312586445,98,21,Estonia core/west: 284 (61.5%); Ingria: 93 (20.1%); Finland/Savo-Karelia: 40 (8.7%); South Estonia/Seto: 24 (5.2%); East Karelia/Veps/Tver: 21 (4.5%),Viljandimaa (240); Keski-Inkeri (51); Etelä-Karjala (26); Länsi-Inkeri (25); Võrumaa (22); Laatokan Karjala (Raja-Karjala) (18); Itä- ja Pohjois-Inkeri (17); Virumaa (16),Katri (372); katri (88); Katrin (1); Katri & -kka (diminutive) & -ine (comitative) (1),Katri (329); katri (111); Katri-n (3); katrikõn (2); Kadre (2); Kati (2); katrit (1); katrin (1); Katrikka (1); katji (1)
Catherine / Kadri / Katri,Kaisa,249,0.11479944674965421,149,19,Finland/Savo-Karelia: 171 (68.7%); Ingria: 56 (22.5%); East Karelia/Veps/Tver: 18 (7.2%); Other/unclear: 3 (1.2%); Estonia core/west: 1 (0.4%),Pohjois-Karjala (33); Länsi-Inkeri (30); Etelä-Savo (29); Keski-Inkeri (23); Pohjois-Pohjanmaa (23); Laatokan Karjala (Raja-Karjala) (15); Häme (14); Etelä-Karjala (13),Kaisa (219); kaisa (27); Kaisa+pa (2); Kaisan (1),Kaisa (194); kaisa (31); Kaisu (5); Kaisan (2); Kaesa (2); Kaisa+pa (2); Kaiso (2); kaiekene (1); kaisaa (1); Kaisaa (1)
Catherine / Kadri / Katri,Kati,104,0.0479483633010604,55,11,Ingria: 87 (83.7%); Finland/Savo-Karelia: 8 (7.7%); South Estonia/Seto: 4 (3.8%); Estonia core/west: 2 (1.9%); Other/unclear: 2 (1.9%); East Karelia/Veps/Tver: 1 (1.0%),Länsi-Inkeri (39); Itä- ja Pohjois-Inkeri (24); Keski-Inkeri (24); Varsinais-Suomi (5); Peräpohjola (2); Setumaa (2); Võrumaa (2),Kati (99); kati (5),Kati (89); kati (8); katin (2); Kaie (1); Kati-ni (1); Katrina (1); Kato (1); katehia (1)
Catherine / Kadri / Katri,Katariina/Katriina,58,0.026740433379437527,52,19,Ingria: 29 (50.0%); Finland/Savo-Karelia: 17 (29.3%); Estonia core/west: 5 (8.6%); East Karelia/Veps/Tver: 5 (8.6%); South Estonia/Seto: 2 (3.4%),Keski-Inkeri (11); Itä- ja Pohjois-Inkeri (9); Länsi-Inkeri (9); Pohjois-Karjala (5); Laatokan Karjala (Raja-Karjala) (4); Etelä-Savo (4); Peräpohjola (2); Häme (2),Katariina (37); Katriina (17); Katrina (3); katrinainen (1),Katrina (20); Katriina (11); Katariina (10); kaie (2); Kaija (2); Kadri (2); katteeriina (2); Kaie (1); Kata (1); Katjerina (1)
Catherine / Kadri / Katri,Other Catherine-family,53,0.024435223605348087,32,17,Estonia core/west: 35 (66.0%); South Estonia/Seto: 5 (9.4%); Finland/Savo-Karelia: 5 (9.4%); Ingria: 4 (7.5%); East Karelia/Veps/Tver: 4 (7.5%),Harjumaa (10); Virumaa (8); Tartumaa (6); Viljandimaa (5); Pärnumaa (5); Võrumaa (3); Tveri (3); Keski-Inkeri (3),"kadr (12); Triinu (8); Kaie (7); Kai (5); Katti (3); Katre (2); Kateriina (2); Katja (2); käti (1); Kadunud tekstist', 'kõrge', 'kõrge', 'kõrge', 'kõrge', 'kõrge', 'kõrge', 'kõrge', 'kõrge', 'kõrge', 'kõrge', 'kõrge', 'kõrge', 'kõrge', 'kõrge', 'kõrge', 'kõrge', 'kõrge', 'kõrge', 'kõrge', 'kõrge', 'kõrge', 'kõrge', 'kõrge', 'kõrge', 'kõrge', 'kõrge', 'kõrge', 'kõrge', 'kõrge', 'kõrge', 'kõrge', 'kõrge', 'kõrge', 'kõrge', 'kõrge', 'kõrge', 'kõrge', 'kõrge', 'kõrge', 'kõrge', 'kõrge', 'kõrge', 'kõrge', 'kõrge', 'kõrge', 'kõrge', 'kõrge', 'kõrge', 'kõrge', 'kõrge', 'kõrge', 'kõrge', 'kõrge', 'kõrge', 'kõrge', 'kõrge', 'kõrge', 'kõrge', 'kõrge', 'kõrge', 'kõrge', 'kõrge', 'kõrge', 'kõrge', 'kõrge', 'kõrge', 'kõrge', 'kõrge', 'kõrge', 'kõrge', 'kõrge', 'kõrge', 'kõrge', 'kõrge', 'kõrge', 'kõrge', 'kõrge', 'kõrge', 'kõrge', 'kõrge', 'kõrge', 'kõrge', 'kõrge', 'kõrge', 'kõrge', 'kõrge', 'kõrge', 'kõrge', 'kõrge', 'kõrge', 'kõrge', 'kõrge', 'kõrge', 'kõrge', 'kõrge', 'kõrge', 'kõrge', 'kõrge', 'kõrge', 'kõrge', 'kõrge', 'kõrge', 'kõrge', 'kõrge', 'kõrge', 'kõrge', 'kõrge', 'kõrge', 'kõrge', 'kõrge', 'kõrge', 'kõrge', 'kõrge', 'kõrge', 'kõrge', 'kõrge', 'kõrge', 'kõrge', 'kõrge', 'kõrge', 'kõrge', 'kõrge', 'kõrge', 'kõrge', 'kõrge', 'kõrge', 'kõrge', 'kõrge', 'kõrge', 'kõrge', 'kõrge', 'kõrge', 'kõrge', 'kõrge', 'kõrge', 'kõrge', 'kõrge', 'kõrge', 'kõrge', 'kõrge', 'kõrge', 'kõrge', 'kõrge', 'kõrge', 'kõrge', 'kõrge', 'kõrge', 'kõrge', 'kõrge', 'kõrge', 'kõrge', 'kõrge', 'kõrge', 'kõrge', 'kõrge', 'kõrge', 'kõrge', 'kõrge', 'kõrge', 'kõrge', 'kõrge', 'kõrge', 'kõrge', 'kõrge', 'kõrge', 'kõrge', 'kõrge', 'kõrge', 'kõrge', 'kõrge', 'kõrge', 'kõrge', 'kõrge', 'kõrge', 'kõrge', 'kõrge', 'kõrge', 'kõrge', 'kõrge', 'kõrge', 'kõrge', 'kõrge', 'kõrge', 'kõrge', 'kõrge', 'kõrge', 'kõrge', 'kõrge', 'kõrge', 'kõrge', 'kõrge', 'kõrge', 'kõrge', 'kõrge', 'kõrge', 'kõrge', 'kõrge', 'kõrge', 'kõrge', 'kõrge', 'kõrge', 'kõrge', 'kõrge', 'kõrge', 'kõrge', 'kõrge', 'kõrge', 'kõrge', 'kõrge', 'kõrge', 'kõrge', 'kõrge', 'kõrge', 'kõrge', 'kõrge', 'kõrge', 'kõrge', 'kõrge', 'kõrge', 'kõrge', 'kõrge', 'kõrge', 'kõrge', 'kõrge', 'kõrge', 'kõrge', 'kõrge', 'kõrge', 'kõrge', 'kõrge', 'kõrge', 'kõrge', 'kõrge', 'kõrge', 'kõrge', 'kõrge', 'kõrge', 'kõrge', 'kõrge', 'kõrge', 'kõrge', 'kõrge', 'kõrge', 'kõrge', 'kõrge', 'kõrge', 'kõrge', 'kõrge', 'kõrge', 'kõrge', 'kõrge', 'kõrge', 'kõrge', 'kõrge', 'kõrge', 'kõrge', 'kõrge', 'kõrge', 'kõrge', 'kõrge', 'kõrge', 'kõrge', 'kõrge', 'kõrge', 'kõrge', 'kõrge', 'kõrge', 'kõrge', 'kõrge', 'kõrge', 'kõrge', 'kõrge', 'kõrge', 'kõrge', 'kõrge', 'kõrge', 'kõrge', 'kõrge', 'kõrge', 'kõrge', 'kõrge', 'kõrge', 'kõrge', 'kõrge', 'kõrge', 'kõrge', 'kõrge', 'kõrge', 'kõrge', 'kõrge', 'kõrge', 'kõrge', 'kõrge', 'kõrge', 'kõrge', 'kõrge', 'kõrge', 'kõrge', 'kõrge', 'kõrge', 'kõrge', 'kõrge', 'kõrge', 'kõrge', 'kõrge', 'kõrge', 'kõrge', 'kõrge', 'kõrge', 'kõrge', 'kõrge', 'kõrge', 'kõrge', 'kõrge', 'kõrge', 'kõrge', 'kõrge', 'kõrge', 'kõrge', 'kõrge', 'kõrge', 'kõrge', 'kõrge', 'kõrge', 'kõrge', 'kõrge', 'kõrge', 'kõrge', 'kõrge', 'kõrge', 'kõrge', 'kõrge', 'kõrge', 'kõrge', 'kõrge', 'kõrge', 'kõrge', 'kõrge', 'kõrge', 'kõrge', 'kõrge', 'kõrge', 'kõrge', 'kõrge', 'kõrge', 'kõrge', 'kõrge', 'kõrge', 'kõrge', 'kõrge', 'kõrge', 'kõrge', 'kõrge', 'kõrge', 'kõrge', 'kõrge', 'kõrge', 'kõrge', 'kõrge', 'kõrge', 'kõrge', 'kõrge', 'kõrge', 'kõrge', 'kõrge', 'kõrge', 'kõrge', 'kõrge', 'kõrge', 'kõrge', 'kõrge', 'kõrge', 'kõrge', 'kõrge', 'kõrge', 'kõrge', 'kõrge', 'kõrge', 'kõrge', 'kõrge', 'kõrge', 'kõrge', 'kõrge', 'kõrge', 'kõrge', 'kõrge', 'kõrge', 'kõrge', 'kõrge', 'kõrge', 'kõrge', 'kõrge', 'kõrge', 'kõrge', 'kõrge', 'kõrge', 'kõrge', 'kõrge', 'kõrge', 'kõrge', 'kõrge', 'kõrge', 'kõrge', 'kõrge', 'kõrge', 'kõrge', 'kõrge', 'kõrge', 'kõrge', 'kõrge', 'kõrge', 'kõrge', 'kõrge', 'kõrge', 'kõrge', 'kõrge', 'kõrge', 'kõrge', 'kõrge', 'kõrge', 'kõrge', 'kõrge', 'kõrge', 'kõrge', 'kõrge', 'kõrge', 'kõrge', 'kõrge', 'kõrge', 'kõrge', 'kõrge', 'kõrge', 'kõrge', 'kõrge', 'kõrge', 'kõrge', 'kõrge', 'kõrge', 'kõrge', 'kõrge', 'kõrge', 'kõrge', 'kõrge', 'kõrge', 'kõrge', 'kõrge', 'kõrge', 'kõrge', 'kõrge', 'kõrge', 'kõrge', 'kõrge', 'kõrge', 'kõrge', 'kõrge', 'kõrge', 'kõrge', 'kõrge', 'kõrge', 'kõrge', 'kõrge', 'kõrge', 'kõrge', 'kõrge', 'kõrge', 'kõrge', 'kõrge', 'kõrge', 'kõrge', 'kõrge', 'kõrge', 'kõrge', 'kõrge', 'kõrge', 'kõrge', 'kõrge', 'kõrge', 'kõrge', 'kõrge', 'kõrge', 'kõrge', 'kõrge', 'kõrge', 'kõrge', 'kõrge', 'kõrge', 'kõrge', 'kõrge', 'kõrge', 'kõrge', 'kõrge', 'kõrge', 'kõrge', 'kõrge', 'kõrge', 'kõrge', 'kõrge', 'kõrge', 'kõrge', 'kõrge', 'kõrge', 'kõrge', 'kõrge', 'kõrge', 'kõrge', 'kõrge', 'kõrge', 'kõrge', 'kõrge', 'kõrge', 'kõrge', 'kõrge', 'kõrge', 'kõrge', 'kõrge', 'kõrge', 'kõrge', 'kõrge', 'kõrge', 'kõrge', 'kõrge', 'kõrge', 'kõrge', 'kõrge', 'kõrge', 'kõrge', 'kõrge', 'kõrge', 'kõrge', 'kõrge', 'kõrge', 'kõrge', 'kõrge', 'kõrge', 'kõrge', 'kõrge', 'kõrge', 'kõrge', 'kõrge', 'kõrge', 'kõrge', 'kõrge', 'kõrge', 'kõrge', 'kõrge', 'kõrge', 'kõrge', 'kõrge', 'kõrge', 'kõrge', 'kõrge', 'kõrge', 'kõrge', 'kõrge', 'kõrge', 'kõrge', 'kõrge', 'kõrge', 'kõrge', 'kõrge', 'kõrge', 'kõrge', 'kõrge', 'kõrge', 'kõrge', 'kõrge', 'kõrge', 'kõrge', 'kõrge', 'kõrge', 'kõrge', 'kõrge', 'kõrge', 'kõrge', 'kõrge', 'kõrge', 'kõrge', 'kõrge', 'kõrge', 'kõrge', 'kõrge', 'kõrge', 'kõrge', 'kõrge', 'kõrge', 'kõrge', 'kõrge', 'kõrge', 'kõrge', 'kõrge', 'kõrge', 'kõrge', 'kõrge', 'kõrge', 'kõrge', 'kõrge', 'kõrge', 'kõrge', 'kõrge', 'kõrge', 'kõrge', 'kõrge', 'kõrge', 'kõrge', 'kõrge', 'kõrge', 'kõrge', 'kõrge', 'kõrge', 'kõrge', 'kõrge', 'kõrge', 'kõrge', 'kõrge', 'kõrge', 'kõrge', 'kõrge', 'kõrge', 'kõrge', 'kõrge', 'kõrge', 'kõrge', 'kõrge', 'kõrge', 'kõrge', 'kõrge', 'kõrge', 'kõrge', 'kõrge', 'kõrge', 'kõrge', 'kõrge', 'kõrge', 'kõrge', 'kõrge', 'kõrge', 'kõrge', 'kõrge', 'kõrge', 'kõrge', 'kõrge', 'kõrge', 'kõrge', 'kõrge', 'kõrge', 'kõrge', 'kõrge', 'kõrge', 'kõrge', 'kõrge', 'kõrge', 'kõrge', 'kõrge', 'kõrge', 'kõrge', 'kõrge', 'kõrge', 'kõrge', 'kõrge', 'kõrge', 'kõrge', 'kõrge', 'kõrge', 'kõrge', 'kõrge', 'kõrge', 'kõrge', 'kõrge', 'kõrge', 'kõrge', 'kõrge', 'kõrge', 'kõrge', 'kõrge', 'kõrge', 'kõrge', 'kõrge', 'kõrge', 'kõrge', 'kõrge', 'kõrge', 'kõrge', 'kõrge', 'kõrge', 'kõrge', 'kõrge', 'kõrge', 'kõrge', 'kõrge', 'kõrge', 'kõrge', 'kõrge', 'kõrge', 'kõrge', 'kõrge', 'kõrge', 'kõrge', 'kõrge', 'kõrge', 'kõrge', 'kõrge', 'kõrge', 'kõrge', 'kõrge', 'kõrge', 'kõrge', 'kõrge', 'kõrge', 'kõrge', 'kõrge', 'kõrge', 'kõrge', 'kõrge', 'kõrge', 'kõrge', 'kõrge', 'kõrge', 'kõrge', 'kõrge', 'kõrge', 'kõrge', 'kõrge', 'kõrge', 'kõrge', 'kõrge', 'kõrge', 'kõrge', 'kõrge', 'kõrge', 'kõrge', 'kõrge', 'kõrge', 'kõrge', 'kõrge', 'kõrge', 'kõrge', 'kõrge', 'kõrge', 'kõrge', 'kõrge', 'kõrge', 'kõrge', 'kõrge', 'kõrge', 'kõrge', 'kõrge', 'kõrge', 'kõrge', 'kõrge', 'kõrge', 'kõrge', 'kõrge', 'kõrge', 'kõrge', 'kõrge', 'kõrge', 'kõrge', 'kõrge', 'kõrge', 'kõrge', 'kõrge', 'kõrge', 'kõrge', 'kõrge', 'kõrge', 'kõrge', 'kõrge', 'kõrge', 'kõrge', 'kõrge', 'kõrge', 'kõrge', 'kõrge', 'kõrge', 'kõrge', 'kõrge', 'kõrge', 'kõrge', 'kõrge', 'kõrge', 'kõrge', 'kõrge', 'kõrge', 'kõrge', 'kõrge', 'kõrge', 'kõrge', 'kõrge', 'kõrge', 'kõrge', 'kõrge', 'kõrge', 'kõrge', 'kõrge', 'kõrge', 'kõrge', 'kõrge', 'kõrge', 'kõrge', 'kõrge', 'kõrge', 'kõrge', 'kõrge', 'kõrge', 'kõrge', 'kõrge', 'kõrge', 'kõrge', 'kõrge', 'kõrge', 'kõrge', 'kõrge', 'kõrge', 'kõrge', 'kõrge', 'kõrge', 'kõrge', 'kõrge', 'kõrge', 'kõrge', 'kõrge', 'kõrge', 'kõrge', 'kõrge', 'kõrge', 'kõrge', 'kõrge', 'kõrge', 'kõrge', 'kõrge', 'kõrge', 'kõrge', 'kõrge', 'kõrge', 'kõrge', 'kõrge', 'kõrge', 'kõrge', 'kõrge', 'kõrge', 'kõrge', 'kõrge', 'kõrge', 'kõrge', 'kõrge', 'kõrge', 'kõrge', 'kõrge', 'kõrge', 'kõrge', 'kõrge', 'kõrge', 'kõrge', 'kõrge', 'kõrge', 'kõrge', 'kõrge', 'kõrge', 'kõrge', 'kõrge', 'kõrge', 'kõrge', 'kõrge', 'kõrge', 'kõrge', 'kõrge', 'kõrge', 'kõrge', 'kõrge', 'kõrge', 'kõrge', 'kõrge', 'kõrge', 'kõrge', 'kõrge', 'kõrge', 'kõrge', 'kõrge', 'kõrge', 'kõrge', 'kõrge', 'kõrge', 'kõrge', 'kõrge', 'kõrge', 'kõrge', 'kõrge', 'kõrge', 'kõrge', 'kõrge', 'kõrge', 'kõrge', 'kõrge', 'kõrge', 'kõrge', 'kõrge', 'kõrge', 'kõrge', 'kõrge', 'kõrge', 'kõrge', 'kõrge', 'kõrge', 'kõrge', 'kõrge', 'kõrge', 'kõrge', 'kõrge', 'kõrge', 'kõrge', 'kõrge', 'kõrge', 'kõrge', 'kõrge', 'kõrge', 'kõrge', 'kõrge', 'kõrge', 'kõrge', 'kõrge', 'kõrge', 'kõrge', 'kõrge', 'kõrge', 'kõrge', 'kõrge', 'kõrge', 'kõrge', 'kõrge', 'kõrge', 'kõrge', 'kõrge', 'kõrge', 'kõrge', 'kõrge', 'kõrge', 'kõrge', 'kõrge', 'kõrge', 'kõrge', 'kõrge', 'kõrge', 'kõrge', 'kõrge', 'kõrge', 'kõrge', 'kõrge', 'kõrge', 'kõrge', 'kõrge', 'kõrge', 'kõrge', 'kõrge', 'kõrge', 'kõrge', 'kõrge', 'kõrge', 'kõrge', 'kõrge', 'kõrge', 'kõrge', 'kõrge', 'kõrge', 'kõrge', 'kõrge', 'kõrge', 'kõrge', 'kõrge', 'kõrge', 'kõrge', 'kõrge', 'kõrge', 'kõrge', 'kõrge', 'kõrge', 'kõrge', 'kõrge', 'kõrge', 'kõrge', 'kõrge', 'kõrge', 'kõrge', 'kõrge', 'kõrge', 'kõrge', 'kõrge', 'kõrge', 'kõrge', 'kõrge', 'kõrge', 'kõrge', 'kõrge', 'kõrge', 'kõrge', 'kõrge', 'kõrge', 'kõrge', 'kõrge', 'kõrge', 'kõrge', 'kõrge', 'kõrge', 'kõrge', 'kõrge', 'kõrge', 'kõrge', 'kõrge', 'kõrge', 'kõrge', 'kõrge', 'kõrge', 'kõrge', 'kõrge', 'kõrge', 'kõrge', 'kõrge', 'kõrge', 'kõrge', 'kõrge', 'kõrge', 'kõrge', 'kõrge', 'kõrge', 'kõrge', 'kõrge', 'kõrge', 'kõrge', 'kõrge', 'kõrge', 'kõrge', 'kõrge', 'kõrge', 'kõrge', 'kõrge', 'kõrge', 'kõrge', 'kõrge', 'kõrge', 'kõrge', 'kõrge', 'kõrge', 'kõrge', 'kõrge', 'kõrge', 'kõrge', 'kõrge', 'kõrge', 'kõrge', 'kõrge', 'kõrge', 'kõrge', 'kõrge', 'kõrge', 'kõrge', 'kõrge', 'kõrge', 'kõrge', 'kõrge', 'kõrge', 'kõrge', 'kõrge', 'kõrge', 'kõrge', 'kõrge', 'kõrge', 'kõrge', 'kõrge', 'kõrge', 'kõrge', 'kõrge', 'kõrge', 'kõrge', 'kõrge', 'kõrge', 'kõrge', 'kõrge', 'kõrge', 'kõrge', 'kõrge', 'kõrge', 'kõrge', 'kõrge', 'kõrge', 'kõrge', 'kõrge', 'kõrge', 'kõrge', 'kõrge', 'kõrge', 'kõrge', 'kõrge', 'kõrge', 'kõrge', 'kõrge', 'kõrge', 'kõrge', 'kõrge', 'kõrge', 'kõrge', 'kõrge', 'kõrge', 'kõrge', 'kõrge', 'kõrge', 'kõrge', 'kõrge', 'kõrge', 'kõrge', 'kõrge', 'kõrge', 'kõrge', 'kõrge', 'kõrge', 'kõrge', 'kõrge', 'kõrge', 'kõrge', 'kõrge', 'kõrge', 'kõrge', 'kõrge', 'kõrge', 'kõrge', 'kõrge', 'kõrge', 'kõrge', 'kõrge', 'kõrge', 'kõrge', 'kõrge', 'kõrge', 'kõrge', 'kõrge', 'kõrge', 'kõrge', 'kõrge', 'kõrge', 'kõrge', 'kõrge', 'kõrge', 'kõrge', 'kõrge', 'kõrge', 'kõrge', 'kõrge', 'kõrge', 'kõrge', 'kõrge', 'kõrge', 'kõrge', 'kõrge', 'kõrge', 'kõrge', 'kõrge', 'kõrge', 'kõrge', 'kõrge', 'kõrge', 'kõrge', 'kõrge', 'kõrge', 'kõrge', 'kõrge', 'kõrge', 'kõrge', 'kõrge', 'kõrge', 'kõrge', 'kõrge', 'kõrge', 'kõrge', 'kõrge', 'kõrge', 'kõrge', 'kõrge', 'kõrge', 'kõrge', 'kõrge', 'kõrge', 'kõrge', 'kõrge', 'kõrge', 'kõrge', 'kõrge', 'kõrge', 'kõrge', 'kõrge', 'kõrge', 'kõrge', 'kõrge', 'kõrge', 'kõrge', 'kõrge', 'kõrge', 'kõrge', 'kõrge', 'kõrge', 'kõrge', 'kõrge', 'kõrge', 'kõrge', 'kõrge', 'kõrge', 'kõrge', 'kõrge', 'kõrge', 'kõrge', 'kõrge', 'kõrge', 'kõrge', 'kõrge', 'kõrge', 'kõrge', 'kõrge', 'kõrge', 'kõrge', 'kõrge', 'kõrge', 'kõrge', 'kõrge', 'kõrge', 'kõrge', 'kõrge', 'kõrge', 'kõrge', 'kõrge', 'kõrge', 'kõrge', 'kõrge', 'kõrge', 'kõrge', 'kõrge', 'kõrge', 'kõrge', 'kõrge', 'kõrge', 'kõrge', 'kõrge', 'kõrge', 'kõrge', 'kõrge', 'kõrge', 'kõrge', 'kõrge', 'kõrge', 'kõrge', 'kõrge', 'kõrge', 'kõrge', 'kõrge', 'kõrge', 'kõrge', 'kõrge', 'kõrge', 'kõrge', 'kõrge', 'kõrge', 'kõrge', 'kõrge', 'kõrge', 'kõrge', 'kõrge', 'kõrge', 'kõrge', 'kõrge', 'kõrge', 'kõrge', 'kõrge', 'kõrge', 'kõrge', 'kõrge', 'kõrge', 'kõrge', 'kõrge', 'kõrge', 'kõrge', 'kõrge', 'kõrge', 'kõrge', 'kõrge', 'kõrge', 'kõrge', 'kõrge', 'kõrge', 'kõrge', 'kõrge', 'kõrge', 'kõrge', 'kõrge', 'kõrge', 'kõrge', 'kõrge', 'kõrge', 'kõrge', 'kõrge', 'kõrge', 'kõrge', 'kõrge', 'kõrge', 'kõrge', 'kõrge', 'kõrge', 'kõrge', 'kõrge', 'kõrge', 'kõrge', 'kõrge', 'kõrge', 'kõrge', 'kõrge', 'kõrge', 'kõrge', 'kõrge', 'kõrge', 'kõrge', 'kõrge', 'kõrge', 'kõrge', 'kõrge', 'kõrge', 'kõrge', 'kõrge', 'kõrge', 'kõrge', 'kõrge', 'kõrge', 'kõrge', 'kõrge', 'kõrge', 'kõrge', 'kõrge', 'kõrge', 'kõrge', 'kõrge', 'kõrge', 'kõrge', 'kõrge', 'kõrge', 'kõrge', 'kõrge', 'kõrge', 'kõrge', 'kõrge', 'kõrge', 'kõrge', 'kõrge', 'kõrge', 'kõrge', 'kõrge', 'kõrge', 'kõrge', 'kõrge', 'kõrge', 'kõrge', 'kõrge', 'kõrge', 'kõrge', 'kõrge', 'kõrge', 'kõrge', 'kõrge', 'kõrge', 'kõrge', 'kõrge', 'kõrge', 'kõrge', 'kõrge', 'kõrge', 'kõrge', 'kõrge', 'kõrge', 'kõrge', 'kõrge', 'kõrge', 'kõrge', 'kõrge', 'kõrge', 'kõrge', 'kõrge', 'kõrge', 'kõrge', 'kõrge', 'kõrge', 'kõrge', 'kõrge', 'kõrge', 'kõrge', 'kõrge', 'kõrge', 'kõrge', 'kõrge', 'kõrge', 'kõrge', 'kõrge', 'kõrge', 'kõrge', 'kõrge', 'kõrge', 'kõrge', 'kõrge', 'kõrge', 'kõrge', 'kõrge', 'kõrge', 'kõrge', 'kõrge', 'kõrge', 'kõrge', 'kõrge', 'kõrge', 'kõrge', 'kõrge', 'kõrge', 'kõrge', 'kõrge', 'kõrge', 'kõrge', 'kõrge', 'kõrge', 'kõrge', 'kõrge', 'kõrge', 'kõrge', 'kõrge', 'kõrge', 'kõrge', 'kõrge', 'kõrge', 'kõrge', 'kõrge', 'kõrge', 'kõrge', 'kõrge', 'kõrge', 'kõrge', 'kõrge', 'kõrge', 'kõrge', 'kõrge', 'kõrge', 'kõrge', 'kõrge', 'kõrge', 'kõrge', 'kõrge', 'kõrge', 'kõrge', 'kõrge', 'kõrge', 'kõrge', 'kõrge', 'kõrge', 'kõrge', 'kõrge', 'kõrge', 'kõrge', 'kõrge', 'kõrge', 'kõrge', 'kõrge', 'kõrge', 'kõrge', 'kõrge', 'kõrge', 'kõrge', 'kõrge', 'kõrge', 'kõrge', 'kõrge', 'kõrge', 'kõrge', 'kõrge', 'kõrge', 'kõrge', 'kõrge', 'kõrge', 'kõrge', 'kõrge', 'kõrge', 'kõrge', 'kõrge', 'kõrge', 'kõrge', 'kõrge', 'kõrge', 'kõrge', 'kõrge', 'kõrge', 'kõrge', 'kõrge', 'kõrge', 'kõrge', 'kõrge', 'kõrge', 'kõrge', 'kõrge', 'kõrge', 'kõrge', 'kõrge', 'kõrge', 'kõrge', 'kõrge', 'kõrge', 'kõrge', 'kõrge', 'kõrge', 'kõrge', 'kõrge', 'kõrge', 'kõrge', 'kõrge', 'kõrge', 'kõrge', 'kõrge', 'kõrge', 'kõrge', 'kõrge', 'kõrge', 'kõrge', 'kõrge', 'kõrge', 'kõrge', 'kõrge', 'kõrge', 'kõrge', 'kõrge', 'kõrge', 'kõrge', 'kõrge', 'kõrge', 'kõrge', 'kõrge', 'kõrge', 'kõrge', 'kõrge', 'kõrge', 'kõrge', 'kõrge', 'kõrge', 'kõrge', 'kõrge', 'kõrge', 'kõrge', 'kõrge', 'kõrge', 'kõrge', 'kõrge', 'kõrge', 'kõrge', 'kõrge', 'kõrge', 'kõrge', 'kõrge', 'kõrge', 'kõrge', 'kõrge', 'kõrge', 'kõrge', 'kõrge', 'kõrge', 'kõrge', 'kõrge', 'kõrge', 'kõrge', 'kõrge', 'kõrge', 'kõrge', 'kõrge', 'kõrge', 'kõrge', 'kõrge', 'kõrge', 'kõrge', 'kõrge', 'kõrge', 'kõrge', 'kõrge', 'kõrge', 'kõrge', 'kõrge', 'kõrge', 'kõrge', 'kõrge', 'kõrge', 'kõrge', 'kõrge', 'kõrge', 'kõrge', 'kõrge', 'kõrge', 'kõrge', 'kõrge', 'kõrge', 'kõrge', 'kõrge', 'kõrge', 'kõrge', 'kõrge', 'kõrge', 'kõrge', 'kõrge', 'kõrge', 'kõrge', 'kõrge', 'kõrge', 'kõrge', 'kõrge', 'kõrge', 'kõrge', 'kõrge', 'kõrge', 'kõrge', 'kõrge', 'kõrge', 'kõrge', 'kõrge', 'kõrge', 'kõrge', 'kõrge', 'kõrge', 'kõrge', 'kõrge', 'kõrge', 'kõrge', 'kõrge', 'kõrge', 'kõrge', 'kõrge', 'kõrge', 'kõrge', 'kõrge', 'kõrge', 'kõrge', 'kõrge', 'kõrge', 'kõrge', 'kõrge', 'kõrge', 'kõrge', 'kõrge', 'kõrge', 'kõrge', 'kõrge', 'kõrge', 'kõrge', 'kõrge', 'kõrge', 'kõrge', 'kõrge', 'kõrge', 'kõrge', 'kõrge', 'kõrge', 'kõrge', 'kõrge', 'kõrge', 'kõrge', 'kõrge', 'kõrge', 'kõrge', 'kõrge', 'kõrge', 'kõrge', 'kõrge', 'kõrge', 'kõrge', 'kõrge', 'kõrge', 'kõrge', 'kõrge', 'kõrge', 'kõrge', 'kõrge', 'kõrge', 'kõrge', 'kõrge', 'kõrge', 'kõrge', 'kõrge', 'kõrge', 'kõrge', 'kõrge', 'kõrge', 'kõrge', 'kõrge', 'kõrge', 'kõrge', 'kõrge', 'kõrge', 'kõrge', 'kõrge', 'kõrge', 'kõrge', 'kõrge', 'kõrge', 'kõrge', 'kõrge', 'kõrge', 'kõrge', 'kõrge', 'kõrge', 'kõrge', 'kõrge', 'kõrge', 'kõrge', 'kõrge', 'kõrge', 'kõrge', 'kõrge', 'kõrge', 'kõrge', 'kõrge', 'kõrge', 'kõrge', 'kõrge', 'kõrge', 'kõrge', 'kõrge', 'kõrge', 'kõrge', 'kõrge', 'kõrge', 'kõrge', 'kõrge', 'kõrge', 'kõrge', 'kõrge', 'kõrge', 'kõrge', 'kõrge', 'kõrge', 'kõrge', 'kõrge', 'kõrge', 'kõrge', 'kõrge', 'kõrge', 'kõrge', 'kõrge', 'kõrge', 'kõrge', 'kõrge', 'kõrge', 'kõrge', 'kõrge', 'kõrge', 'kõrge', 'kõrge', 'kõrge', 'kõrge', 'kõrge', 'kõrge', 'kõrge', 'kõrge', 'kõrge', 'kõrge', 'kõrge', 'kõrge', 'kõrge', 'kõrge', 'kõrge', 'kõrge', 'kõrge', 'kõrge', 'kõrge', 'kõrge', 'kõrge', 'kõrge', 'kõrge', 'kõrge', 'kõrge', 'kõrge', 'kõrge', 'kõrge', 'kõrge', 'kõrge', 'kõrge', 'kõrge', 'kõrge', 'kõrge', 'kõrge', 'kõrge', 'kõrge', 'kõrge', 'kõrge', 'kõrge', 'kõrge', 'kõrge', 'kõrge', 'kõrge', 'kõrge', 'kõrge', 'kõrge', 'kõrge', 'kõrge', 'kõrge', 'kõrge', 'kõrge', 'kõrge', 'kõrge', 'kõrge', 'kõrge', 'kõrge', 'kõrge', 'kõrge', 'kõrge', 'kõrge', 'kõrge', 'kõrge', 'kõrge', 'kõrge', 'kõrge', 'kõrge', 'kõrge', 'kõrge', 'kõrge', 'kõrge', 'kõrge', 'kõrge', 'kõrge', 'kõrge', 'kõrge', 'kõrge', 'kõrge', 'kõrge', 'kõrge', 'kõrge', 'kõrge', 'kõrge', 'kõrge', 'kõrge', 'kõrge', 'kõrge', 'kõrge', 'kõrge', 'kõrge', 'kõrge', 'kõrge', 'kõrge', 'kõrge', 'kõrge', 'kõrge', 'kõrge', 'kõrge', 'kõrge', 'kõrge', 'kõrge', 'kõrge', 'kõrge', 'kõrge', 'kõrge', 'kõrge', 'kõrge', 'kõrge', 'kõrge', 'kõrge', 'kõrge', 'kõrge', 'kõrge', 'kõrge', 'kõrge', 'kõrge', 'kõrge', 'kõrge', 'kõrge', 'kõrge', 'kõrge', 'kõrge', 'kõrge', 'kõrge', 'kõrge', 'kõrge', 'kõrge', 'kõrge', 'kõrge', 'kõrge', 'kõrge', 'kõrge', 'kõrge', 'kõrge', 'kõrge', 'kõrge', 'kõrge', 'kõrge', 'kõrge', 'kõrge', 'kõrge', 'kõrge', 'kõrge', 'kõrge', 'kõrge', 'kõrge', 'kõrge', 'kõrge', 'kõrge', 'kõrge', 'kõrge', 'kõrge', 'kõrge', 'kõrge', 'kõrge', 'kõrge', 'kõrge', 'kõrge', 'kõrge', 'kõrge', 'kõrge', 'kõrge', 'kõrge', 'kõrge', 'kõrge', 'kõrge', 'kõrge', 'kõrge', 'kõrge', 'kõrge', 'kõrge', 'kõrge', 'kõrge', 'kõrge', 'kõrge', 'kõrge', 'kõrge', 'kõrge', 'kõrge', 'kõrge', 'kõrge', 'kõrge', 'kõrge', 'kõrge', 'kõrge', 'kõrge', 'kõrge', 'kõrge', 'kõrge', 'kõrge', 'kõrge', 'kõrge', 'kõrge', 'kõrge', 'kõrge', 'kõrge', 'kõrge', 'kõrge', 'kõrge', 'kõrge', 'kõrge', 'kõrge', 'kõrge', 'kõrge', 'kõrge', 'kõrge', 'kõrge', 'kõrge', 'kõrge', 'kõrge', 'kõrge', 'kõrge', 'kõrge', 'kõrge', 'kõrge', 'kõrge', 'kõrge', 'kõrge', 'kõrge', 'kõrge', 'kõrge', 'kõrge', 'kõrge', 'kõrge', 'kõrge', 'kõrge', 'kõrge', 'kõrge', 'kõrge', 'kõrge', 'kõrge', 'kõrge', 'kõrge', 'kõrge', 'kõrge', 'kõrge', 'kõrge', 'kõrge', 'kõrge', 'kõrge', 'kõrge', 'kõrge', 'kõrge', 'kõrge', 'kõrge', 'kõrge', 'kõrge', 'kõrge', 'kõrge', 'kõrge', 'kõrge', 'kõrge', 'kõrge', 'kõrge', 'kõrge', 'kõrge', 'kõrge', 'kõrge', 'kõrge', 'kõrge', 'kõrge', 'kõrge', 'kõrge', 'kõrge', 'kõrge', 'kõrge', 'kõrge', 'kõrge', 'kõrge', 'kõrge', 'kõrge', 'kõrge', 'kõrge', 'kõrge', 'kõrge', 'kõrge', 'kõrge', 'kõrge', 'kõrge', 'kõrge', 'kõrge', 'kõrge', 'kõrge', 'kõrge', 'kõrge', 'kõrge', 'kõrge', 'kõrge', 'kõrge', 'kõrge', 'kõrge', 'kõrge', 'kõrge', 'kõrge', 'kõrge', 'kõrge', 'kõrge', 'kõrge', 'kõrge', 'kõrge', 'kõrge', 'kõrge', 'kõrge', 'kõrge', 'kõrge', 'kõrge', 'kõrge', 'kõrge', 'kõrge', 'kõrge', 'kõrge', 'kõrge', 'kõrge', 'kõrge', 'kõrge', 'kõrge', 'kõrge', 'kõrge', 'kõrge', 'kõrge', 'kõrge', 'kõrge', 'kõrge', 'kõrge', 'kõrge', 'kõrge', 'kõrge', 'kõrge', 'kõrge', 'kõrge', 'kõrge', 'kõrge', 'kõrge', 'kõrge', 'kõrge', 'kõrge', 'kõrge', 'kõrge', 'kõrge', 'kõrge', 'kõrge', 'kõrge', 'kõrge', 'kõrge', 'kõrge', 'kõrge', 'kõrge', 'kõrge', 'kõrge', 'kõrge', 'kõrge', 'kõrge', 'kõrge', 'kõrge', 'kõrge', 'kõrge', 'kõrge', 'kõrge', 'kõrge', 'kõrge', 'kõrge', 'kõrge', 'kõrge', 'kõrge', 'kõrge', 'kõrge', 'kõrge', 'kõrge', 'kõrge', 'kõrge', 'kõrge', 'kõrge', 'kõrge', 'kõrge', 'kõrge', 'kõrge', 'kõrge', 'kõrge', 'kõrge', 'kõrge', 'kõrge', 'kõrge', 'kõrge', 'kõrge', 'kõrge', 'kõrge', 'kõrge', 'kõrge', 'kõrge', 'kõrge', 'kõrge', 'kõrge', 'kõrge', 'kõrge', 'kõrge', 'kõrge', 'kõrge', 'kõrge', 'kõrge', 'kõrge', 'kõrge', 'kõrge', 'kõrge', 'kõrge', 'kõrge', 'kõrge', 'kõrge', 'kõrge', 'kõrge', 'kõrge', 'kõrge', 'kõrge', 'kõrge', 'kõrge', 'kõrge', 'kõrge', 'kõrge', 'kõrge', 'kõrge', 'kõrge', 'kõrge', 'kõrge', 'kõrge', 'kõrge', 'kõrge', 'kõrge', 'kõrge', 'kõrge', 'kõrge', 'kõrge', 'kõrge', 'kõrge', 'kõrge', 'kõrge', 'kõrge', 'kõrge', 'kõrge', 'kõrge', 'kõrge', 'kõrge', 'kõrge', 'kõrge', 'kõrge', 'kõrge', 'kõrge', 'kõrge', 'kõrge', 'kõrge', 'kõrge', 'kõrge', 'kõrge', 'kõrge', 'kõrge', 'kõrge', 'kõrge', 'kõrge', 'kõrge', 'kõrge', 'kõrge', 'kõrge', 'kõrge', 'kõrge', 'kõrge', 'kõrge', 'kõrge', 'kõrge', 'kõrge', 'kõrge', 'kõrge', 'kõrge', 'kõrge', 'kõrge', 'kõrge', 'kõrge', 'kõrge', 'kõrge', 'kõrge', 'kõrge', 'kõrge', 'kõrge', 'kõrge', 'kõrge', 'kõrge', 'kõrge', 'kõrge', 'kõrge', 'kõrge', 'kõrge', 'kõrge', 'kõrge', 'kõrge', 'kõrge', 'kõrge', 'kõrge', 'kõrge', 'kõrge', 'kõrge', 'kõrge', 'kõrge', 'kõrge', 'kõrge', 'kõrge', 'kõrge', ' (1)",kadr (12); Triinu (8); Kaie (8); Katti (3); kadriko (2); Kai (2); Katre (2); kõtu (1); Kadri (1); kaatri (1)
Anna / Anne / Ann / Anni,Anne,1063,0.4697304463102077,640,13,Estonia core/west: 970 (91.3%); South Estonia/Seto: 66 (6.2%); Other/unclear: 25 (2.4%); Finland/Savo-Karelia: 2 (0.2%),Viljandimaa (241); Virumaa (172); Pärnumaa (155); Tartumaa (153); Harjumaa (80); Järvamaa (80); Läänemaa (46); Võrumaa (44),Anne (708); anne (332); Annel (6); Anneke (3); Annekene (3); anne (name) (2); anneke (1); Anne (name) (1); Anne & -ke (1); Anne-l (1),Anne (631); anne (229); anni (28); Annekene (26); annekene (18); and (17); anneke (12); anned (8); Annel (7); ande (5)
Anna / Anne / Ann / Anni,Anni,571,0.25231992929739283,334,27,Finland/Savo-Karelia: 216 (37.8%); Ingria: 161 (28.2%); East Karelia/Veps/Tver: 161 (28.2%); Estonia core/west: 26 (4.6%); South Estonia/Seto: 4 (0.7%); Other/unclear: 3 (0.5%),Laatokan Karjala (Raja-Karjala) (73); Etelä-Karjala (67); Keski-Inkeri (66); Länsi-Inkeri (56); Aunus (50); Itä- ja Pohjois-Inkeri (39); Viena (36); Pohjois-Karjala (36),Anni (511); anni (22); Annikki (10); Änni (7); Annin (7); Annike (5); Annille (3); Annika (2); Annile (1); Anni-kin (1),Anni (471); anni (30); Annin (10); Annikki (8); Änni (7); Annekene (4); Annille (3); Anikka (2); Annjo (2); Annikainen (2)
Anna / Anne / Ann / Anni,Ann,471,0.20813079982324348,231,17,Estonia core/west: 398 (84.5%); South Estonia/Seto: 42 (8.9%); Other/unclear: 15 (3.2%); East Karelia/Veps/Tver: 10 (2.1%); Ingria: 5 (1.1%); Finland/Savo-Karelia: 1 (0.2%),Viljandimaa (91); Läänemaa (76); Virumaa (60); Tartumaa (44); Saaremaa (43); Järvamaa (33); Pärnumaa (28); Võrumaa (27),Ann (443); ann (11); Annolle (7); Annuke (3); Annukene (2); Anno (2); Annukainen (2); Annukka (1),Ann (395); ann (16); anne (12); Annõ (8); annoi (7); Anne (6); Annekene (3); Annin (3); annõ (2); Annukainen (2)
Anna / Anne / Ann / Anni,Anna,81,0.035793194874060984,71,25,Finland/Savo-Karelia: 42 (51.9%); Estonia core/west: 29 (35.8%); East Karelia/Veps/Tver: 6 (7.4%); South Estonia/Seto: 2 (2.5%); Ingria: 2 (2.5%),Harjumaa (12); Häme (7); Etelä-Pohjanmaa (6); Etelä-Savo (6); Viljandimaa (6); Virumaa (5); Pohjois-Karjala (5); Pohjois-Pohjanmaa (4),Anna (68); Anna/and (2); Annake (2); Annat (2); Annan (2); annake (1); Anna/andma (1); annakene (1); Annastiina (1); Anna (name) (1),Anna (56); ann (2); Annakene (2); Anne (2); anne (2); anni (2); Annin (2); Anna+n (2); annakene (1); Ann (1)
Anna / Anne / Ann / Anni,Anu,47,0.0207688908528502,31,14,Estonia core/west: 30 (63.8%); Ingria: 9 (19.1%); East Karelia/Veps/Tver: 4 (8.5%); South Estonia/Seto: 3 (6.4%); Other/unclear: 1 (2.1%),Tartumaa (10); Länsi-Inkeri (7); Virumaa (5); Järvamaa (4); Laatokan Karjala (Raja-Karjala) (3); Läänemaa (3); Saaremaa (3); Viljandimaa (3),Anu (37); anu (6); anum (2); anus (1); anu (dialectal) (1),Anu (29); anu (11); anum (2); anult (1); Anukene (1); anel (1); anuksez (1); anukse (1)
Anna / Anne / Ann / Anni,Other Anna-family,30,0.013256738842244807,23,13,Estonia core/west: 19 (63.3%); South Estonia/Seto: 6 (20.0%); Finland/Savo-Karelia: 2 (6.7%); East Karelia/Veps/Tver: 2 (6.7%); Ingria: 1 (3.3%),Saaremaa (5); Setumaa (5); Viljandimaa (4); Läänemaa (3); Aunus (2); Pärnumaa (2); Tartumaa (2); Virumaa (2),andis (4); änn (4); andja (3); anda (2); andeid (2); andma/Anna (2); Ane (2); ant+ud (2); anta- (2); andaja (1),änn (4); antaa (3); anni (2); andma/Anna (2); annet+ie (2); andas (2); anda (1); antulõ (1); annai (1); annas (1)
