person_cluster,area_name,mentions,poems
Anna / Anne / Ann / Anni,Alahärmä,1,1
Anna / Anne / Ann / Anni,Alatornio,5,4
Anna / Anne / Ann / Anni,Ambla,27,20
Anna / Anne / Ann / Anni,Anna,1,1
Anna / Anne / Ann / Anni,Anttola,2,1
Anna / Anne / Ann / Anni,Asikkala,1,1
Anna / Anne / Ann / Anni,Audru,15,6
Anna / Anne / Ann / Anni,Emmaste,1,1
Anna / Anne / Ann / Anni,Evijärvi,1,1
Anna / Anne / Ann / Anni,Forssa,1,1
Anna / Anne / Ann / Anni,Halikko,1,1
Anna / Anne / Ann / Anni,Haljala,62,47
Anna / Anne / Ann / Anni,Halliste,28,18
Anna / Anne / Ann / Anni,Hanila,1,1
Anna / Anne / Ann / Anni,Hargla,10,6
Anna / Anne / Ann / Anni,Harju-Jaani,12,11
Anna / Anne / Ann / Anni,Hattula,3,3
Anna / Anne / Ann / Anni,Heinjoki,3,3
Anna / Anne / Ann / Anni,Heinävesi,6,6
Anna / Anne / Ann / Anni,Helme,37,23
Anna / Anne / Ann / Anni,Hietamäki,5,3
Anna / Anne / Ann / Anni,Hollola,2,2
Anna / Anne / Ann / Anni,Hämeenlinna,7,7
Anna / Anne / Ann / Anni,Häädemeeste,9,7
Anna / Anne / Ann / Anni,Iisaku,7,7
Anna / Anne / Ann / Anni,Iitti,2,2
Anna / Anne / Ann / Anni,Ilmajoki,1,1
Anna / Anne / Ann / Anni,Ilomantsi,15,9
Anna / Anne / Ann / Anni,Impilahti,3,2
Anna / Anne / Ann / Anni,Isokyrö,1,1
Anna / Anne / Ann / Anni,Jaani,3,3
Anna / Anne / Ann / Anni,Janakkala,1,1
Anna / Anne / Ann / Anni,Joensuu,1,1
Anna / Anne / Ann / Anni,Joroinen,1,1
Anna / Anne / Ann / Anni,Juuru,4,3
Anna / Anne / Ann / Anni,Jämaja,4,2
Anna / Anne / Ann / Anni,Järva-Jaani,9,5
Anna / Anne / Ann / Anni,Järva-Madise,8,7
Anna / Anne / Ann / Anni,Jõelähtme,11,8
Anna / Anne / Ann / Anni,Jõhvi,22,11
Anna / Anne / Ann / Anni,Jüri,8,6
Anna / Anne / Ann / Anni,Kaarma,4,2
Anna / Anne / Ann / Anni,Kaavi,1,1
Anna / Anne / Ann / Anni,Kadrina,62,33
Anna / Anne / Ann / Anni,Kalajoki,1,1
Anna / Anne / Ann / Anni,Kambja,3,3
Anna / Anne / Ann / Anni,Kanepi,6,5
Anna / Anne / Ann / Anni,Kangaslampi,1,1
Anna / Anne / Ann / Anni,Kangasniemi,1,1
Anna / Anne / Ann / Anni,Kaprio,10,4
Anna / Anne / Ann / Anni,Karja,10,2
Anna / Anne / Ann / Anni,Karksi,52,31
Anna / Anne / Ann / Anni,Karttula,1,1
Anna / Anne / Ann / Anni,Karula,7,6
Anna / Anne / Ann / Anni,Karuna,1,1
Anna / Anne / Ann / Anni,Karunki,3,2
Anna / Anne / Ann / Anni,Karuse,16,9
Anna / Anne / Ann / Anni,Kattila,4,2
Anna / Anne / Ann / Anni,Kauhajoki,2,2
Anna / Anne / Ann / Anni,Kaustinen,1,1
Anna / Anne / Ann / Anni,Kauvatsa,1,1
Anna / Anne / Ann / Anni,Keila,2,2
Anna / Anne / Ann / Anni,Kemijärvi,1,1
Anna / Anne / Ann / Anni,Kestilä,1,1
Anna / Anne / Ann / Anni,Kiestinki,4,2
Anna / Anne / Ann / Anni,Kihelkonna,1,1
Anna / Anne / Ann / Anni,Kihniö,1,1
Anna / Anne / Ann / Anni,Kirvu,1,1
Anna / Anne / Ann / Anni,Kitee,1,1
Anna / Anne / Ann / Anni,Kivennapa,4,4
Anna / Anne / Ann / Anni,Kodavere,10,8
Anna / Anne / Ann / Anni,Koeru,34,12
Anna / Anne / Ann / Anni,Koivisto,11,6
Anna / Anne / Ann / Anni,Kokkola,1,1
Anna / Anne / Ann / Anni,Kolga-Jaani,47,23
Anna / Anne / Ann / Anni,Kontiolahti,5,4
Anna / Anne / Ann / Anni,Kontokki,20,7
Anna / Anne / Ann / Anni,Koprina,13,3
Anna / Anne / Ann / Anni,Korpilahti,1,1
Anna / Anne / Ann / Anni,Korpiselkä,8,6
Anna / Anne / Ann / Anni,Kose,28,15
Anna / Anne / Ann / Anni,Koskenpää,1,1
Anna / Anne / Ann / Anni,Kuhmo,2,1
Anna / Anne / Ann / Anni,Kuivaniemi,1,1
Anna / Anne / Ann / Anni,Kullamaa,3,2
Anna / Anne / Ann / Anni,Kuolemajärvi,3,1
Anna / Anne / Ann / Anni,Kuopio,3,3
Anna / Anne / Ann / Anni,Kupanitsa,4,1
Anna / Anne / Ann / Anni,Kurkijoki,1,1
Anna / Anne / Ann / Anni,Kursi,11,8
Anna / Anne / Ann / Anni,Kuusalu,37,22
Anna / Anne / Ann / Anni,Kuusamo,9,1
Anna / Anne / Ann / Anni,Kuusjoki,3,3
Anna / Anne / Ann / Anni,Käina,10,2
Anna / Anne / Ann / Anni,Kärla,4,4
Anna / Anne / Ann / Anni,Kõpu,8,5
Anna / Anne / Ann / Anni,Laiuse,18,15
Anna / Anne / Ann / Anni,Lappee,1,1
Anna / Anne / Ann / Anni,Lapua,1,1
Anna / Anne / Ann / Anni,Lavansaari,5,4
Anna / Anne / Ann / Anni,Lempaala,7,5
Anna / Anne / Ann / Anni,Leppävirta,1,1
Anna / Anne / Ann / Anni,Lihula,3,3
Anna / Anne / Ann / Anni,Liissilä,4,2
Anna / Anne / Ann / Anni,Liperi,6,4
Anna / Anne / Ann / Anni,Loppi,2,2
Anna / Anne / Ann / Anni,Luopioinen,1,1
Anna / Anne / Ann / Anni,Lääne-Nigula,1,1
Anna / Anne / Ann / Anni,Lüganuse,6,5
Anna / Anne / Ann / Anni,Maarja-Magdaleena,23,14
Anna / Anne / Ann / Anni,Maksuatiha,2,2
Anna / Anne / Ann / Anni,Martna,3,2
Anna / Anne / Ann / Anni,Metsäpirtti,1,1
Anna / Anne / Ann / Anni,Mihkli,2,1
Anna / Anne / Ann / Anni,Moloskovitsa,9,6
Anna / Anne / Ann / Anni,Muhu,32,11
Anna / Anne / Ann / Anni,Muolaa,1,1
Anna / Anne / Ann / Anni,Mustjala,7,3
Anna / Anne / Ann / Anni,Mäntsälä,1,1
Anna / Anne / Ann / Anni,Mäntyharju,3,2
Anna / Anne / Ann / Anni,Märjamaa,7,7
Anna / Anne / Ann / Anni,Nakkila,1,1
Anna / Anne / Ann / Anni,Narvusi,33,18
Anna / Anne / Ann / Anni,Noarootsi,1,1
Anna / Anne / Ann / Anni,Nurmes,1,1
Anna / Anne / Ann / Anni,Nurmijärvi,1,1
Anna / Anne / Ann / Anni,Nõo,9,7
Anna / Anne / Ann / Anni,Orimattila,1,1
Anna / Anne / Ann / Anni,Otepää,12,10
Anna / Anne / Ann / Anni,Oulu,1,1
Anna / Anne / Ann / Anni,Paatene,16,1
Anna / Anne / Ann / Anni,Paattinen,2,2
Anna / Anne / Ann / Anni,Paide,11,5
Anna / Anne / Ann / Anni,Paistu,52,25
Anna / Anne / Ann / Anni,Palamuse,12,10
Anna / Anne / Ann / Anni,Parikkala,1,1
Anna / Anne / Ann / Anni,Peetri,16,11
Anna / Anne / Ann / Anni,Perho,1,1
Anna / Anne / Ann / Anni,Perniö,1,1
Anna / Anne / Ann / Anni,Pieksämäki,1,1
Anna / Anne / Ann / Anni,Pielisjärvi,2,1
Anna / Anne / Ann / Anni,Piippola,1,1
Anna / Anne / Ann / Anni,Pilistvere,31,10
Anna / Anne / Ann / Anni,Pirkkala,1,1
Anna / Anne / Ann / Anni,Porajärvi,4,1
Anna / Anne / Ann / Anni,Pudasjärvi,1,1
Anna / Anne / Ann / Anni,Puhja,9,5
Anna / Anne / Ann / Anni,Pukkila,1,1
Anna / Anne / Ann / Anni,Puolanka,2,2
Anna / Anne / Ann / Anni,Pyhäjärvi Ul.,1,1
Anna / Anne / Ann / Anni,Pyhäjärvi Vpl.,3,3
Anna / Anne / Ann / Anni,Pälkjärvi,1,1
Anna / Anne / Ann / Anni,Pälkäne,1,1
Anna / Anne / Ann / Anni,Pärnu,5,5
Anna / Anne / Ann / Anni,Pärnu-Jaagupi,10,7
Anna / Anne / Ann / Anni,Põltsamaa,41,15
Anna / Anne / Ann / Anni,Põlva,7,7
Anna / Anne / Ann / Anni,Pöide,22,10
Anna / Anne / Ann / Anni,Pühalepa,17,5
Anna / Anne / Ann / Anni,Raahe,1,1
Anna / Anne / Ann / Anni,Rakvere,1,1
Anna / Anne / Ann / Anni,Rannu,9,6
Anna / Anne / Ann / Anni,Ranua,1,1
Anna / Anne / Ann / Anni,Rapla,11,9
Anna / Anne / Ann / Anni,Reigi,1,1
Anna / Anne / Ann / Anni,Renko,1,1
Anna / Anne / Ann / Anni,Repola,5,4
Anna / Anne / Ann / Anni,Ridala,8,5
Anna / Anne / Ann / Anni,Risti,8,6
Anna / Anne / Ann / Anni,Ristijärvi,2,2
Anna / Anne / Ann / Anni,Rovaniemi,7,7
Anna / Anne / Ann / Anni,Rukajärvi,3,2
Anna / Anne / Ann / Anni,Räisälä,1,1
Anna / Anne / Ann / Anni,Räpina,4,4
Anna / Anne / Ann / Anni,Rõngu,8,6
Anna / Anne / Ann / Anni,Rõuge,9,5
Anna / Anne / Ann / Anni,Saarde,25,7
Anna / Anne / Ann / Anni,Saarijärvi,3,3
Anna / Anne / Ann / Anni,Sakkola,9,2
Anna / Anne / Ann / Anni,Salmi,6,4
Anna / Anne / Ann / Anni,Sangaste,22,16
Anna / Anne / Ann / Anni,Savitaipale,2,2
Anna / Anne / Ann / Anni,Seiskari,8,4
Anna / Anne / Ann / Anni,Serepetta,2,1
Anna / Anne / Ann / Anni,Setumaa,42,29
Anna / Anne / Ann / Anni,Siilinjärvi,1,1
Anna / Anne / Ann / Anni,Simo,2,1
Anna / Anne / Ann / Anni,Simuna,11,8
Anna / Anne / Ann / Anni,Skuoritsa,8,2
Anna / Anne / Ann / Anni,Soanlahti,2,2
Anna / Anne / Ann / Anni,Soikkola,24,15
Anna / Anne / Ann / Anni,Sortavala,1,1
Anna / Anne / Ann / Anni,Sotkamo,2,2
Anna / Anne / Ann / Anni,Spankkova,3,2
Anna / Anne / Ann / Anni,Suistamo,32,16
Anna / Anne / Ann / Anni,Suojärvi,28,12
Anna / Anne / Ann / Anni,Suomussalmi,1,1
Anna / Anne / Ann / Anni,Suonenjoki,1,1
Anna / Anne / Ann / Anni,Suure-Jaani,27,13
Anna / Anne / Ann / Anni,Sysmä,1,1
Anna / Anne / Ann / Anni,Sääksmäki,4,2
Anna / Anne / Ann / Anni,Sääminki,1,1
Anna / Anne / Ann / Anni,Säämäjärvi,1,1
Anna / Anne / Ann / Anni,Tampere,4,4
Anna / Anne / Ann / Anni,Tartu-Maarja,5,2
Anna / Anne / Ann / Anni,Tarvastu,51,23
Anna / Anne / Ann / Anni,Terijoki,4,1
Anna / Anne / Ann / Anni,Tervo,2,2
Anna / Anne / Ann / Anni,Tohmajärvi,1,1
Anna / Anne / Ann / Anni,Toksova,8,3
Anna / Anne / Ann / Anni,Tori,18,11
Anna / Anne / Ann / Anni,Torma,11,6
Anna / Anne / Ann / Anni,Tulemajärvi,30,17
Anna / Anne / Ann / Anni,Turku,1,1
Anna / Anne / Ann / Anni,Tuupovaara,1,1
Anna / Anne / Ann / Anni,Tuutari,1,1
Anna / Anne / Ann / Anni,Tyrväntö,1,1
Anna / Anne / Ann / Anni,Tyrö,5,4
Anna / Anne / Ann / Anni,Tõstamaa,6,5
Anna / Anne / Ann / Anni,Töysä,2,2
Anna / Anne / Ann / Anni,Türi,10,5
Anna / Anne / Ann / Anni,Urvaste,28,18
Anna / Anne / Ann / Anni,Uskela,2,2
Anna / Anne / Ann / Anni,Uusikaupunki,1,1
Anna / Anne / Ann / Anni,Vaivara,9,7
Anna / Anne / Ann / Anni,Valjala,3,1
Anna / Anne / Ann / Anni,Valkeala,1,1
Anna / Anne / Ann / Anni,Vanaja,1,1
Anna / Anne / Ann / Anni,Varbla,14,8
Anna / Anne / Ann / Anni,Vastseliina,3,2
Anna / Anne / Ann / Anni,Venjoki,1,1
Anna / Anne / Ann / Anni,Vieljärvi,3,1
Anna / Anne / Ann / Anni,Vigala,38,20
Anna / Anne / Ann / Anni,Viljandi,41,20
Anna / Anne / Ann / Anni,Virrat,2,2
Anna / Anne / Ann / Anni,Virtasalmi,1,1
Anna / Anne / Ann / Anni,Viru-Jaagupi,11,5
Anna / Anne / Ann / Anni,Viru-Nigula,30,14
Anna / Anne / Ann / Anni,Vuokkiniemi,10,5
Anna / Anne / Ann / Anni,Vuole,21,10
Anna / Anne / Ann / Anni,Väike-Maarja,24,20
Anna / Anne / Ann / Anni,Vändra,22,11
Anna / Anne / Ann / Anni,Võnnu,21,10
Anna / Anne / Ann / Anni,Ylämaa,1,1
Anna / Anne / Ann / Anni,Äksi,15,8
Catherine / Kadri / Katri,Alatornio,2,2
Catherine / Kadri / Katri,Ambla,38,7
Catherine / Kadri / Katri,Anttola,1,1
Catherine / Kadri / Katri,Asikkala,2,2
Catherine / Kadri / Katri,Audru,46,8
Catherine / Kadri / Katri,Brandval,1,1
Catherine / Kadri / Katri,Emmaste,1,1
Catherine / Kadri / Katri,Eno,1,1
Catherine / Kadri / Katri,Haljala,37,11
Catherine / Kadri / Katri,Halliste,40,18
Catherine / Kadri / Katri,Halsua,1,1
Catherine / Kadri / Katri,Hanila,10,1
Catherine / Kadri / Katri,Hargla,1,1
Catherine / Kadri / Katri,Harju-Jaani,15,2
Catherine / Kadri / Katri,Harju-Madise,5,1
Catherine / Kadri / Katri,Hartola,2,2
Catherine / Kadri / Katri,Heinävesi,1,1
Catherine / Kadri / Katri,Helme,93,10
Catherine / Kadri / Katri,Helsinki,1,1
Catherine / Kadri / Katri,Hietamäki,10,3
Catherine / Kadri / Katri,Hirvensalmi,2,2
Catherine / Kadri / Katri,Hollola,1,1
Catherine / Kadri / Katri,Hämeenlinna,1,1
Catherine / Kadri / Katri,Häädemeeste,36,4
Catherine / Kadri / Katri,Iisaku,1,1
Catherine / Kadri / Katri,Ilomantsi,12,6
Catherine / Kadri / Katri,Impilahti,5,4
Catherine / Kadri / Katri,Jaakkima,2,1
Catherine / Kadri / Katri,Joroinen,1,1
Catherine / Kadri / Katri,Joutseno,1,1
Catherine / Kadri / Katri,Juuru,23,3
Catherine / Kadri / Katri,Juva,7,7
Catherine / Kadri / Katri,Jämaja,1,1
Catherine / Kadri / Katri,Jämsä,1,1
Catherine / Kadri / Katri,Jäppilä,1,1
Catherine / Kadri / Katri,Järva-Jaani,12,4
Catherine / Kadri / Katri,Järva-Madise,7,5
Catherine / Kadri / Katri,Jääski,2,1
Catherine / Kadri / Katri,Jõhvi,6,6
Catherine / Kadri / Katri,Jüri,4,2
Catherine / Kadri / Katri,Kadrina,16,9
Catherine / Kadri / Katri,Kajaani,2,1
Catherine / Kadri / Katri,Kalajoki,21,3
Catherine / Kadri / Katri,Kambja,1,1
Catherine / Kadri / Katri,Kanepi,5,2
Catherine / Kadri / Katri,Kangasniemi,3,2
Catherine / Kadri / Katri,Kanneljärvi,1,1
Catherine / Kadri / Katri,Kaprio,1,1
Catherine / Kadri / Katri,Karksi,40,5
Catherine / Kadri / Katri,Karula,78,7
Catherine / Kadri / Katri,Karuse,30,6
Catherine / Kadri / Katri,Kaukola,2,2
Catherine / Kadri / Katri,Keila,1,1
Catherine / Kadri / Katri,Keltto,3,2
Catherine / Kadri / Katri,Kemi,1,1
Catherine / Kadri / Katri,Kemijärvi,2,2
Catherine / Kadri / Katri,Kerimäki,1,1
Catherine / Kadri / Katri,Kiihtelysvaara,1,1
Catherine / Kadri / Katri,Kitee,1,1
Catherine / Kadri / Katri,Kiuruvesi,2,1
Catherine / Kadri / Katri,Kivennapa,2,2
Catherine / Kadri / Katri,Kivijärvi,1,1
Catherine / Kadri / Katri,Kodavere,11,4
Catherine / Kadri / Katri,Koeru,6,2
Catherine / Kadri / Katri,Koivisto,5,1
Catherine / Kadri / Katri,Kokemäki,2,2
Catherine / Kadri / Katri,Kontiolahti,2,2
Catherine / Kadri / Katri,Koprina,13,6
Catherine / Kadri / Katri,Korpiselkä,1,1
Catherine / Kadri / Katri,Kose,33,4
Catherine / Kadri / Katri,Kuhmo,3,1
Catherine / Kadri / Katri,Kullamaa,13,3
Catherine / Kadri / Katri,Kuopio,1,1
Catherine / Kadri / Katri,Kuorevesi,1,1
Catherine / Kadri / Katri,Kupanitsa,15,2
Catherine / Kadri / Katri,Kurikka,1,1
Catherine / Kadri / Katri,Kuusalu,15,5
Catherine / Kadri / Katri,Kymi,1,1
Catherine / Kadri / Katri,Käina,1,1
Catherine / Kadri / Katri,Kärla,1,1
Catherine / Kadri / Katri,Kõpu,15,4
Catherine / Kadri / Katri,Laihia,1,1
Catherine / Kadri / Katri,Laiuse,17,2
Catherine / Kadri / Katri,Lapinjärvi,1,1
Catherine / Kadri / Katri,Lappee,2,2
Catherine / Kadri / Katri,Lavansaari,2,2
Catherine / Kadri / Katri,Lemi,7,5
Catherine / Kadri / Katri,Lempaala,6,6
Catherine / Kadri / Katri,Liissilä,1,1
Catherine / Kadri / Katri,Loppi,2,2
Catherine / Kadri / Katri,Luopioinen,1,1
Catherine / Kadri / Katri,Luumäki,1,1
Catherine / Kadri / Katri,Lääne-Nigula,2,1
Catherine / Kadri / Katri,Maaninka,1,1
Catherine / Kadri / Katri,Maarja-Magdaleena,3,3
Catherine / Kadri / Katri,Markkova,2,1
Catherine / Kadri / Katri,Moloskovitsa,11,7
Catherine / Kadri / Katri,Muhos,1,1
Catherine / Kadri / Katri,Muhu,18,8
Catherine / Kadri / Katri,Mynämäki,2,2
Catherine / Kadri / Katri,Märjamaa,17,4
Catherine / Kadri / Katri,Narvusi,79,39
Catherine / Kadri / Katri,Nurmes,3,3
Catherine / Kadri / Katri,Nõo,5,1
Catherine / Kadri / Katri,Orimattila,2,2
Catherine / Kadri / Katri,Otepää,1,1
Catherine / Kadri / Katri,Oulu,1,1
Catherine / Kadri / Katri,Paistu,141,7
Catherine / Kadri / Katri,Palamuse,33,6
Catherine / Kadri / Katri,Parainen,1,1
Catherine / Kadri / Katri,Parikkala,1,1
Catherine / Kadri / Katri,Peetri,23,5
Catherine / Kadri / Katri,Perho,1,1
Catherine / Kadri / Katri,Perniö,1,1
Catherine / Kadri / Katri,Pielavesi,3,1
Catherine / Kadri / Katri,Pielisjärvi,1,1
Catherine / Kadri / Katri,Pomarkku,1,1
Catherine / Kadri / Katri,Puolanka,3,2
Catherine / Kadri / Katri,Pusula,2,1
Catherine / Kadri / Katri,Puumala,1,1
Catherine / Kadri / Katri,Pyhäjärvi Vpl.,11,1
Catherine / Kadri / Katri,Pärnu,7,2
Catherine / Kadri / Katri,Pärnu-Jaagupi,38,5
Catherine / Kadri / Katri,Põltsamaa,18,4
Catherine / Kadri / Katri,Põlva,22,4
Catherine / Kadri / Katri,Pöide,3,1
Catherine / Kadri / Katri,Pöytyä,1,1
Catherine / Kadri / Katri,Pühalepa,1,1
Catherine / Kadri / Katri,Rakvere,17,3
Catherine / Kadri / Katri,Rannu,1,1
Catherine / Kadri / Katri,Rapla,7,2
Catherine / Kadri / Katri,Repola,2,1
Catherine / Kadri / Katri,Risti,26,5
Catherine / Kadri / Katri,Rovaniemi,2,2
Catherine / Kadri / Katri,Ruameška,1,1
Catherine / Kadri / Katri,Ruotsinpyhtää,1,1
Catherine / Kadri / Katri,Ruovesi,1,1
Catherine / Kadri / Katri,Räpina,75,6
Catherine / Kadri / Katri,Rääkkylä,3,2
Catherine / Kadri / Katri,Rääpyvä,5,1
Catherine / Kadri / Katri,Rõngu,5,4
Catherine / Kadri / Katri,Rõuge,10,3
Catherine / Kadri / Katri,Saarde,3,1
Catherine / Kadri / Katri,Saarijärvi,1,1
Catherine / Kadri / Katri,Sakkola,1,1
Catherine / Kadri / Katri,Salmi,1,1
Catherine / Kadri / Katri,Sangaste,6,4
Catherine / Kadri / Katri,Sauvo,1,1
Catherine / Kadri / Katri,Savitaipale,1,1
Catherine / Kadri / Katri,Savonlinna,2,1
Catherine / Kadri / Katri,Savonranta,1,1
Catherine / Kadri / Katri,Seiskari,1,1
Catherine / Kadri / Katri,Serepetta,6,4
Catherine / Kadri / Katri,Setumaa,32,9
Catherine / Kadri / Katri,Simuna,26,4
Catherine / Kadri / Katri,Skuoritsa,1,1
Catherine / Kadri / Katri,Soanlahti,5,3
Catherine / Kadri / Katri,Sodankylä,1,1
Catherine / Kadri / Katri,Soikkola,22,11
Catherine / Kadri / Katri,Soini,3,3
Catherine / Kadri / Katri,Sonkajärvi,1,1
Catherine / Kadri / Katri,Sortavala,8,5
Catherine / Kadri / Katri,Soutjärvi,2,2
Catherine / Kadri / Katri,Suistamo,12,10
Catherine / Kadri / Katri,Suojärvi,3,2
Catherine / Kadri / Katri,Suomenniemi,1,1
Catherine / Kadri / Katri,Suomusjärvi,1,1
Catherine / Kadri / Katri,Suomussalmi,2,1
Catherine / Kadri / Katri,Suure-Jaani,17,7
Catherine / Kadri / Katri,Sääksmäki,1,1
Catherine / Kadri / Katri,Sääminki,1,1
Catherine / Kadri / Katri,Taivassalo,1,1
Catherine / Kadri / Katri,Tammela,2,2
Catherine / Kadri / Katri,Tampere,1,1
Catherine / Kadri / Katri,Tartu-Maarja,4,2
Catherine / Kadri / Katri,Tarvastu,20,8
Catherine / Kadri / Katri,Teisko,1,1
Catherine / Kadri / Katri,Terijoki,1,1
Catherine / Kadri / Katri,Tervo,1,1
Catherine / Kadri / Katri,Tohmajärvi,4,3
Catherine / Kadri / Katri,Toksova,11,4
Catherine / Kadri / Katri,Tolmačču,2,1
Catherine / Kadri / Katri,Tori,22,5
Catherine / Kadri / Katri,Torma,5,5
Catherine / Kadri / Katri,Turku,2,2
Catherine / Kadri / Katri,Tuupovaara,9,2
Catherine / Kadri / Katri,Tuutari,1,1
Catherine / Kadri / Katri,Tyrö,24,9
Catherine / Kadri / Katri,Tõstamaa,22,8
Catherine / Kadri / Katri,Türi,19,3
Catherine / Kadri / Katri,Uhtua,4,2
Catherine / Kadri / Katri,Urvaste,12,5
Catherine / Kadri / Katri,Uskela,2,2
Catherine / Kadri / Katri,Uukuniemi,5,2
Catherine / Kadri / Katri,Uusikirkko Tl.,2,2
Catherine / Kadri / Katri,Vaasa,1,1
Catherine / Kadri / Katri,Vahto,1,1
Catherine / Kadri / Katri,Vaivara,3,3
Catherine / Kadri / Katri,Valtimo,2,2
Catherine / Kadri / Katri,Varbla,11,3
Catherine / Kadri / Katri,Vastseliina,4,3
Catherine / Kadri / Katri,Venjoki,22,3
Catherine / Kadri / Katri,Veteli,1,1
Catherine / Kadri / Katri,Vieljärvi,1,1
Catherine / Kadri / Katri,Vigala,26,7
Catherine / Kadri / Katri,Viipuri,1,1
Catherine / Kadri / Katri,Viitasaari,2,2
Catherine / Kadri / Katri,Viljakkala,1,1
Catherine / Kadri / Katri,Viljandi,69,8
Catherine / Kadri / Katri,Virrat,3,1
Catherine / Kadri / Katri,Virtasalmi,1,1
Catherine / Kadri / Katri,Viru-Jaagupi,5,1
Catherine / Kadri / Katri,Viru-Nigula,5,4
Catherine / Kadri / Katri,Vuole,22,5
Catherine / Kadri / Katri,Väike-Maarja,7,2
Catherine / Kadri / Katri,Vändra,13,8
Catherine / Kadri / Katri,Värtsilä,1,1
Catherine / Kadri / Katri,Võnnu,6,3
Catherine / Kadri / Katri,Yläne,1,1
Catherine / Kadri / Katri,Äksi,6,3
Jesus / Christ,Alatornio,1,1
Jesus / Christ,Alavus,2,2
Jesus / Christ,Ambla,13,4
Jesus / Christ,Asikkala,5,3
Jesus / Christ,Brandval,4,2
Jesus / Christ,Eno,4,4
Jesus / Christ,Enontekiö,1,1
Jesus / Christ,Eräjärvi,1,1
Jesus / Christ,Evijärvi,1,1
Jesus / Christ,Fryksände,2,1
Jesus / Christ,Grue Finnskog,4,3
Jesus / Christ,Haapajärvi,1,1
Jesus / Christ,Hailuoto,3,2
Jesus / Christ,Haljala,7,7
Jesus / Christ,Halliste,2,2
Jesus / Christ,Hanila,1,1
Jesus / Christ,Hargla,1,1
Jesus / Christ,Harjavalta,1,1
Jesus / Christ,Harju-Jaani,1,1
Jesus / Christ,Hartola,6,6
Jesus / Christ,Hattula,4,4
Jesus / Christ,Hauho,7,4
Jesus / Christ,Haukipudas,2,1
Jesus / Christ,Helme,3,2
Jesus / Christ,Hietamäki,2,2
Jesus / Christ,Hiitola,1,1
Jesus / Christ,Hirvensalmi,4,2
Jesus / Christ,Huittinen,1,1
Jesus / Christ,Hämeenkyrö,1,1
Jesus / Christ,Häädemeeste,1,1
Jesus / Christ,Iisalmi,5,4
Jesus / Christ,Iitti,3,3
Jesus / Christ,Ilomantsi,58,39
Jesus / Christ,Impilahti,30,20
Jesus / Christ,Isojoki,6,4
Jesus / Christ,Isokyrö,5,4
Jesus / Christ,Jaakkima,3,2
Jesus / Christ,Jaala,2,1
Jesus / Christ,Jalasjärvi,9,5
Jesus / Christ,Jokioinen,6,5
Jesus / Christ,Joroinen,6,4
Jesus / Christ,Joutsa,2,2
Jesus / Christ,Joutseno,2,2
Jesus / Christ,Junosuvanto,1,1
Jesus / Christ,Jurva,5,5
Jesus / Christ,Juuka,6,6
Jesus / Christ,Juupajoki,2,1
Jesus / Christ,Juuru,2,1
Jesus / Christ,Juva,30,21
Jesus / Christ,Jällivaara,8,7
Jesus / Christ,Jämsä,3,3
Jesus / Christ,Jäppilä,1,1
Jesus / Christ,Järva-Jaani,2,1
Jesus / Christ,Jõelähtme,3,2
Jesus / Christ,Jõhvi,9,6
Jesus / Christ,Jüri,1,1
Jesus / Christ,Kaarma,3,1
Jesus / Christ,Kaavi,3,3
Jesus / Christ,Kadrina,18,7
Jesus / Christ,Kalajoki,2,1
Jesus / Christ,Kalvola,4,3
Jesus / Christ,Kanepi,2,1
Jesus / Christ,Kangasniemi,6,4
Jesus / Christ,Kankaanpää,3,2
Jesus / Christ,Kanneljärvi,3,2
Jesus / Christ,Kannus,1,1
Jesus / Christ,Kaprio,15,11
Jesus / Christ,Karkku,6,4
Jesus / Christ,Karksi,3,2
Jesus / Christ,Karttula,3,3
Jesus / Christ,Karula,1,1
Jesus / Christ,Karunki,1,1
Jesus / Christ,Kattila,8,4
Jesus / Christ,Kauhava,7,5
Jesus / Christ,Kaustinen,1,1
Jesus / Christ,Keitele,1,1
Jesus / Christ,Keltto,1,1
Jesus / Christ,Kemi,6,3
Jesus / Christ,Kerimäki,4,4
Jesus / Christ,Kestilä,4,1
Jesus / Christ,Kesälahti,13,7
Jesus / Christ,Kiestinki,2,2
Jesus / Christ,Kiihtelysvaara,9,6
Jesus / Christ,Kiikala,1,1
Jesus / Christ,Kiimaisjärvi,1,1
Jesus / Christ,Kitee,46,28
Jesus / Christ,Kittilä,3,2
Jesus / Christ,Kiukainen,2,1
Jesus / Christ,Kiuruvesi,10,5
Jesus / Christ,Kivennapa,2,2
Jesus / Christ,Kivijärvi,7,7
Jesus / Christ,Kodavere,8,4
Jesus / Christ,Koeru,8,5
Jesus / Christ,Koivisto,6,3
Jesus / Christ,Kolari,3,3
Jesus / Christ,Kolga-Jaani,4,2
Jesus / Christ,Kontiolahti,4,3
Jesus / Christ,Kontokki,3,3
Jesus / Christ,Koprina,12,8
Jesus / Christ,Korpilahti,13,12
Jesus / Christ,Korpilompolo,2,2
Jesus / Christ,Korpiselkä,40,22
Jesus / Christ,Kortesjärvi,1,1
Jesus / Christ,Koski Hl.,4,2
Jesus / Christ,Koski Tl.,3,2
Jesus / Christ,Kuhmo,1,1
Jesus / Christ,Kuhmoinen,8,5
Jesus / Christ,Kuolemajärvi,1,1
Jesus / Christ,Kuopio,4,4
Jesus / Christ,Kuorevesi,3,3
Jesus / Christ,Kupanitsa,6,3
Jesus / Christ,Kurikka,1,1
Jesus / Christ,Kuru,2,1
Jesus / Christ,Kuusalu,20,11
Jesus / Christ,Kuusamo,4,4
Jesus / Christ,Kuusjärvi,1,1
Jesus / Christ,Kylmäkoski,1,1
Jesus / Christ,Kärkölä,1,1
Jesus / Christ,Kõpu,2,2
Jesus / Christ,Laihia,2,2
Jesus / Christ,Laiuse,6,5
Jesus / Christ,Lammi,2,1
Jesus / Christ,Lappajärvi,1,1
Jesus / Christ,Lappee,1,1
Jesus / Christ,Lavansaari,1,1
Jesus / Christ,Lehtimäki,1,1
Jesus / Christ,Lempaala,85,48
Jesus / Christ,Leppävirta,4,3
Jesus / Christ,Lieto,1,1
Jesus / Christ,Liissilä,41,17
Jesus / Christ,Liperi,9,7
Jesus / Christ,Loppi,6,5
Jesus / Christ,Luhanka,2,1
Jesus / Christ,Luopioinen,3,1
Jesus / Christ,Luumäki,4,3
Jesus / Christ,Lüganuse,6,3
Jesus / Christ,Maaninka,3,3
Jesus / Christ,Maaria,1,1
Jesus / Christ,Maarja-Magdaleena,5,1
Jesus / Christ,Markkova,3,1
Jesus / Christ,Marttila,12,8
Jesus / Christ,Metsäpirtti,12,6
Jesus / Christ,Mietoinen,2,1
Jesus / Christ,Moloskovitsa,12,6
Jesus / Christ,Muhos,1,1
Jesus / Christ,Muhu,1,1
Jesus / Christ,Multia,3,2
Jesus / Christ,Muonio,1,1
Jesus / Christ,Muurla,1,1
Jesus / Christ,Muuruvesi,1,1
Jesus / Christ,Mäntyharju,5,3
Jesus / Christ,Narvusi,98,46
Jesus / Christ,Nastola,3,2
Jesus / Christ,Nekkula,3,2
Jesus / Christ,Nilsiä,8,8
Jesus / Christ,Nord-Kapp,3,3
Jesus / Christ,Norra Finnskoga,3,2
Jesus / Christ,Nousiainen,1,1
Jesus / Christ,Nurmes,8,6
Jesus / Christ,Nyskoga,2,2
Jesus / Christ,Orsa,1,1
Jesus / Christ,Oulu,3,3
Jesus / Christ,Padasjoki,1,1
Jesus / Christ,Paistu,1,1
Jesus / Christ,Pajala,5,5
Jesus / Christ,Palamuse,6,3
Jesus / Christ,Paltamo,3,3
Jesus / Christ,Parkano,6,5
Jesus / Christ,Perniö,1,1
Jesus / Christ,Pieksämäki,3,3
Jesus / Christ,Pielavesi,9,6
Jesus / Christ,Pielisjärvi,12,7
Jesus / Christ,Piippola,4,2
Jesus / Christ,Pilistvere,3,3
Jesus / Christ,Pirkkala,2,2
Jesus / Christ,Pistojärvi,3,3
Jesus / Christ,Polvijärvi,1,1
Jesus / Christ,Pomarkku,1,1
Jesus / Christ,Porajärvi,14,13
Jesus / Christ,Pori,3,3
Jesus / Christ,Porsanki,3,3
Jesus / Christ,Pudasjärvi,1,1
Jesus / Christ,Puhja,3,3
Jesus / Christ,Puolanka,3,3
Jesus / Christ,Puumala,3,3
Jesus / Christ,Pyhäjärvi Ol.,2,2
Jesus / Christ,Pyhäjärvi Ul.,2,1
Jesus / Christ,Pyhäjärvi Vpl.,3,3
Jesus / Christ,Pyhämaa,1,1
Jesus / Christ,Pälkjärvi,3,1
Jesus / Christ,Pälkäne,2,2
Jesus / Christ,Pärnu-Jaagupi,7,1
Jesus / Christ,Põltsamaa,5,3
Jesus / Christ,Põlva,1,1
Jesus / Christ,Pöide,1,1
Jesus / Christ,Pühalepa,1,1
Jesus / Christ,Rannu,5,2
Jesus / Christ,Rantasalmi,4,3
Jesus / Christ,Rantsila,4,2
Jesus / Christ,Rautavaara,10,5
Jesus / Christ,Rautjärvi,2,2
Jesus / Christ,Rautu,4,3
Jesus / Christ,Reisjärvi,1,1
Jesus / Christ,Renko,2,2
Jesus / Christ,Repola,12,4
Jesus / Christ,Riipuskala,2,2
Jesus / Christ,Riistavesi,1,1
Jesus / Christ,Risti,2,1
Jesus / Christ,Ristiina,3,2
Jesus / Christ,Ropsu,3,1
Jesus / Christ,Rovaniemi,5,5
Jesus / Christ,Ruskeala,2,2
Jesus / Christ,Räisälä,2,1
Jesus / Christ,Räpina,14,2
Jesus / Christ,Rääkkylä,8,7
Jesus / Christ,Rääpyvä,3,3
Jesus / Christ,Rõngu,14,10
Jesus / Christ,Rõuge,1,1
Jesus / Christ,Saarde,10,5
Jesus / Christ,Saarijärvi,1,1
Jesus / Christ,Sahalahti,3,2
Jesus / Christ,Sakkola,11,6
Jesus / Christ,Salmi,44,18
Jesus / Christ,Sangaste,8,5
Jesus / Christ,Sauvo,4,2
Jesus / Christ,Savitaipale,3,2
Jesus / Christ,Seiskari,1,1
Jesus / Christ,Serepetta,2,2
Jesus / Christ,Setumaa,65,16
Jesus / Christ,Siikainen,1,1
Jesus / Christ,Simo,1,1
Jesus / Christ,Simuna,5,4
Jesus / Christ,Skuoritsa,5,2
Jesus / Christ,Soanlahti,12,8
Jesus / Christ,Sodankylä,9,9
Jesus / Christ,Soikkola,24,15
Jesus / Christ,Somerniemi,2,2
Jesus / Christ,Somero,7,5
Jesus / Christ,Sonkajärvi,2,2
Jesus / Christ,Sortavala,8,5
Jesus / Christ,Sotkamo,4,4
Jesus / Christ,Soutjärvi,3,2
Jesus / Christ,Spankkova,5,3
Jesus / Christ,Suistamo,180,67
Jesus / Christ,Suojärvi,62,15
Jesus / Christ,Suomussalmi,2,2
Jesus / Christ,Suonenjoki,6,3
Jesus / Christ,Suoniemi,2,2
Jesus / Christ,Suure-Jaani,6,4
Jesus / Christ,Sysmä,6,4
Jesus / Christ,Sääksmäki,25,12
Jesus / Christ,Sääminki,1,1
Jesus / Christ,Södra Finnskoga,4,4
Jesus / Christ,Taipalsaari,1,1
Jesus / Christ,Tammela,14,12
Jesus / Christ,Tampere,1,1
Jesus / Christ,Tarvasjoki,1,1
Jesus / Christ,Tarvastu,7,5
Jesus / Christ,Teisko,2,1
Jesus / Christ,Terijoki,1,1
Jesus / Christ,Tervo,1,1
Jesus / Christ,Tervola,1,1
Jesus / Christ,Tohmajärvi,23,14
Jesus / Christ,Toksova,2,2
Jesus / Christ,Tori,17,7
Jesus / Christ,Tottijärvi,1,1
Jesus / Christ,Tulemajärvi,8,7
Jesus / Christ,Tuulos,3,2
Jesus / Christ,Tuupovaara,1,1
Jesus / Christ,Tuutari,4,2
Jesus / Christ,Tyrvää,4,2
Jesus / Christ,Tyrö,13,8
Jesus / Christ,Tytärsaari,1,1
Jesus / Christ,Tõstamaa,1,1
Jesus / Christ,Töysä,2,2
Jesus / Christ,Türi,4,3
Jesus / Christ,Uhtua,4,4
Jesus / Christ,Urjala,1,1
Jesus / Christ,Urvaste,33,7
Jesus / Christ,Uskela,1,1
Jesus / Christ,Uukuniemi,8,3
Jesus / Christ,Uusikaarlepyy,1,1
Jesus / Christ,Uusikaupunki,1,1
Jesus / Christ,Valjala,1,1
Jesus / Christ,Valkjärvi,3,2
Jesus / Christ,Valtimo,2,2
Jesus / Christ,Vanaja,2,1
Jesus / Christ,Varpaisjärvi,7,6
Jesus / Christ,Vastseliina,49,13
Jesus / Christ,Vehmaa,1,1
Jesus / Christ,Venjoki,5,2
Jesus / Christ,Vesilahti,2,1
Jesus / Christ,Vigala,7,5
Jesus / Christ,Vihanti,1,1
Jesus / Christ,Viipuri,1,1
Jesus / Christ,Viljakkala,2,1
Jesus / Christ,Viljandi,12,4
Jesus / Christ,Virrat,2,2
Jesus / Christ,Virtasalmi,2,2
Jesus / Christ,Viru-Nigula,2,1
Jesus / Christ,Vitele,1,1
Jesus / Christ,Vittanki,2,2
Jesus / Christ,Vuokkiniemi,13,9
Jesus / Christ,Vuole,24,16
Jesus / Christ,Vähäkyrö,5,1
Jesus / Christ,Väike-Maarja,7,6
Jesus / Christ,Vändra,1,1
Jesus / Christ,Ylihärmä,1,1
Jesus / Christ,Yläne,3,3
Jesus / Christ,Ypäjä,1,1
Jesus / Christ,Östmark,10,8
John / Jaan / Jussi / Hans,Alajärvi,1,1
John / Jaan / Jussi / Hans,Alavus,4,3
John / Jaan / Jussi / Hans,Ambla,30,20
John / Jaan / Jussi / Hans,Anseküla,4,3
John / Jaan / Jussi / Hans,Asikkala,2,2
John / Jaan / Jussi / Hans,Askainen,1,1
John / Jaan / Jussi / Hans,Audru,18,12
John / Jaan / Jussi / Hans,Emmaste,1,1
John / Jaan / Jussi / Hans,Eurajoki,1,1
John / Jaan / Jussi / Hans,Evijärvi,3,3
John / Jaan / Jussi / Hans,Forssa,2,2
John / Jaan / Jussi / Hans,Hageri,2,2
John / Jaan / Jussi / Hans,Halikko,1,1
John / Jaan / Jussi / Hans,Haljala,41,20
John / Jaan / Jussi / Hans,Halliste,55,27
John / Jaan / Jussi / Hans,Hanila,16,7
John / Jaan / Jussi / Hans,Hargla,5,3
John / Jaan / Jussi / Hans,Harju-Jaani,19,14
John / Jaan / Jussi / Hans,Harju-Madise,1,1
John / Jaan / Jussi / Hans,Harlu,1,1
John / Jaan / Jussi / Hans,Hartola,5,4
John / Jaan / Jussi / Hans,Hattula,13,11
John / Jaan / Jussi / Hans,Hauho,5,4
John / Jaan / Jussi / Hans,Haukivuori,1,1
John / Jaan / Jussi / Hans,Hausjärvi,5,5
John / Jaan / Jussi / Hans,Heinjoki,7,3
John / Jaan / Jussi / Hans,Heinävesi,13,12
John / Jaan / Jussi / Hans,Helme,40,12
John / Jaan / Jussi / Hans,Helsinki,1,1
John / Jaan / Jussi / Hans,Humppila,1,1
John / Jaan / Jussi / Hans,Hyvinkää,1,1
John / Jaan / Jussi / Hans,Hämeenkyrö,2,2
John / Jaan / Jussi / Hans,Hämeenlinna,8,7
John / Jaan / Jussi / Hans,Häädemeeste,12,11
John / Jaan / Jussi / Hans,Iisaku,4,3
John / Jaan / Jussi / Hans,Iisalmi,4,4
John / Jaan / Jussi / Hans,Iitti,2,1
John / Jaan / Jussi / Hans,Ilomantsi,13,9
John / Jaan / Jussi / Hans,Impilahti,1,1
John / Jaan / Jussi / Hans,Isojoki,1,1
John / Jaan / Jussi / Hans,Jaani,2,2
John / Jaan / Jussi / Hans,Jalasjärvi,2,2
John / Jaan / Jussi / Hans,Janakkala,3,3
John / Jaan / Jussi / Hans,Jokioinen,1,1
John / Jaan / Jussi / Hans,Joroinen,5,5
John / Jaan / Jussi / Hans,Joutseno,1,1
John / Jaan / Jussi / Hans,Juuka,1,1
John / Jaan / Jussi / Hans,Juuru,3,3
John / Jaan / Jussi / Hans,Juva,2,2
John / Jaan / Jussi / Hans,Jällivaara,1,1
John / Jaan / Jussi / Hans,Jämsä,3,2
John / Jaan / Jussi / Hans,Järva-Jaani,13,6
John / Jaan / Jussi / Hans,Järva-Madise,16,6
John / Jaan / Jussi / Hans,Jõelähtme,11,9
John / Jaan / Jussi / Hans,Jõhvi,12,10
John / Jaan / Jussi / Hans,Jüri,17,10
John / Jaan / Jussi / Hans,Kaarma,15,2
John / Jaan / Jussi / Hans,Kaavi,4,4
John / Jaan / Jussi / Hans,Kadrina,25,21
John / Jaan / Jussi / Hans,Kalajoki,1,1
John / Jaan / Jussi / Hans,Kambja,2,2
John / Jaan / Jussi / Hans,Kanepi,3,2
John / Jaan / Jussi / Hans,Kangasala,1,1
John / Jaan / Jussi / Hans,Kangaslampi,2,2
John / Jaan / Jussi / Hans,Kangasniemi,6,3
John / Jaan / Jussi / Hans,Kankaanpää,1,1
John / Jaan / Jussi / Hans,Kanneljärvi,2,2
John / Jaan / Jussi / Hans,Kaprio,4,2
John / Jaan / Jussi / Hans,Karinainen,1,1
John / Jaan / Jussi / Hans,Karja,15,3
John / Jaan / Jussi / Hans,Karksi,60,25
John / Jaan / Jussi / Hans,Karstula,1,1
John / Jaan / Jussi / Hans,Karttula,1,1
John / Jaan / Jussi / Hans,Karula,11,9
John / Jaan / Jussi / Hans,Karuna,3,3
John / Jaan / Jussi / Hans,Karunki,1,1
John / Jaan / Jussi / Hans,Karuse,38,17
John / Jaan / Jussi / Hans,Kauhajoki,2,2
John / Jaan / Jussi / Hans,Kauhava,2,2
John / Jaan / Jussi / Hans,Kaukola,2,2
John / Jaan / Jussi / Hans,Kauvatsa,1,1
John / Jaan / Jussi / Hans,Kemi,1,1
John / Jaan / Jussi / Hans,Kerimäki,1,1
John / Jaan / Jussi / Hans,Kesälahti,3,1
John / Jaan / Jussi / Hans,Kihelkonna,10,3
John / Jaan / Jussi / Hans,Kihniö,2,2
John / Jaan / Jussi / Hans,Kiihtelysvaara,2,2
John / Jaan / Jussi / Hans,Kiikka,1,1
John / Jaan / Jussi / Hans,Kiikoinen,1,1
John / Jaan / Jussi / Hans,Kiimaisjärvi,1,1
John / Jaan / Jussi / Hans,Kinnula,1,1
John / Jaan / Jussi / Hans,Kirvu,1,1
John / Jaan / Jussi / Hans,Kitee,8,4
John / Jaan / Jussi / Hans,Kiukainen,2,1
John / Jaan / Jussi / Hans,Kiuruvesi,10,7
John / Jaan / Jussi / Hans,Kivennapa,2,2
John / Jaan / Jussi / Hans,Kivijärvi,3,3
John / Jaan / Jussi / Hans,Kodavere,2,2
John / Jaan / Jussi / Hans,Koeru,68,14
John / Jaan / Jussi / Hans,Kokemäki,2,2
John / Jaan / Jussi / Hans,Kolga-Jaani,72,32
John / Jaan / Jussi / Hans,Kontiolahti,5,4
John / Jaan / Jussi / Hans,Kontokki,1,1
John / Jaan / Jussi / Hans,Koprina,4,2
John / Jaan / Jussi / Hans,Korpilahti,2,1
John / Jaan / Jussi / Hans,Korpiselkä,1,1
John / Jaan / Jussi / Hans,Kose,46,22
John / Jaan / Jussi / Hans,Koski Hl.,4,4
John / Jaan / Jussi / Hans,Koski Tl.,1,1
John / Jaan / Jussi / Hans,Kuhmo,1,1
John / Jaan / Jussi / Hans,Kuhmoinen,2,1
John / Jaan / Jussi / Hans,Kullamaa,7,5
John / Jaan / Jussi / Hans,Kuopio,2,2
John / Jaan / Jussi / Hans,Kupanitsa,1,1
John / Jaan / Jussi / Hans,Kurikka,1,1
John / Jaan / Jussi / Hans,Kurkijoki,1,1
John / Jaan / Jussi / Hans,Kursi,10,7
John / Jaan / Jussi / Hans,Kuusalu,31,16
John / Jaan / Jussi / Hans,Kuusamo,3,1
John / Jaan / Jussi / Hans,Kymi,1,1
John / Jaan / Jussi / Hans,Käina,3,3
John / Jaan / Jussi / Hans,Kärkölä,2,2
John / Jaan / Jussi / Hans,Kärla,1,1
John / Jaan / Jussi / Hans,Kärsämäki,3,2
John / Jaan / Jussi / Hans,Kõpu,12,6
John / Jaan / Jussi / Hans,Lahti,4,2
John / Jaan / Jussi / Hans,Laihia,3,3
John / Jaan / Jussi / Hans,Laitila,2,2
John / Jaan / Jussi / Hans,Laiuse,18,12
John / Jaan / Jussi / Hans,Lapinlahti,1,1
John / Jaan / Jussi / Hans,Lappajärvi,1,1
John / Jaan / Jussi / Hans,Lappee,1,1
John / Jaan / Jussi / Hans,Lapua,7,6
John / Jaan / Jussi / Hans,Lapväärtti,1,1
John / Jaan / Jussi / Hans,Lehtimäki,1,1
John / Jaan / Jussi / Hans,Lempaala,5,4
John / Jaan / Jussi / Hans,Leppävirta,8,7
John / Jaan / Jussi / Hans,Lihula,6,1
John / Jaan / Jussi / Hans,Liissilä,5,2
John / Jaan / Jussi / Hans,Liperi,1,1
John / Jaan / Jussi / Hans,Lohja,2,1
John / Jaan / Jussi / Hans,Loppi,1,1
John / Jaan / Jussi / Hans,Lumivaara,1,1
John / Jaan / Jussi / Hans,Luopioinen,4,4
John / Jaan / Jussi / Hans,Luvia,1,1
John / Jaan / Jussi / Hans,Längelmäki,1,1
John / Jaan / Jussi / Hans,Lääne-Nigula,4,2
John / Jaan / Jussi / Hans,Lüganuse,8,6
John / Jaan / Jussi / Hans,Maaninka,5,3
John / Jaan / Jussi / Hans,Maarja-Magdaleena,7,7
John / Jaan / Jussi / Hans,Markkova,1,1
John / Jaan / Jussi / Hans,Martna,11,3
John / Jaan / Jussi / Hans,Marttila,2,1
John / Jaan / Jussi / Hans,Masku,2,1
John / Jaan / Jussi / Hans,Merikarvia,1,1
John / Jaan / Jussi / Hans,Merimasku,1,1
John / Jaan / Jussi / Hans,Messukylä,1,1
John / Jaan / Jussi / Hans,Metsäpirtti,1,1
John / Jaan / Jussi / Hans,Mietoinen,1,1
John / Jaan / Jussi / Hans,Mihkli,16,8
John / Jaan / Jussi / Hans,Moloskovitsa,1,1
John / Jaan / Jussi / Hans,Mouhijärvi,3,3
John / Jaan / Jussi / Hans,Muhos,1,1
John / Jaan / Jussi / Hans,Muhu,55,20
John / Jaan / Jussi / Hans,Muolaa,5,4
John / Jaan / Jussi / Hans,Mustjala,11,8
John / Jaan / Jussi / Hans,Muurla,21,13
John / Jaan / Jussi / Hans,Muuruvesi,3,1
John / Jaan / Jussi / Hans,Mynämäki,9,5
John / Jaan / Jussi / Hans,Myrskylä,1,1
John / Jaan / Jussi / Hans,Mäntsälä,4,4
John / Jaan / Jussi / Hans,Mäntyharju,3,2
John / Jaan / Jussi / Hans,Märjamaa,27,12
John / Jaan / Jussi / Hans,Nakkila,2,2
John / Jaan / Jussi / Hans,Narvusi,11,7
John / Jaan / Jussi / Hans,Nastola,1,1
John / Jaan / Jussi / Hans,Nilsiä,4,4
John / Jaan / Jussi / Hans,Noormarkku,1,1
John / Jaan / Jussi / Hans,Nousiainen,1,1
John / Jaan / Jussi / Hans,Nurmes,11,10
John / Jaan / Jussi / Hans,Nurmijärvi,1,1
John / Jaan / Jussi / Hans,Nõo,11,4
John / Jaan / Jussi / Hans,Orimattila,2,2
John / Jaan / Jussi / Hans,Otepää,10,7
John / Jaan / Jussi / Hans,Paattinen,1,1
John / Jaan / Jussi / Hans,Paavola,2,1
John / Jaan / Jussi / Hans,Paide,16,4
John / Jaan / Jussi / Hans,Paimio,3,3
John / Jaan / Jussi / Hans,Paistu,89,18
John / Jaan / Jussi / Hans,Palamuse,12,6
John / Jaan / Jussi / Hans,Paltamo,2,2
John / Jaan / Jussi / Hans,Peetri,64,14
John / Jaan / Jussi / Hans,Perho,1,1
John / Jaan / Jussi / Hans,Perniö,1,1
John / Jaan / Jussi / Hans,Pertteli,3,3
John / Jaan / Jussi / Hans,Pielavesi,6,4
John / Jaan / Jussi / Hans,Pielisjärvi,4,4
John / Jaan / Jussi / Hans,Pihtipudas,2,1
John / Jaan / Jussi / Hans,Pilistvere,16,12
John / Jaan / Jussi / Hans,Pirkkala,1,1
John / Jaan / Jussi / Hans,Polvijärvi,1,1
John / Jaan / Jussi / Hans,Pomarkku,2,2
John / Jaan / Jussi / Hans,Pori,2,2
John / Jaan / Jussi / Hans,Pudasjärvi,5,3
John / Jaan / Jussi / Hans,Puhja,13,7
John / Jaan / Jussi / Hans,Punkalaidun,4,4
John / Jaan / Jussi / Hans,Pusula,1,1
John / Jaan / Jussi / Hans,Pyhäjärvi Ol.,5,4
John / Jaan / Jussi / Hans,Pyhäjärvi Ul.,4,3
John / Jaan / Jussi / Hans,Pyhäselkä,2,2
John / Jaan / Jussi / Hans,Pälkjärvi,1,1
John / Jaan / Jussi / Hans,Pälkäne,2,2
John / Jaan / Jussi / Hans,Pärnu,26,13
John / Jaan / Jussi / Hans,Pärnu-Jaagupi,4,4
John / Jaan / Jussi / Hans,Põltsamaa,42,14
John / Jaan / Jussi / Hans,Põlva,6,4
John / Jaan / Jussi / Hans,Pöide,9,6
John / Jaan / Jussi / Hans,Pöytyä,7,4
John / Jaan / Jussi / Hans,Pühalepa,5,3
John / Jaan / Jussi / Hans,Rakvere,3,2
John / Jaan / Jussi / Hans,Rannu,9,5
John / Jaan / Jussi / Hans,Ranua,6,6
John / Jaan / Jussi / Hans,Rapla,14,5
John / Jaan / Jussi / Hans,Rauma,1,1
John / Jaan / Jussi / Hans,Rautalampi,1,1
John / Jaan / Jussi / Hans,Rautavaara,1,1
John / Jaan / Jussi / Hans,Rautjärvi,2,1
John / Jaan / Jussi / Hans,Rautu,3,3
John / Jaan / Jussi / Hans,Reigi,3,2
John / Jaan / Jussi / Hans,Renko,6,4
John / Jaan / Jussi / Hans,Repola,2,1
John / Jaan / Jussi / Hans,Ridala,3,2
John / Jaan / Jussi / Hans,Risti,25,11
John / Jaan / Jussi / Hans,Rovaniemi,1,1
John / Jaan / Jussi / Hans,Ruokolahti,4,3
John / Jaan / Jussi / Hans,Ruotsin Ylitornio,2,1
John / Jaan / Jussi / Hans,Ruovesi,7,6
John / Jaan / Jussi / Hans,Rusko,1,1
John / Jaan / Jussi / Hans,Räisälä,2,2
John / Jaan / Jussi / Hans,Räpina,15,4
John / Jaan / Jussi / Hans,Rääkkylä,3,3
John / Jaan / Jussi / Hans,Rääpyvä,1,1
John / Jaan / Jussi / Hans,Rõngu,9,8
John / Jaan / Jussi / Hans,Rõuge,19,9
John / Jaan / Jussi / Hans,Saarde,14,4
John / Jaan / Jussi / Hans,Saarijärvi,13,13
John / Jaan / Jussi / Hans,Sakkola,7,4
John / Jaan / Jussi / Hans,Sangaste,13,10
John / Jaan / Jussi / Hans,Savonlinna,5,5
John / Jaan / Jussi / Hans,Serepetta,3,1
John / Jaan / Jussi / Hans,Setumaa,17,11
John / Jaan / Jussi / Hans,Siikajoki,1,1
John / Jaan / Jussi / Hans,Siilinjärvi,1,1
John / Jaan / Jussi / Hans,Simo,1,1
John / Jaan / Jussi / Hans,Simuna,15,8
John / Jaan / Jussi / Hans,Soanlahti,1,1
John / Jaan / Jussi / Hans,Soikkola,3,3
John / Jaan / Jussi / Hans,Somerniemi,1,1
John / Jaan / Jussi / Hans,Somero,5,5
John / Jaan / Jussi / Hans,Sonkajärvi,4,4
John / Jaan / Jussi / Hans,Sortavala,3,2
John / Jaan / Jussi / Hans,Sotkamo,3,3
John / Jaan / Jussi / Hans,Suistamo,6,5
John / Jaan / Jussi / Hans,Sulkava,1,1
John / Jaan / Jussi / Hans,Suojärvi,2,1
John / Jaan / Jussi / Hans,Suomusjärvi,3,2
John / Jaan / Jussi / Hans,Suomussalmi,1,1
John / Jaan / Jussi / Hans,Suonenjoki,5,3
John / Jaan / Jussi / Hans,Suure-Jaani,35,23
John / Jaan / Jussi / Hans,Sysmä,4,4
John / Jaan / Jussi / Hans,Sääksmäki,1,1
John / Jaan / Jussi / Hans,Taivassalo,1,1
John / Jaan / Jussi / Hans,Tammela,10,5
John / Jaan / Jussi / Hans,Tampere,3,3
John / Jaan / Jussi / Hans,Tartu-Maarja,16,6
John / Jaan / Jussi / Hans,Tarvasjoki,1,1
John / Jaan / Jussi / Hans,Tarvastu,37,17
John / Jaan / Jussi / Hans,Terijoki,1,1
John / Jaan / Jussi / Hans,Tervo,1,1
John / Jaan / Jussi / Hans,Tervola,2,1
John / Jaan / Jussi / Hans,Teuva,4,4
John / Jaan / Jussi / Hans,Tohmajärvi,1,1
John / Jaan / Jussi / Hans,Tori,20,12
John / Jaan / Jussi / Hans,Torma,11,6
John / Jaan / Jussi / Hans,Turku,3,2
John / Jaan / Jussi / Hans,Turtola,4,4
John / Jaan / Jussi / Hans,Tuulos,5,5
John / Jaan / Jussi / Hans,Tuusniemi,5,5
John / Jaan / Jussi / Hans,Tuusula,3,2
John / Jaan / Jussi / Hans,Tyrväntö,1,1
John / Jaan / Jussi / Hans,Tyrvää,3,3
John / Jaan / Jussi / Hans,Tyrö,1,1
John / Jaan / Jussi / Hans,Tytärsaari,1,1
John / Jaan / Jussi / Hans,Tõstamaa,5,5
John / Jaan / Jussi / Hans,Töysä,3,2
John / Jaan / Jussi / Hans,Türi,13,8
John / Jaan / Jussi / Hans,Uhtua,2,2
John / Jaan / Jussi / Hans,Ulvila,1,1
John / Jaan / Jussi / Hans,Urjala,4,4
John / Jaan / Jussi / Hans,Urvaste,8,7
John / Jaan / Jussi / Hans,Uskela,18,15
John / Jaan / Jussi / Hans,Uusikaupunki,2,2
John / Jaan / Jussi / Hans,Vaivara,7,5
John / Jaan / Jussi / Hans,Valjala,1,1
John / Jaan / Jussi / Hans,Vanaja,1,1
John / Jaan / Jussi / Hans,Varbla,6,3
John / Jaan / Jussi / Hans,Varkaus,5,3
John / Jaan / Jussi / Hans,Vastseliina,2,2
John / Jaan / Jussi / Hans,Vehkalahti,1,1
John / Jaan / Jussi / Hans,Vehmaa,1,1
John / Jaan / Jussi / Hans,Venjoki,4,1
John / Jaan / Jussi / Hans,Vesanto,1,1
John / Jaan / Jussi / Hans,Vesilahti,2,2
John / Jaan / Jussi / Hans,Veteli,1,1
John / Jaan / Jussi / Hans,Vigala,22,14
John / Jaan / Jussi / Hans,Vihti,2,1
John / Jaan / Jussi / Hans,Viipuri,1,1
John / Jaan / Jussi / Hans,Viljandi,53,33
John / Jaan / Jussi / Hans,Virtasalmi,2,2
John / Jaan / Jussi / Hans,Viru-Jaagupi,4,3
John / Jaan / Jussi / Hans,Viru-Nigula,11,9
John / Jaan / Jussi / Hans,Vuokkiniemi,12,3
John / Jaan / Jussi / Hans,Vuole,11,6
John / Jaan / Jussi / Hans,Väike-Maarja,22,13
John / Jaan / Jussi / Hans,Vändra,24,11
John / Jaan / Jussi / Hans,Võnnu,21,10
John / Jaan / Jussi / Hans,Ylihärmä,1,1
John / Jaan / Jussi / Hans,Ylikiiminki,1,1
John / Jaan / Jussi / Hans,Ylistaro,2,2
John / Jaan / Jussi / Hans,Yläne,4,2
John / Jaan / Jussi / Hans,Ypäjä,1,1
John / Jaan / Jussi / Hans,Äksi,10,7
John / Jaan / Jussi / Hans,Östmark,1,1
Martin / Mart / Märt,Ambla,46,12
Martin / Mart / Märt,Anseküla,3,2
Martin / Mart / Märt,Audru,29,5
Martin / Mart / Märt,Hageri,13,3
Martin / Mart / Märt,Halikko,1,1
Martin / Mart / Märt,Haljala,67,10
Martin / Mart / Märt,Halliste,250,18
Martin / Mart / Märt,Hanila,8,2
Martin / Mart / Märt,Hargla,3,1
Martin / Mart / Märt,Harju-Jaani,16,5
Martin / Mart / Märt,Harju-Madise,3,2
Martin / Mart / Märt,Haukipudas,1,1
Martin / Mart / Märt,Helme,299,10
Martin / Mart / Märt,Hietamäki,1,1
Martin / Mart / Märt,Hiitola,1,1
Martin / Mart / Märt,Häädemeeste,36,6
Martin / Mart / Märt,Iisaku,10,3
Martin / Mart / Märt,Iisalmi,2,1
Martin / Mart / Märt,Jaani,1,1
Martin / Mart / Märt,Juuru,4,2
Martin / Mart / Märt,Järva-Jaani,6,4
Martin / Mart / Märt,Järva-Madise,21,7
Martin / Mart / Märt,Jõelähtme,10,4
Martin / Mart / Märt,Jõhvi,24,8
Martin / Mart / Märt,Jüri,1,1
Martin / Mart / Märt,Kaarma,9,3
Martin / Mart / Märt,Kadrina,5,3
Martin / Mart / Märt,Kambja,12,2
Martin / Mart / Märt,Kanepi,6,4
Martin / Mart / Märt,Kaprio,1,1
Martin / Mart / Märt,Karksi,78,12
Martin / Mart / Märt,Karuse,46,7
Martin / Mart / Märt,Kattila,1,1
Martin / Mart / Märt,Keila,10,3
Martin / Mart / Märt,Kestilä,1,1
Martin / Mart / Märt,Kiestinki,1,1
Martin / Mart / Märt,Kirbla,1,1
Martin / Mart / Märt,Kiuruvesi,2,2
Martin / Mart / Märt,Kivennapa,1,1
Martin / Mart / Märt,Kivijärvi,2,2
Martin / Mart / Märt,Kodavere,34,6
Martin / Mart / Märt,Koeru,13,5
Martin / Mart / Märt,Koivisto,1,1
Martin / Mart / Märt,Kolga-Jaani,14,5
Martin / Mart / Märt,Kontokki,1,1
Martin / Mart / Märt,Kose,12,6
Martin / Mart / Märt,Kuhmo,1,1
Martin / Mart / Märt,Kullamaa,5,4
Martin / Mart / Märt,Kuolemajärvi,2,1
Martin / Mart / Märt,Kursi,6,4
Martin / Mart / Märt,Kuusalu,28,11
Martin / Mart / Märt,Käina,3,3
Martin / Mart / Märt,Kärla,3,2
Martin / Mart / Märt,Kõpu,18,7
Martin / Mart / Märt,Laiuse,22,9
Martin / Mart / Märt,Lempaala,2,1
Martin / Mart / Märt,Loppi,1,1
Martin / Mart / Märt,Lääne-Nigula,3,3
Martin / Mart / Märt,Lüganuse,11,4
Martin / Mart / Märt,Maarja-Magdaleena,9,3
Martin / Mart / Märt,Martna,8,2
Martin / Mart / Märt,Metsäpirtti,1,1
Martin / Mart / Märt,Mihkli,29,4
Martin / Mart / Märt,Muhos,1,1
Martin / Mart / Märt,Mustjala,4,2
Martin / Mart / Märt,Mäntyharju,1,1
Martin / Mart / Märt,Märjamaa,23,6
Martin / Mart / Märt,Narvusi,5,3
Martin / Mart / Märt,Nissi,2,1
Martin / Mart / Märt,Nurmes,2,2
Martin / Mart / Märt,Nõo,16,2
Martin / Mart / Märt,Orimattila,1,1
Martin / Mart / Märt,Paide,3,2
Martin / Mart / Märt,Paistu,152,9
Martin / Mart / Märt,Palamuse,70,7
Martin / Mart / Märt,Paltamo,1,1
Martin / Mart / Märt,Peetri,9,7
Martin / Mart / Märt,Pielavesi,1,1
Martin / Mart / Märt,Pihtipudas,1,1
Martin / Mart / Märt,Piippola,1,1
Martin / Mart / Märt,Pilistvere,40,9
Martin / Mart / Märt,Pudasjärvi,2,2
Martin / Mart / Märt,Puhja,20,2
Martin / Mart / Märt,Puolanka,1,1
Martin / Mart / Märt,Pusula,1,1
Martin / Mart / Märt,Puumala,1,1
Martin / Mart / Märt,Pyhäjärvi Ol.,1,1
Martin / Mart / Märt,Pyhäjärvi Vpl.,2,1
Martin / Mart / Märt,Pärnu,61,10
Martin / Mart / Märt,Pärnu-Jaagupi,54,16
Martin / Mart / Märt,Põltsamaa,25,9
Martin / Mart / Märt,Põlva,6,3
Martin / Mart / Märt,Pöide,8,5
Martin / Mart / Märt,Pühalepa,1,1
Martin / Mart / Märt,Rakvere,5,3
Martin / Mart / Märt,Rannu,7,1
Martin / Mart / Märt,Rapla,19,2
Martin / Mart / Märt,Reigi,4,2
Martin / Mart / Märt,Ridala,16,2
Martin / Mart / Märt,Risti,1,1
Martin / Mart / Märt,Räpina,22,5
Martin / Mart / Märt,Rõngu,95,3
Martin / Mart / Märt,Saarde,85,15
Martin / Mart / Märt,Sangaste,17,5
Martin / Mart / Märt,Serepetta,1,1
Martin / Mart / Märt,Setumaa,11,3
Martin / Mart / Märt,Simuna,11,2
Martin / Mart / Märt,Suure-Jaani,152,16
Martin / Mart / Märt,Tartu-Maarja,14,5
Martin / Mart / Märt,Tarvastu,188,11
Martin / Mart / Märt,Tervo,1,1
Martin / Mart / Märt,Teuva,1,1
Martin / Mart / Märt,Toksova,1,1
Martin / Mart / Märt,Tori,75,12
Martin / Mart / Märt,Torma,201,5
Martin / Mart / Märt,Tytärsaari,2,1
Martin / Mart / Märt,Tõstamaa,62,11
Martin / Mart / Märt,Türi,18,6
Martin / Mart / Märt,Urvaste,80,11
Martin / Mart / Märt,Vaivara,9,4
Martin / Mart / Märt,Valtimo,1,1
Martin / Mart / Märt,Varbla,60,6
Martin / Mart / Märt,Vieremä,2,2
Martin / Mart / Märt,Vigala,33,6
Martin / Mart / Märt,Viitasaari,1,1
Martin / Mart / Märt,Viljandi,64,7
Martin / Mart / Märt,Viru-Jaagupi,21,4
Martin / Mart / Märt,Viru-Nigula,37,12
Martin / Mart / Märt,Vuole,1,1
Martin / Mart / Märt,Väike-Maarja,57,13
Martin / Mart / Märt,Vändra,98,13
Martin / Mart / Märt,Võnnu,30,4
Martin / Mart / Märt,Äksi,44,4
Mary / Maria / Maarja / Mari,Alastaro,2,1
Mary / Maria / Maarja / Mari,Alatornio,6,6
Mary / Maria / Maarja / Mari,Alavus,4,3
Mary / Maria / Maarja / Mari,Ambla,21,18
Mary / Maria / Maarja / Mari,Anttola,1,1
Mary / Maria / Maarja / Mari,Asikkala,10,10
Mary / Maria / Maarja / Mari,Audru,17,8
Mary / Maria / Maarja / Mari,Brandval,4,2
Mary / Maria / Maarja / Mari,Emmaste,1,1
Mary / Maria / Maarja / Mari,Eno,2,2
Mary / Maria / Maarja / Mari,Enontekiö,1,1
Mary / Maria / Maarja / Mari,Eräjärvi,2,2
Mary / Maria / Maarja / Mari,Evijärvi,1,1
Mary / Maria / Maarja / Mari,Forssa,1,1
Mary / Maria / Maarja / Mari,Grue Finnskog,1,1
Mary / Maria / Maarja / Mari,Hageri,1,1
Mary / Maria / Maarja / Mari,Hailuoto,3,2
Mary / Maria / Maarja / Mari,Halikko,2,2
Mary / Maria / Maarja / Mari,Haljala,117,79
Mary / Maria / Maarja / Mari,Halliste,67,47
Mary / Maria / Maarja / Mari,Hanila,8,8
Mary / Maria / Maarja / Mari,Hargla,28,21
Mary / Maria / Maarja / Mari,Harju-Jaani,31,20
Mary / Maria / Maarja / Mari,Harju-Madise,3,2
Mary / Maria / Maarja / Mari,Harlu,2,2
Mary / Maria / Maarja / Mari,Hartola,1,1
Mary / Maria / Maarja / Mari,Hattula,10,8
Mary / Maria / Maarja / Mari,Hauho,5,5
Mary / Maria / Maarja / Mari,Haukivuori,1,1
Mary / Maria / Maarja / Mari,Hausjärvi,4,4
Mary / Maria / Maarja / Mari,Heinjoki,1,1
Mary / Maria / Maarja / Mari,Heinävesi,1,1
Mary / Maria / Maarja / Mari,Helme,65,44
Mary / Maria / Maarja / Mari,Hietamäki,2,2
Mary / Maria / Maarja / Mari,Hiitola,1,1
Mary / Maria / Maarja / Mari,Hirvensalmi,1,1
Mary / Maria / Maarja / Mari,Hollola,6,5
Mary / Maria / Maarja / Mari,Huittinen,6,4
Mary / Maria / Maarja / Mari,Humppila,6,4
Mary / Maria / Maarja / Mari,Hyvinkää,4,4
Mary / Maria / Maarja / Mari,Hämeenkyrö,3,2
Mary / Maria / Maarja / Mari,Hämeenlinna,5,3
Mary / Maria / Maarja / Mari,Häädemeeste,16,11
Mary / Maria / Maarja / Mari,Iisaku,11,6
Mary / Maria / Maarja / Mari,Iisalmi,9,8
Mary / Maria / Maarja / Mari,Iitti,1,1
Mary / Maria / Maarja / Mari,Ilmajoki,2,2
Mary / Maria / Maarja / Mari,Ilomantsi,32,28
Mary / Maria / Maarja / Mari,Impilahti,17,14
Mary / Maria / Maarja / Mari,Inkere,1,1
Mary / Maria / Maarja / Mari,Isojoki,3,2
Mary / Maria / Maarja / Mari,Jaani,2,2
Mary / Maria / Maarja / Mari,Jalasjärvi,2,2
Mary / Maria / Maarja / Mari,Janakkala,8,8
Mary / Maria / Maarja / Mari,Jokioinen,5,4
Mary / Maria / Maarja / Mari,Joroinen,4,4
Mary / Maria / Maarja / Mari,Joutsa,3,2
Mary / Maria / Maarja / Mari,Jurva,1,1
Mary / Maria / Maarja / Mari,Juuka,4,4
Mary / Maria / Maarja / Mari,Juuru,5,4
Mary / Maria / Maarja / Mari,Juva,22,21
Mary / Maria / Maarja / Mari,Jyväskylä,1,1
Mary / Maria / Maarja / Mari,Jällivaara,2,2
Mary / Maria / Maarja / Mari,Jämaja,1,1
Mary / Maria / Maarja / Mari,Jämijärvi,1,1
Mary / Maria / Maarja / Mari,Jämsä,1,1
Mary / Maria / Maarja / Mari,Jäppilä,1,1
Mary / Maria / Maarja / Mari,Järva-Jaani,19,13
Mary / Maria / Maarja / Mari,Järva-Madise,11,6
Mary / Maria / Maarja / Mari,Jääski,1,1
Mary / Maria / Maarja / Mari,Jõelähtme,17,12
Mary / Maria / Maarja / Mari,Jõhvi,76,49
Mary / Maria / Maarja / Mari,Jüri,25,20
Mary / Maria / Maarja / Mari,Kaarma,6,4
Mary / Maria / Maarja / Mari,Kaavi,10,9
Mary / Maria / Maarja / Mari,Kadrina,74,51
Mary / Maria / Maarja / Mari,Kalajoki,6,4
Mary / Maria / Maarja / Mari,Kalvola,3,3
Mary / Maria / Maarja / Mari,Kambja,3,3
Mary / Maria / Maarja / Mari,Kanepi,8,7
Mary / Maria / Maarja / Mari,Kangasniemi,4,4
Mary / Maria / Maarja / Mari,Kankaanpää,5,4
Mary / Maria / Maarja / Mari,Kannonkoski,1,1
Mary / Maria / Maarja / Mari,Kaprio,42,22
Mary / Maria / Maarja / Mari,Karinainen,1,1
Mary / Maria / Maarja / Mari,Karja,2,2
Mary / Maria / Maarja / Mari,Karksi,134,80
Mary / Maria / Maarja / Mari,Karula,7,6
Mary / Maria / Maarja / Mari,Karuna,3,2
Mary / Maria / Maarja / Mari,Karunki,1,1
Mary / Maria / Maarja / Mari,Karuse,25,16
Mary / Maria / Maarja / Mari,Karvia,1,1
Mary / Maria / Maarja / Mari,Kattila,4,4
Mary / Maria / Maarja / Mari,Kauhajoki,2,2
Mary / Maria / Maarja / Mari,Kauhava,7,6
Mary / Maria / Maarja / Mari,Kaukola,1,1
Mary / Maria / Maarja / Mari,Kaustinen,2,2
Mary / Maria / Maarja / Mari,Kauvatsa,3,3
Mary / Maria / Maarja / Mari,Keila,1,1
Mary / Maria / Maarja / Mari,Keltto,2,2
Mary / Maria / Maarja / Mari,Kemi,3,3
Mary / Maria / Maarja / Mari,Kemijärvi,3,3
Mary / Maria / Maarja / Mari,Kerimäki,2,1
Mary / Maria / Maarja / Mari,Kestilä,2,2
Mary / Maria / Maarja / Mari,Kesälahti,5,4
Mary / Maria / Maarja / Mari,Kiestinki,2,1
Mary / Maria / Maarja / Mari,Kihelkonna,3,3
Mary / Maria / Maarja / Mari,Kihnu,4,4
Mary / Maria / Maarja / Mari,Kiihtelysvaara,7,6
Mary / Maria / Maarja / Mari,Kiimaisjärvi,3,3
Mary / Maria / Maarja / Mari,Kitee,19,17
Mary / Maria / Maarja / Mari,Kittilä,2,2
Mary / Maria / Maarja / Mari,Kiuruvesi,15,9
Mary / Maria / Maarja / Mari,Kivennapa,16,8
Mary / Maria / Maarja / Mari,Kivijärvi,4,4
Mary / Maria / Maarja / Mari,Kodavere,14,12
Mary / Maria / Maarja / Mari,Koeru,24,15
Mary / Maria / Maarja / Mari,Koivisto,5,5
Mary / Maria / Maarja / Mari,Kokemäki,1,1
Mary / Maria / Maarja / Mari,Kokkola,2,2
Mary / Maria / Maarja / Mari,Kolga-Jaani,73,53
Mary / Maria / Maarja / Mari,Kontiolahti,6,5
Mary / Maria / Maarja / Mari,Kontokki,9,9
Mary / Maria / Maarja / Mari,Koprina,5,4
Mary / Maria / Maarja / Mari,Korpilahti,1,1
Mary / Maria / Maarja / Mari,Korpiselkä,24,22
Mary / Maria / Maarja / Mari,Kose,32,17
Mary / Maria / Maarja / Mari,Koski Hl.,2,2
Mary / Maria / Maarja / Mari,Kuhmo,9,5
Mary / Maria / Maarja / Mari,Kuhmoinen,4,4
Mary / Maria / Maarja / Mari,Kullamaa,11,9
Mary / Maria / Maarja / Mari,Kuolemajärvi,1,1
Mary / Maria / Maarja / Mari,Kuopio,6,5
Mary / Maria / Maarja / Mari,Kuorevesi,2,2
Mary / Maria / Maarja / Mari,Kuortane,1,1
Mary / Maria / Maarja / Mari,Kupanitsa,2,2
Mary / Maria / Maarja / Mari,Kurikka,6,5
Mary / Maria / Maarja / Mari,Kursi,16,13
Mary / Maria / Maarja / Mari,Kuujärvi,1,1
Mary / Maria / Maarja / Mari,Kuusalu,114,78
Mary / Maria / Maarja / Mari,Kuusamo,8,7
Mary / Maria / Maarja / Mari,Kuusjoki,2,2
Mary / Maria / Maarja / Mari,Kuusjärvi,1,1
Mary / Maria / Maarja / Mari,Kymi,1,1
Mary / Maria / Maarja / Mari,Käina,1,1
Mary / Maria / Maarja / Mari,Kärla,1,1
Mary / Maria / Maarja / Mari,Kärsämäki,2,1
Mary / Maria / Maarja / Mari,Kõpu,5,1
Mary / Maria / Maarja / Mari,Laihia,7,7
Mary / Maria / Maarja / Mari,Laitila,3,3
Mary / Maria / Maarja / Mari,Laiuse,25,16
Mary / Maria / Maarja / Mari,Lammi,3,3
Mary / Maria / Maarja / Mari,Lappajärvi,5,4
Mary / Maria / Maarja / Mari,Lappee,5,3
Mary / Maria / Maarja / Mari,Lapua,1,1
Mary / Maria / Maarja / Mari,Lapväärtti,2,1
Mary / Maria / Maarja / Mari,Lavansaari,2,1
Mary / Maria / Maarja / Mari,Lemi,3,3
Mary / Maria / Maarja / Mari,Lempaala,23,19
Mary / Maria / Maarja / Mari,Leppävirta,5,3
Mary / Maria / Maarja / Mari,Lieto,3,2
Mary / Maria / Maarja / Mari,Lihula,3,3
Mary / Maria / Maarja / Mari,Liissilä,6,6
Mary / Maria / Maarja / Mari,Liperi,6,6
Mary / Maria / Maarja / Mari,Lohtaja,2,1
Mary / Maria / Maarja / Mari,Loppi,7,5
Mary / Maria / Maarja / Mari,Luhanka,3,3
Mary / Maria / Maarja / Mari,Lumivaara,1,1
Mary / Maria / Maarja / Mari,Luopioinen,1,1
Mary / Maria / Maarja / Mari,Luumäki,9,8
Mary / Maria / Maarja / Mari,Lääne-Nigula,4,4
Mary / Maria / Maarja / Mari,Lüganuse,27,18
Mary / Maria / Maarja / Mari,Maaninka,2,2
Mary / Maria / Maarja / Mari,Maarja-Magdaleena,26,14
Mary / Maria / Maarja / Mari,Markkova,5,2
Mary / Maria / Maarja / Mari,Martna,8,3
Mary / Maria / Maarja / Mari,Marttila,9,7
Mary / Maria / Maarja / Mari,Masku,1,1
Mary / Maria / Maarja / Mari,Merijärvi,1,1
Mary / Maria / Maarja / Mari,Merikarvia,2,2
Mary / Maria / Maarja / Mari,Metsäpirtti,11,8
Mary / Maria / Maarja / Mari,Mietoinen,1,1
Mary / Maria / Maarja / Mari,Mihkli,13,6
Mary / Maria / Maarja / Mari,Miikkulainen,3,2
Mary / Maria / Maarja / Mari,Moloskovitsa,13,10
Mary / Maria / Maarja / Mari,Mouhijärvi,11,7
Mary / Maria / Maarja / Mari,Muhos,5,4
Mary / Maria / Maarja / Mari,Muhu,14,11
Mary / Maria / Maarja / Mari,Multia,1,1
Mary / Maria / Maarja / Mari,Muolaa,8,5
Mary / Maria / Maarja / Mari,Mustjala,7,7
Mary / Maria / Maarja / Mari,Muurla,5,3
Mary / Maria / Maarja / Mari,Muuruvesi,1,1
Mary / Maria / Maarja / Mari,Mynämäki,1,1
Mary / Maria / Maarja / Mari,Mäntsälä,4,3
Mary / Maria / Maarja / Mari,Mäntyharju,7,6
Mary / Maria / Maarja / Mari,Märjamaa,10,6
Mary / Maria / Maarja / Mari,Nakkila,1,1
Mary / Maria / Maarja / Mari,Narvusi,315,124
Mary / Maria / Maarja / Mari,Nilsiä,3,3
Mary / Maria / Maarja / Mari,Nissi,4,2
Mary / Maria / Maarja / Mari,Nivala,3,2
Mary / Maria / Maarja / Mari,Norra Finnskoga,2,2
Mary / Maria / Maarja / Mari,Nousiainen,3,3
Mary / Maria / Maarja / Mari,Nurmes,21,16
Mary / Maria / Maarja / Mari,Nyskoga,1,1
Mary / Maria / Maarja / Mari,Nõo,4,4
Mary / Maria / Maarja / Mari,Oravainen,1,1
Mary / Maria / Maarja / Mari,Orimattila,4,3
Mary / Maria / Maarja / Mari,Otepää,16,14
Mary / Maria / Maarja / Mari,Oulu,4,3
Mary / Maria / Maarja / Mari,Paattinen,4,3
Mary / Maria / Maarja / Mari,Paavola,1,1
Mary / Maria / Maarja / Mari,Padasjoki,1,1
Mary / Maria / Maarja / Mari,Paide,13,5
Mary / Maria / Maarja / Mari,Paimio,6,3
Mary / Maria / Maarja / Mari,Paistu,62,44
Mary / Maria / Maarja / Mari,Palamuse,39,19
Mary / Maria / Maarja / Mari,Paltamo,6,2
Mary / Maria / Maarja / Mari,Parkano,4,4
Mary / Maria / Maarja / Mari,Peetri,25,19
Mary / Maria / Maarja / Mari,Perho,2,1
Mary / Maria / Maarja / Mari,Perniö,3,3
Mary / Maria / Maarja / Mari,Pertteli,2,2
Mary / Maria / Maarja / Mari,Pieksämäki,8,8
Mary / Maria / Maarja / Mari,Pielavesi,8,6
Mary / Maria / Maarja / Mari,Pielisjärvi,7,7
Mary / Maria / Maarja / Mari,Pihlajavesi,1,1
Mary / Maria / Maarja / Mari,Piikkiö,2,2
Mary / Maria / Maarja / Mari,Piippola,5,3
Mary / Maria / Maarja / Mari,Pilistvere,41,22
Mary / Maria / Maarja / Mari,Pistojärvi,1,1
Mary / Maria / Maarja / Mari,Polvijärvi,1,1
Mary / Maria / Maarja / Mari,Pomarkku,1,1
Mary / Maria / Maarja / Mari,Porajärvi,18,13
Mary / Maria / Maarja / Mari,Pori,1,1
Mary / Maria / Maarja / Mari,Posio,1,1
Mary / Maria / Maarja / Mari,Pudasjärvi,7,5
Mary / Maria / Maarja / Mari,Puhja,27,11
Mary / Maria / Maarja / Mari,Punkalaidun,3,2
Mary / Maria / Maarja / Mari,Puolanka,3,2
Mary / Maria / Maarja / Mari,Pusula,1,1
Mary / Maria / Maarja / Mari,Puumala,3,2
Mary / Maria / Maarja / Mari,Pyhäjärvi Ol.,2,2
Mary / Maria / Maarja / Mari,Pyhäjärvi Ul.,6,4
Mary / Maria / Maarja / Mari,Pyhäjärvi Vpl.,3,3
Mary / Maria / Maarja / Mari,Pyhäselkä,1,1
Mary / Maria / Maarja / Mari,Pylkönmäki,2,2
Mary / Maria / Maarja / Mari,Pälkjärvi,6,5
Mary / Maria / Maarja / Mari,Pälkäne,2,2
Mary / Maria / Maarja / Mari,Pärnu,14,12
Mary / Maria / Maarja / Mari,Pärnu-Jaagupi,24,10
Mary / Maria / Maarja / Mari,Põltsamaa,54,28
Mary / Maria / Maarja / Mari,Põlva,16,13
Mary / Maria / Maarja / Mari,Pöide,27,7
Mary / Maria / Maarja / Mari,Pöytyä,4,3
Mary / Maria / Maarja / Mari,Pühalepa,12,7
Mary / Maria / Maarja / Mari,Raahe,2,1
Mary / Maria / Maarja / Mari,Rakvere,3,2
Mary / Maria / Maarja / Mari,Rannu,20,11
Mary / Maria / Maarja / Mari,Rantsila,7,6
Mary / Maria / Maarja / Mari,Ranua,8,6
Mary / Maria / Maarja / Mari,Rapla,6,5
Mary / Maria / Maarja / Mari,Rauma,2,2
Mary / Maria / Maarja / Mari,Rautalampi,3,3
Mary / Maria / Maarja / Mari,Rautavaara,2,2
Mary / Maria / Maarja / Mari,Reigi,9,6
Mary / Maria / Maarja / Mari,Renko,3,2
Mary / Maria / Maarja / Mari,Repola,21,15
Mary / Maria / Maarja / Mari,Ridala,6,4
Mary / Maria / Maarja / Mari,Riipuskala,5,4
Mary / Maria / Maarja / Mari,Risti,41,16
Mary / Maria / Maarja / Mari,Ristijärvi,1,1
Mary / Maria / Maarja / Mari,Ropsu,1,1
Mary / Maria / Maarja / Mari,Rovaniemi,9,8
Mary / Maria / Maarja / Mari,Ruokolahti,1,1
Mary / Maria / Maarja / Mari,Ruotsin Ylitornio,2,1
Mary / Maria / Maarja / Mari,Ruotsinpyhtää,1,1
Mary / Maria / Maarja / Mari,Ruovesi,2,1
Mary / Maria / Maarja / Mari,Ruskeala,2,2
Mary / Maria / Maarja / Mari,Rymättylä,2,1
Mary / Maria / Maarja / Mari,Räisälä,1,1
Mary / Maria / Maarja / Mari,Räpina,63,34
Mary / Maria / Maarja / Mari,Rääkkylä,2,2
Mary / Maria / Maarja / Mari,Rääpyvä,5,4
Mary / Maria / Maarja / Mari,Rõngu,13,10
Mary / Maria / Maarja / Mari,Rõuge,38,18
Mary / Maria / Maarja / Mari,Saarde,18,12
Mary / Maria / Maarja / Mari,Saari,1,1
Mary / Maria / Maarja / Mari,Saarijärvi,16,15
Mary / Maria / Maarja / Mari,Sahalahti,3,2
Mary / Maria / Maarja / Mari,Sakkola,1,1
Mary / Maria / Maarja / Mari,Salmi,27,25
Mary / Maria / Maarja / Mari,Salo,2,2
Mary / Maria / Maarja / Mari,Sangaste,67,44
Mary / Maria / Maarja / Mari,Savitaipale,3,3
Mary / Maria / Maarja / Mari,Savonlinna,1,1
Mary / Maria / Maarja / Mari,Savonranta,5,3
Mary / Maria / Maarja / Mari,Seiskari,2,1
Mary / Maria / Maarja / Mari,Serepetta,20,9
Mary / Maria / Maarja / Mari,Setumaa,293,150
Mary / Maria / Maarja / Mari,Siikainen,1,1
Mary / Maria / Maarja / Mari,Siilinjärvi,1,1
Mary / Maria / Maarja / Mari,Simo,3,2
Mary / Maria / Maarja / Mari,Simuna,22,21
Mary / Maria / Maarja / Mari,Soanlahti,5,5
Mary / Maria / Maarja / Mari,Sodankylä,4,3
Mary / Maria / Maarja / Mari,Soikkola,117,65
Mary / Maria / Maarja / Mari,Soini,1,1
Mary / Maria / Maarja / Mari,Somerniemi,3,3
Mary / Maria / Maarja / Mari,Somero,7,4
Mary / Maria / Maarja / Mari,Sonkajärvi,1,1
Mary / Maria / Maarja / Mari,Sortavala,6,6
Mary / Maria / Maarja / Mari,Sotkamo,2,2
Mary / Maria / Maarja / Mari,Soutjärvi,2,2
Mary / Maria / Maarja / Mari,Suistamo,81,68
Mary / Maria / Maarja / Mari,Sulkava,1,1
Mary / Maria / Maarja / Mari,Suojärvi,74,50
Mary / Maria / Maarja / Mari,Suomusjärvi,1,1
Mary / Maria / Maarja / Mari,Suomussalmi,5,4
Mary / Maria / Maarja / Mari,Suonenjoki,2,1
Mary / Maria / Maarja / Mari,Suure-Jaani,34,18
Mary / Maria / Maarja / Mari,Säkkijärvi,1,1
Mary / Maria / Maarja / Mari,Sääksmäki,9,5
Mary / Maria / Maarja / Mari,Säämäjärvi,2,2
Mary / Maria / Maarja / Mari,Södra Finnskoga,2,2
Mary / Maria / Maarja / Mari,Taipalsaari,2,1
Mary / Maria / Maarja / Mari,Tammela,15,11
Mary / Maria / Maarja / Mari,Tartu-Maarja,12,10
Mary / Maria / Maarja / Mari,Tarvastu,49,38
Mary / Maria / Maarja / Mari,Terijoki,4,2
Mary / Maria / Maarja / Mari,Tervo,7,5
Mary / Maria / Maarja / Mari,Tervola,4,3
Mary / Maria / Maarja / Mari,Teuva,4,3
Mary / Maria / Maarja / Mari,Tohmajärvi,12,8
Mary / Maria / Maarja / Mari,Toholampi,1,1
Mary / Maria / Maarja / Mari,Toksova,7,3
Mary / Maria / Maarja / Mari,Tolmačču,1,1
Mary / Maria / Maarja / Mari,Tori,47,29
Mary / Maria / Maarja / Mari,Torma,19,7
Mary / Maria / Maarja / Mari,Tulemajärvi,6,5
Mary / Maria / Maarja / Mari,Turku,2,1
Mary / Maria / Maarja / Mari,Turtola,2,2
Mary / Maria / Maarja / Mari,Tuulos,2,1
Mary / Maria / Maarja / Mari,Tuupovaara,4,4
Mary / Maria / Maarja / Mari,Tuusniemi,2,1
Mary / Maria / Maarja / Mari,Tuutari,1,1
Mary / Maria / Maarja / Mari,Tyrväntö,2,1
Mary / Maria / Maarja / Mari,Tyrvää,1,1
Mary / Maria / Maarja / Mari,Tyrö,37,16
Mary / Maria / Maarja / Mari,Tõstamaa,14,12
Mary / Maria / Maarja / Mari,Töysä,6,5
Mary / Maria / Maarja / Mari,Türi,16,13
Mary / Maria / Maarja / Mari,Uhtua,12,9
Mary / Maria / Maarja / Mari,Urjala,3,2
Mary / Maria / Maarja / Mari,Urvaste,33,21
Mary / Maria / Maarja / Mari,Uskela,15,11
Mary / Maria / Maarja / Mari,Uukuniemi,9,5
Mary / Maria / Maarja / Mari,Uusikaupunki,5,5
Mary / Maria / Maarja / Mari,Uusikirkko Tl.,2,2
Mary / Maria / Maarja / Mari,Vahto,2,2
Mary / Maria / Maarja / Mari,Vaivara,28,19
Mary / Maria / Maarja / Mari,Valkeasaari,2,2
Mary / Maria / Maarja / Mari,Vanaja,4,3
Mary / Maria / Maarja / Mari,Varbla,13,10
Mary / Maria / Maarja / Mari,Varpaisjärvi,3,3
Mary / Maria / Maarja / Mari,Vastseliina,43,20
Mary / Maria / Maarja / Mari,Venjoki,13,12
Mary / Maria / Maarja / Mari,Vesilahti,4,4
Mary / Maria / Maarja / Mari,Veteli,1,1
Mary / Maria / Maarja / Mari,Vieljärvi,1,1
Mary / Maria / Maarja / Mari,Vigala,24,18
Mary / Maria / Maarja / Mari,Vihanti,4,3
Mary / Maria / Maarja / Mari,Viitasaari,2,2
Mary / Maria / Maarja / Mari,Viljakkala,1,1
Mary / Maria / Maarja / Mari,Viljandi,72,39
Mary / Maria / Maarja / Mari,Vimpeli,3,2
Mary / Maria / Maarja / Mari,Virrat,2,2
Mary / Maria / Maarja / Mari,Virtasalmi,2,2
Mary / Maria / Maarja / Mari,Viru-Jaagupi,13,8
Mary / Maria / Maarja / Mari,Viru-Nigula,35,22
Mary / Maria / Maarja / Mari,Vittanki,1,1
Mary / Maria / Maarja / Mari,Vuokkiniemi,34,22
Mary / Maria / Maarja / Mari,Vuole,21,13
Mary / Maria / Maarja / Mari,Väike-Maarja,30,24
Mary / Maria / Maarja / Mari,Vändra,8,7
Mary / Maria / Maarja / Mari,Võnnu,15,8
Mary / Maria / Maarja / Mari,Ylikiiminki,4,3
Mary / Maria / Maarja / Mari,Yläne,4,3
Mary / Maria / Maarja / Mari,Äksi,17,13
Mary / Maria / Maarja / Mari,Östmark,3,2
Peter / Pietari / Peeter,Alatornio,6,6
Peter / Pietari / Peeter,Alavus,2,1
Peter / Pietari / Peeter,Ambla,8,8
Peter / Pietari / Peeter,Anjala,3,3
Peter / Pietari / Peeter,Anseküla,3,2
Peter / Pietari / Peeter,Asikkala,7,6
Peter / Pietari / Peeter,Audru,1,1
Peter / Pietari / Peeter,Elimäki,1,1
Peter / Pietari / Peeter,Emmaste,1,1
Peter / Pietari / Peeter,Eno,6,5
Peter / Pietari / Peeter,Enonkoski,1,1
Peter / Pietari / Peeter,Haapajärvi,1,1
Peter / Pietari / Peeter,Hageri,2,2
Peter / Pietari / Peeter,Haljala,6,6
Peter / Pietari / Peeter,Halliste,17,10
Peter / Pietari / Peeter,Hanila,3,1
Peter / Pietari / Peeter,Harjavalta,1,1
Peter / Pietari / Peeter,Harju-Jaani,2,2
Peter / Pietari / Peeter,Harju-Madise,5,3
Peter / Pietari / Peeter,Hartola,1,1
Peter / Pietari / Peeter,Hattula,7,7
Peter / Pietari / Peeter,Hauho,1,1
Peter / Pietari / Peeter,Heinjoki,2,2
Peter / Pietari / Peeter,Heinävesi,14,14
Peter / Pietari / Peeter,Helme,18,12
Peter / Pietari / Peeter,Helsinki,4,4
Peter / Pietari / Peeter,Hiitola,1,1
Peter / Pietari / Peeter,Hirvensalmi,1,1
Peter / Pietari / Peeter,Hollola,2,2
Peter / Pietari / Peeter,Honkajoki,1,1
Peter / Pietari / Peeter,Huittinen,1,1
Peter / Pietari / Peeter,Hyvinkää,1,1
Peter / Pietari / Peeter,Hämeenlinna,1,1
Peter / Pietari / Peeter,Häädemeeste,1,1
Peter / Pietari / Peeter,Iisaku,1,1
Peter / Pietari / Peeter,Iisalmi,4,3
Peter / Pietari / Peeter,Ilmajoki,1,1
Peter / Pietari / Peeter,Ilomantsi,54,30
Peter / Pietari / Peeter,Impilahti,11,8
Peter / Pietari / Peeter,Inkere,1,1
Peter / Pietari / Peeter,Isojoki,1,1
Peter / Pietari / Peeter,Jaakkima,5,3
Peter / Pietari / Peeter,Jaani,2,2
Peter / Pietari / Peeter,Jalasjärvi,1,1
Peter / Pietari / Peeter,Janakkala,1,1
Peter / Pietari / Peeter,Joensuu,1,1
Peter / Pietari / Peeter,Johannes,2,2
Peter / Pietari / Peeter,Joroinen,9,7
Peter / Pietari / Peeter,Joutseno,1,1
Peter / Pietari / Peeter,Jurva,1,1
Peter / Pietari / Peeter,Juuka,3,2
Peter / Pietari / Peeter,Juva,6,6
Peter / Pietari / Peeter,Jällivaara,1,1
Peter / Pietari / Peeter,Järva-Jaani,6,5
Peter / Pietari / Peeter,Järva-Madise,5,5
Peter / Pietari / Peeter,Jõelähtme,3,3
Peter / Pietari / Peeter,Jõhvi,20,9
Peter / Pietari / Peeter,Jüri,1,1
Peter / Pietari / Peeter,Kaarina,1,1
Peter / Pietari / Peeter,Kaarma,1,1
Peter / Pietari / Peeter,Kaavi,7,7
Peter / Pietari / Peeter,Kadrina,16,13
Peter / Pietari / Peeter,Kalvola,1,1
Peter / Pietari / Peeter,Kambja,3,1
Peter / Pietari / Peeter,Kanepi,1,1
Peter / Pietari / Peeter,Kangasala,2,2
Peter / Pietari / Peeter,Kangaslampi,5,5
Peter / Pietari / Peeter,Kangasniemi,3,3
Peter / Pietari / Peeter,Kankaanpää,1,1
Peter / Pietari / Peeter,Kaprio,7,6
Peter / Pietari / Peeter,Karja,2,2
Peter / Pietari / Peeter,Karksi,27,15
Peter / Pietari / Peeter,Karstula,1,1
Peter / Pietari / Peeter,Karttula,4,4
Peter / Pietari / Peeter,Karula,2,1
Peter / Pietari / Peeter,Karuna,3,3
Peter / Pietari / Peeter,Karunki,2,2
Peter / Pietari / Peeter,Karuse,1,1
Peter / Pietari / Peeter,Kattila,4,3
Peter / Pietari / Peeter,Kauhava,1,1
Peter / Pietari / Peeter,Kaukola,2,1
Peter / Pietari / Peeter,Kaustinen,1,1
Peter / Pietari / Peeter,Keikyä,1,1
Peter / Pietari / Peeter,Keila,1,1
Peter / Pietari / Peeter,Keltto,3,2
Peter / Pietari / Peeter,Kemi,5,5
Peter / Pietari / Peeter,Kerimäki,5,4
Peter / Pietari / Peeter,Kestilä,3,2
Peter / Pietari / Peeter,Kesälahti,8,4
Peter / Pietari / Peeter,Kiihtelysvaara,9,6
Peter / Pietari / Peeter,Kiikka,1,1
Peter / Pietari / Peeter,Kiikoinen,1,1
Peter / Pietari / Peeter,Kiimaisjärvi,2,2
Peter / Pietari / Peeter,Kirvu,1,1
Peter / Pietari / Peeter,Kisko,1,1
Peter / Pietari / Peeter,Kitee,16,11
Peter / Pietari / Peeter,Kiukainen,1,1
Peter / Pietari / Peeter,Kiuruvesi,7,6
Peter / Pietari / Peeter,Kivennapa,7,6
Peter / Pietari / Peeter,Kodavere,1,1
Peter / Pietari / Peeter,Koeru,15,6
Peter / Pietari / Peeter,Koivisto,7,5
Peter / Pietari / Peeter,Kolga-Jaani,16,5
Peter / Pietari / Peeter,Konnevesi,1,1
Peter / Pietari / Peeter,Kontiolahti,7,5
Peter / Pietari / Peeter,Kontokki,1,1
Peter / Pietari / Peeter,Koprina,2,2
Peter / Pietari / Peeter,Korpiselkä,24,7
Peter / Pietari / Peeter,Kose,4,4
Peter / Pietari / Peeter,Kuhmo,3,3
Peter / Pietari / Peeter,Kuhmoinen,4,4
Peter / Pietari / Peeter,Kullamaa,2,1
Peter / Pietari / Peeter,Kuolemajärvi,2,2
Peter / Pietari / Peeter,Kuopio,7,6
Peter / Pietari / Peeter,Kupanitsa,1,1
Peter / Pietari / Peeter,Kurikka,1,1
Peter / Pietari / Peeter,Kurkijoki,1,1
Peter / Pietari / Peeter,Kursi,2,1
Peter / Pietari / Peeter,Kuujärvi,2,1
Peter / Pietari / Peeter,Kuusalu,15,12
Peter / Pietari / Peeter,Kuusjoki,2,2
Peter / Pietari / Peeter,Kuusjärvi,2,1
Peter / Pietari / Peeter,Kymi,2,2
Peter / Pietari / Peeter,Käina,1,1
Peter / Pietari / Peeter,Käkisalmi,1,1
Peter / Pietari / Peeter,Kärla,4,2
Peter / Pietari / Peeter,Kõpu,5,3
Peter / Pietari / Peeter,Lahti,1,1
Peter / Pietari / Peeter,Laihia,5,5
Peter / Pietari / Peeter,Laiuse,4,4
Peter / Pietari / Peeter,Lapinlahti,1,1
Peter / Pietari / Peeter,Lappajärvi,1,1
Peter / Pietari / Peeter,Lappee,5,3
Peter / Pietari / Peeter,Lapua,2,2
Peter / Pietari / Peeter,Lapväärtti,1,1
Peter / Pietari / Peeter,Laukaa,1,1
Peter / Pietari / Peeter,Lavansaari,1,1
Peter / Pietari / Peeter,Lekvattnet,1,1
Peter / Pietari / Peeter,Lemi,2,2
Peter / Pietari / Peeter,Lempaala,9,9
Peter / Pietari / Peeter,Leppävirta,14,14
Peter / Pietari / Peeter,Lieto,2,2
Peter / Pietari / Peeter,Liissilä,6,6
Peter / Pietari / Peeter,Liminka,2,1
Peter / Pietari / Peeter,Liperi,5,5
Peter / Pietari / Peeter,Loppi,2,2
Peter / Pietari / Peeter,Luhanka,1,1
Peter / Pietari / Peeter,Lumivaara,3,3
Peter / Pietari / Peeter,Längelmäki,2,2
Peter / Pietari / Peeter,Lääne-Nigula,2,1
Peter / Pietari / Peeter,Lüganuse,3,2
Peter / Pietari / Peeter,Maaninka,10,9
Peter / Pietari / Peeter,Maaria,2,2
Peter / Pietari / Peeter,Maarja-Magdaleena,4,3
Peter / Pietari / Peeter,Maksuatiha,2,2
Peter / Pietari / Peeter,Markkova,1,1
Peter / Pietari / Peeter,Martna,1,1
Peter / Pietari / Peeter,Merijärvi,1,1
Peter / Pietari / Peeter,Merikarvia,1,1
Peter / Pietari / Peeter,Merimasku,2,2
Peter / Pietari / Peeter,Messukylä,1,1
Peter / Pietari / Peeter,Metsäpirtti,2,2
Peter / Pietari / Peeter,Miehikkälä,1,1
Peter / Pietari / Peeter,Mikkeli,1,1
Peter / Pietari / Peeter,Moloskovitsa,9,9
Peter / Pietari / Peeter,Muhos,1,1
Peter / Pietari / Peeter,Muhu,5,3
Peter / Pietari / Peeter,Muolaa,3,2
Peter / Pietari / Peeter,Muonio,1,1
Peter / Pietari / Peeter,Mustjala,1,1
Peter / Pietari / Peeter,Muurla,2,2
Peter / Pietari / Peeter,Mäntsälä,2,2
Peter / Pietari / Peeter,Mäntyharju,3,2
Peter / Pietari / Peeter,Märjamaa,1,1
Peter / Pietari / Peeter,Narvusi,44,34
Peter / Pietari / Peeter,Nastola,2,2
Peter / Pietari / Peeter,Nekkula,1,1
Peter / Pietari / Peeter,Nilsiä,10,8
Peter / Pietari / Peeter,Noarootsi,6,1
Peter / Pietari / Peeter,Noormarkku,2,2
Peter / Pietari / Peeter,Nurmes,28,21
Peter / Pietari / Peeter,Orimattila,5,4
Peter / Pietari / Peeter,Otepää,3,3
Peter / Pietari / Peeter,Oulunsalo,1,1
Peter / Pietari / Peeter,Paatene,1,1
Peter / Pietari / Peeter,Paattinen,1,1
Peter / Pietari / Peeter,Paavola,1,1
Peter / Pietari / Peeter,Paistu,18,12
Peter / Pietari / Peeter,Palamuse,3,2
Peter / Pietari / Peeter,Paltamo,1,1
Peter / Pietari / Peeter,Parikkala,3,3
Peter / Pietari / Peeter,Parkano,3,3
Peter / Pietari / Peeter,Peetri,8,6
Peter / Pietari / Peeter,Perho,4,2
Peter / Pietari / Peeter,Perniö,3,3
Peter / Pietari / Peeter,Pertteli,1,1
Peter / Pietari / Peeter,Pieksämäki,4,4
Peter / Pietari / Peeter,Pielavesi,16,11
Peter / Pietari / Peeter,Pielisjärvi,3,2
Peter / Pietari / Peeter,Pihtipudas,1,1
Peter / Pietari / Peeter,Pilistvere,11,3
Peter / Pietari / Peeter,Polvijärvi,6,5
Peter / Pietari / Peeter,Porajärvi,15,6
Peter / Pietari / Peeter,Pori,3,3
Peter / Pietari / Peeter,Pudasjärvi,2,2
Peter / Pietari / Peeter,Puhja,5,5
Peter / Pietari / Peeter,Puolanka,1,1
Peter / Pietari / Peeter,Puumala,15,5
Peter / Pietari / Peeter,Pyhäjärvi Ol.,2,2
Peter / Pietari / Peeter,Pyhäjärvi Ul.,1,1
Peter / Pietari / Peeter,Pyhäjärvi Vpl.,4,4
Peter / Pietari / Peeter,Pyhäranta,1,1
Peter / Pietari / Peeter,Pyhäselkä,4,3
Peter / Pietari / Peeter,Pylkönmäki,1,1
Peter / Pietari / Peeter,Pälkjärvi,5,2
Peter / Pietari / Peeter,Pärnu,5,4
Peter / Pietari / Peeter,Pärnu-Jaagupi,2,2
Peter / Pietari / Peeter,Põltsamaa,8,4
Peter / Pietari / Peeter,Põlva,8,4
Peter / Pietari / Peeter,Pöide,4,3
Peter / Pietari / Peeter,Pöytyä,3,3
Peter / Pietari / Peeter,Pühalepa,4,2
Peter / Pietari / Peeter,Rakvere,1,1
Peter / Pietari / Peeter,Rannu,4,3
Peter / Pietari / Peeter,Rantsila,6,6
Peter / Pietari / Peeter,Ranua,4,3
Peter / Pietari / Peeter,Rauma,5,5
Peter / Pietari / Peeter,Rautalampi,2,2
Peter / Pietari / Peeter,Rautavaara,8,6
Peter / Pietari / Peeter,Rautu,3,3
Peter / Pietari / Peeter,Reigi,2,2
Peter / Pietari / Peeter,Renko,2,2
Peter / Pietari / Peeter,Repola,9,6
Peter / Pietari / Peeter,Risti,10,3
Peter / Pietari / Peeter,Ristiina,5,3
Peter / Pietari / Peeter,Ristijärvi,2,2
Peter / Pietari / Peeter,Rovaniemi,4,4
Peter / Pietari / Peeter,Ruokolahti,1,1
Peter / Pietari / Peeter,Ruovesi,2,2
Peter / Pietari / Peeter,Rymättylä,1,1
Peter / Pietari / Peeter,Räisälä,2,2
Peter / Pietari / Peeter,Räpina,21,5
Peter / Pietari / Peeter,Rääkkylä,8,5
Peter / Pietari / Peeter,Rõngu,9,8
Peter / Pietari / Peeter,Rõuge,2,2
Peter / Pietari / Peeter,Saari,3,3
Peter / Pietari / Peeter,Saarijärvi,7,6
Peter / Pietari / Peeter,Sakkola,2,2
Peter / Pietari / Peeter,Salmi,21,8
Peter / Pietari / Peeter,Salo,1,1
Peter / Pietari / Peeter,Sandova,1,1
Peter / Pietari / Peeter,Sangaste,8,4
Peter / Pietari / Peeter,Sauvo,2,2
Peter / Pietari / Peeter,Savitaipale,4,2
Peter / Pietari / Peeter,Savonlinna,6,4
Peter / Pietari / Peeter,Seiskari,2,1
Peter / Pietari / Peeter,Serepetta,5,5
Peter / Pietari / Peeter,Setumaa,11,5
Peter / Pietari / Peeter,Siilinjärvi,1,1
Peter / Pietari / Peeter,Simo,4,3
Peter / Pietari / Peeter,Simuna,3,2
Peter / Pietari / Peeter,Sippola,2,1
Peter / Pietari / Peeter,Skuoritsa,1,1
Peter / Pietari / Peeter,Soanlahti,10,8
Peter / Pietari / Peeter,Sodankylä,1,1
Peter / Pietari / Peeter,Soikkola,36,22
Peter / Pietari / Peeter,Somerniemi,1,1
Peter / Pietari / Peeter,Somero,2,2
Peter / Pietari / Peeter,Sonkajärvi,16,16
Peter / Pietari / Peeter,Sortavala,4,4
Peter / Pietari / Peeter,Sotkamo,5,4
Peter / Pietari / Peeter,Soutjärvi,10,8
Peter / Pietari / Peeter,Spankkova,1,1
Peter / Pietari / Peeter,Suistamo,58,24
Peter / Pietari / Peeter,Sulkava,2,2
Peter / Pietari / Peeter,Suojärvi,37,18
Peter / Pietari / Peeter,Suomusjärvi,2,2
Peter / Pietari / Peeter,Suomussalmi,1,1
Peter / Pietari / Peeter,Suonenjoki,1,1
Peter / Pietari / Peeter,Suure-Jaani,10,8
Peter / Pietari / Peeter,Sysmä,1,1
Peter / Pietari / Peeter,Säfsnäs,1,1
Peter / Pietari / Peeter,Säkkijärvi,1,1
Peter / Pietari / Peeter,Säräisniemi,2,2
Peter / Pietari / Peeter,Säämäjärvi,2,1
Peter / Pietari / Peeter,Taipalsaari,3,2
Peter / Pietari / Peeter,Taivassalo,1,1
Peter / Pietari / Peeter,Tammela,1,1
Peter / Pietari / Peeter,Tampere,3,3
Peter / Pietari / Peeter,Tarvastu,9,7
Peter / Pietari / Peeter,Tervo,1,1
Peter / Pietari / Peeter,Tervola,3,2
Peter / Pietari / Peeter,Tohmajärvi,7,5
Peter / Pietari / Peeter,Toksova,10,8
Peter / Pietari / Peeter,Tolmačču,3,3
Peter / Pietari / Peeter,Tori,2,2
Peter / Pietari / Peeter,Torma,9,3
Peter / Pietari / Peeter,Tulemajärvi,6,2
Peter / Pietari / Peeter,Turku,2,1
Peter / Pietari / Peeter,Tuulos,3,3
Peter / Pietari / Peeter,Tuupovaara,6,2
Peter / Pietari / Peeter,Tuusniemi,6,6
Peter / Pietari / Peeter,Tuusula,1,1
Peter / Pietari / Peeter,Tuutari,2,2
Peter / Pietari / Peeter,Tyrvää,3,3
Peter / Pietari / Peeter,Tyrö,8,8
Peter / Pietari / Peeter,Tytärsaari,1,1
Peter / Pietari / Peeter,Tõstamaa,1,1
Peter / Pietari / Peeter,Töysä,5,5
Peter / Pietari / Peeter,Türi,1,1
Peter / Pietari / Peeter,Uhtua,4,4
Peter / Pietari / Peeter,Urjala,1,1
Peter / Pietari / Peeter,Urvaste,8,3
Peter / Pietari / Peeter,Uskela,10,10
Peter / Pietari / Peeter,Uukuniemi,5,2
Peter / Pietari / Peeter,Uurainen,1,1
Peter / Pietari / Peeter,Uusikaupunki,12,8
Peter / Pietari / Peeter,Uusikirkko Tl.,2,2
Peter / Pietari / Peeter,Vahto,2,2
Peter / Pietari / Peeter,Vaivara,5,4
Peter / Pietari / Peeter,Valkeasaari,3,3
Peter / Pietari / Peeter,Valkjärvi,1,1
Peter / Pietari / Peeter,Valtimo,2,2
Peter / Pietari / Peeter,Vanaja,1,1
Peter / Pietari / Peeter,Varbla,1,1
Peter / Pietari / Peeter,Varkaus,3,2
Peter / Pietari / Peeter,Varpaisjärvi,3,3
Peter / Pietari / Peeter,Vastseliina,13,5
Peter / Pietari / Peeter,Vehmersalmi,1,1
Peter / Pietari / Peeter,Venjoki,6,6
Peter / Pietari / Peeter,Veteli,4,1
Peter / Pietari / Peeter,Veśśi,1,1
Peter / Pietari / Peeter,Vieljärvi,6,2
Peter / Pietari / Peeter,Vigala,1,1
Peter / Pietari / Peeter,Vihanti,6,4
Peter / Pietari / Peeter,Viipuri,4,3
Peter / Pietari / Peeter,Viitasaari,6,6
Peter / Pietari / Peeter,Viljakkala,1,1
Peter / Pietari / Peeter,Viljandi,7,5
Peter / Pietari / Peeter,Virolahti,1,1
Peter / Pietari / Peeter,Virtasalmi,6,6
Peter / Pietari / Peeter,Viru-Nigula,4,3
Peter / Pietari / Peeter,Vuokkiniemi,15,6
Peter / Pietari / Peeter,Vuoksela,2,1
Peter / Pietari / Peeter,Vuole,13,12
Peter / Pietari / Peeter,Väike-Maarja,7,3
Peter / Pietari / Peeter,Võnnu,8,5
Peter / Pietari / Peeter,Ylikiiminki,2,2
Peter / Pietari / Peeter,Ylitornio,1,1
Peter / Pietari / Peeter,Ylämaa,2,1
Peter / Pietari / Peeter,Yläne,1,1
Peter / Pietari / Peeter,Ylöjärvi,1,1
Peter / Pietari / Peeter,Ähtäri,1,1
Peter / Pietari / Peeter,Äksi,1,1
Peter / Pietari / Peeter,Östmark,1,1
