person_cluster,variant_casefold_standard_lemma,broad_region,mentions,share_within_group,share_within_variant
Mary / Maria / Maarja / Mari,Mari,Estonia core/west,1745,0.34465731779577324,0.7328853422931542
Mary / Maria / Maarja / Mari,Mari,South Estonia/Seto,345,0.06814141813154256,0.14489710205795883
Mary / Maria / Maarja / Mari,Mari,Finland/Savo-Karelia,69,0.013628283626308513,0.02897942041159177
Mary / Maria / Maarja / Mari,Mari,Ingria,120,0.023701362828362632,0.0503989920201596
Mary / Maria / Maarja / Mari,Mari,East Karelia/Veps/Tver,29,0.005727829350187636,0.012179756404871903
Mary / Maria / Maarja / Mari,Mari,Other/unclear,73,0.014418329053920601,0.030659386812263753
Mary / Maria / Maarja / Mari,Maria,Estonia core/west,98,0.01935611297649615,0.12612612612612611
Mary / Maria / Maarja / Mari,Maria,South Estonia/Seto,14,0.002765158996642307,0.018018018018018018
Mary / Maria / Maarja / Mari,Maria,Finland/Savo-Karelia,352,0.06952399762986372,0.45302445302445304
Mary / Maria / Maarja / Mari,Maria,Ingria,114,0.0225162946869445,0.14671814671814673
Mary / Maria / Maarja / Mari,Maria,East Karelia/Veps/Tver,197,0.03890973730989532,0.25353925353925355
Mary / Maria / Maarja / Mari,Maria,Other/unclear,2,0.00039502271380604387,0.002574002574002574
Mary / Maria / Maarja / Mari,Maija/Maie,Estonia core/west,4,0.0007900454276120877,0.005847953216374269
Mary / Maria / Maarja / Mari,Maija/Maie,South Estonia/Seto,0,0.0,0.0
Mary / Maria / Maarja / Mari,Maija/Maie,Finland/Savo-Karelia,367,0.07248666798340904,0.5365497076023392
Mary / Maria / Maarja / Mari,Maija/Maie,Ingria,286,0.05648824807426427,0.41812865497076024
Mary / Maria / Maarja / Mari,Maija/Maie,East Karelia/Veps/Tver,27,0.005332806636381592,0.039473684210526314
Mary / Maria / Maarja / Mari,Maija/Maie,Other/unclear,0,0.0,0.0
Mary / Maria / Maarja / Mari,Maarja,Estonia core/west,354,0.06991902034366976,0.7023809523809523
Mary / Maria / Maarja / Mari,Maarja,South Estonia/Seto,133,0.026269010468101917,0.2638888888888889
Mary / Maria / Maarja / Mari,Maarja,Finland/Savo-Karelia,7,0.0013825794983211535,0.013888888888888888
Mary / Maria / Maarja / Mari,Maarja,Ingria,4,0.0007900454276120877,0.007936507936507936
Mary / Maria / Maarja / Mari,Maarja,East Karelia/Veps/Tver,0,0.0,0.0
Mary / Maria / Maarja / Mari,Maarja,Other/unclear,6,0.0011850681414181316,0.011904761904761904
Mary / Maria / Maarja / Mari,Maaria,Estonia core/west,23,0.0045427612087695045,0.05066079295154185
Mary / Maria / Maarja / Mari,Maaria,South Estonia/Seto,0,0.0,0.0
Mary / Maria / Maarja / Mari,Maaria,Finland/Savo-Karelia,195,0.038514714596089274,0.42951541850220265
Mary / Maria / Maarja / Mari,Maaria,Ingria,132,0.026071499111198895,0.2907488986784141
Mary / Maria / Maarja / Mari,Maaria,East Karelia/Veps/Tver,100,0.019751135690302193,0.22026431718061673
Mary / Maria / Maarja / Mari,Maaria,Other/unclear,4,0.0007900454276120877,0.00881057268722467
Mary / Maria / Maarja / Mari,Other,Estonia core/west,97,0.019158601619593128,0.3688212927756654
Mary / Maria / Maarja / Mari,Other,South Estonia/Seto,51,0.010073079202054119,0.19391634980988592
Mary / Maria / Maarja / Mari,Other,Finland/Savo-Karelia,41,0.0080979656330239,0.155893536121673
Mary / Maria / Maarja / Mari,Other,Ingria,53,0.010468101915860163,0.20152091254752852
Mary / Maria / Maarja / Mari,Other,East Karelia/Veps/Tver,19,0.0037527157811574167,0.07224334600760456
Mary / Maria / Maarja / Mari,Other,Other/unclear,2,0.00039502271380604387,0.0076045627376425855
Jesus / Christ,Jeesus,Estonia core/west,236,0.10559284116331097,0.13776999416228838
Jesus / Christ,Jeesus,South Estonia/Seto,157,0.07024608501118568,0.09165207238762405
Jesus / Christ,Jeesus,Finland/Savo-Karelia,665,0.2975391498881432,0.38820782253356684
Jesus / Christ,Jeesus,Ingria,291,0.13020134228187918,0.16987740805604204
Jesus / Christ,Jeesus,East Karelia/Veps/Tver,340,0.15212527964205816,0.198482194979568
Jesus / Christ,Jeesus,Other/unclear,24,0.010738255033557046,0.014010507880910683
Jesus / Christ,Jesus,Estonia core/west,7,0.003131991051454139,0.026415094339622643
Jesus / Christ,Jesus,South Estonia/Seto,1,0.00044742729306487697,0.0037735849056603774
Jesus / Christ,Jesus,Finland/Savo-Karelia,140,0.06263982102908278,0.5283018867924528
Jesus / Christ,Jesus,Ingria,53,0.02371364653243848,0.2
Jesus / Christ,Jesus,East Karelia/Veps/Tver,64,0.028635346756152126,0.24150943396226415
Jesus / Christ,Jesus,Other/unclear,0,0.0,0.0
Jesus / Christ,Christ/Kristus,Estonia core/west,40,0.017897091722595078,0.1951219512195122
Jesus / Christ,Christ/Kristus,South Estonia/Seto,7,0.003131991051454139,0.03414634146341464
Jesus / Christ,Christ/Kristus,Finland/Savo-Karelia,84,0.03758389261744966,0.4097560975609756
Jesus / Christ,Christ/Kristus,Ingria,24,0.010738255033557046,0.11707317073170732
Jesus / Christ,Christ/Kristus,East Karelia/Veps/Tver,45,0.020134228187919462,0.21951219512195122
Jesus / Christ,Christ/Kristus,Other/unclear,5,0.0022371364653243847,0.024390243902439025
Jesus / Christ,Other,Estonia core/west,13,0.0058165548098434005,0.25
Jesus / Christ,Other,South Estonia/Seto,3,0.0013422818791946308,0.057692307692307696
Jesus / Christ,Other,Finland/Savo-Karelia,17,0.007606263982102908,0.3269230769230769
Jesus / Christ,Other,Ingria,6,0.0026845637583892616,0.11538461538461539
Jesus / Christ,Other,East Karelia/Veps/Tver,13,0.0058165548098434005,0.25
Jesus / Christ,Other,Other/unclear,0,0.0,0.0
John / Jaan / Jussi / Hans,Jaan,Estonia core/west,917,0.34946646341463417,0.9052319842053307
John / Jaan / Jussi / Hans,Jaan,South Estonia/Seto,59,0.022484756097560975,0.05824284304047384
John / Jaan / Jussi / Hans,Jaan,Finland/Savo-Karelia,0,0.0,0.0
John / Jaan / Jussi / Hans,Jaan,Ingria,0,0.0,0.0
John / Jaan / Jussi / Hans,Jaan,East Karelia/Veps/Tver,0,0.0,0.0
John / Jaan / Jussi / Hans,Jaan,Other/unclear,37,0.014100609756097561,0.03652517275419546
John / Jaan / Jussi / Hans,Jussi/Juss,Estonia core/west,21,0.008003048780487805,0.033123028391167195
John / Jaan / Jussi / Hans,Jussi/Juss,South Estonia/Seto,1,0.00038109756097560977,0.0015772870662460567
John / Jaan / Jussi / Hans,Jussi/Juss,Finland/Savo-Karelia,563,0.2145579268292683,0.88801261829653
John / Jaan / Jussi / Hans,Jussi/Juss,Ingria,20,0.007621951219512195,0.031545741324921134
John / Jaan / Jussi / Hans,Jussi/Juss,East Karelia/Veps/Tver,26,0.009908536585365854,0.04100946372239748
John / Jaan / Jussi / Hans,Jussi/Juss,Other/unclear,3,0.0011432926829268292,0.00473186119873817
John / Jaan / Jussi / Hans,Hans,Estonia core/west,422,0.16082317073170732,0.9134199134199135
John / Jaan / Jussi / Hans,Hans,South Estonia/Seto,5,0.0019054878048780487,0.010822510822510822
John / Jaan / Jussi / Hans,Hans,Finland/Savo-Karelia,2,0.0007621951219512195,0.004329004329004329
John / Jaan / Jussi / Hans,Hans,Ingria,0,0.0,0.0
John / Jaan / Jussi / Hans,Hans,East Karelia/Veps/Tver,0,0.0,0.0
John / Jaan / Jussi / Hans,Hans,Other/unclear,33,0.012576219512195123,0.07142857142857142
John / Jaan / Jussi / Hans,Ants,Estonia core/west,219,0.08346036585365854,0.9163179916317992
John / Jaan / Jussi / Hans,Ants,South Estonia/Seto,15,0.005716463414634146,0.06276150627615062
John / Jaan / Jussi / Hans,Ants,Finland/Savo-Karelia,0,0.0,0.0
John / Jaan / Jussi / Hans,Ants,Ingria,0,0.0,0.0
John / Jaan / Jussi / Hans,Ants,East Karelia/Veps/Tver,0,0.0,0.0
John / Jaan / Jussi / Hans,Ants,Other/unclear,5,0.0019054878048780487,0.02092050209205021
John / Jaan / Jussi / Hans,Iivana,Estonia core/west,0,0.0,0.0
John / Jaan / Jussi / Hans,Iivana,South Estonia/Seto,0,0.0,0.0
John / Jaan / Jussi / Hans,Iivana,Finland/Savo-Karelia,6,0.0022865853658536584,0.23076923076923078
John / Jaan / Jussi / Hans,Iivana,Ingria,15,0.005716463414634146,0.5769230769230769
John / Jaan / Jussi / Hans,Iivana,East Karelia/Veps/Tver,5,0.0019054878048780487,0.19230769230769232
John / Jaan / Jussi / Hans,Iivana,Other/unclear,0,0.0,0.0
John / Jaan / Jussi / Hans,Other,Estonia core/west,142,0.054115853658536585,0.568
John / Jaan / Jussi / Hans,Other,South Estonia/Seto,18,0.006859756097560976,0.072
John / Jaan / Jussi / Hans,Other,Finland/Savo-Karelia,59,0.022484756097560975,0.236
John / Jaan / Jussi / Hans,Other,Ingria,22,0.008384146341463415,0.088
John / Jaan / Jussi / Hans,Other,East Karelia/Veps/Tver,5,0.0019054878048780487,0.02
John / Jaan / Jussi / Hans,Other,Other/unclear,4,0.001524390243902439,0.016
Peter / Pietari / Peeter,Pietari,Estonia core/west,1,0.0005571030640668524,0.0013157894736842105
Peter / Pietari / Peeter,Pietari,South Estonia/Seto,0,0.0,0.0
Peter / Pietari / Peeter,Pietari,Finland/Savo-Karelia,442,0.24623955431754874,0.5815789473684211
Peter / Pietari / Peeter,Pietari,Ingria,131,0.07298050139275766,0.1723684210526316
Peter / Pietari / Peeter,Pietari,East Karelia/Veps/Tver,182,0.10139275766016713,0.2394736842105263
Peter / Pietari / Peeter,Pietari,Other/unclear,4,0.0022284122562674096,0.005263157894736842
Peter / Pietari / Peeter,Peeter,Estonia core/west,406,0.22618384401114205,0.8529411764705882
Peter / Pietari / Peeter,Peeter,South Estonia/Seto,54,0.030083565459610027,0.1134453781512605
Peter / Pietari / Peeter,Peeter,Finland/Savo-Karelia,0,0.0,0.0
Peter / Pietari / Peeter,Peeter,Ingria,0,0.0,0.0
Peter / Pietari / Peeter,Peeter,East Karelia/Veps/Tver,0,0.0,0.0
Peter / Pietari / Peeter,Peeter,Other/unclear,16,0.008913649025069638,0.03361344537815126
Peter / Pietari / Peeter,Pekka,Estonia core/west,0,0.0,0.0
Peter / Pietari / Peeter,Pekka,South Estonia/Seto,0,0.0,0.0
Peter / Pietari / Peeter,Pekka,Finland/Savo-Karelia,331,0.18440111420612815,0.8850267379679144
Peter / Pietari / Peeter,Pekka,Ingria,9,0.005013927576601671,0.02406417112299465
Peter / Pietari / Peeter,Pekka,East Karelia/Veps/Tver,30,0.016713091922005572,0.08021390374331551
Peter / Pietari / Peeter,Pekka,Other/unclear,4,0.0022284122562674096,0.0106951871657754
Peter / Pietari / Peeter,Petteri/Petri,Estonia core/west,0,0.0,0.0
Peter / Pietari / Peeter,Petteri/Petri,South Estonia/Seto,0,0.0,0.0
Peter / Pietari / Peeter,Petteri/Petri,Finland/Savo-Karelia,28,0.015598885793871866,0.25925925925925924
Peter / Pietari / Peeter,Petteri/Petri,Ingria,39,0.021727019498607242,0.3611111111111111
Peter / Pietari / Peeter,Petteri/Petri,East Karelia/Veps/Tver,40,0.022284122562674095,0.37037037037037035
Peter / Pietari / Peeter,Petteri/Petri,Other/unclear,1,0.0005571030640668524,0.009259259259259259
Peter / Pietari / Peeter,Other,Estonia core/west,34,0.01894150417827298,0.44155844155844154
Peter / Pietari / Peeter,Other,South Estonia/Seto,16,0.008913649025069638,0.2077922077922078
Peter / Pietari / Peeter,Other,Finland/Savo-Karelia,10,0.005571030640668524,0.12987012987012986
Peter / Pietari / Peeter,Other,Ingria,11,0.006128133704735376,0.14285714285714285
Peter / Pietari / Peeter,Other,East Karelia/Veps/Tver,4,0.0022284122562674096,0.05194805194805195
Peter / Pietari / Peeter,Other,Other/unclear,2,0.0011142061281337048,0.025974025974025976
Martin / Mart / Märt,Märt,Estonia core/west,1232,0.3516985441050528,0.9085545722713865
Martin / Mart / Märt,Märt,South Estonia/Seto,113,0.03225806451612903,0.08333333333333333
Martin / Mart / Märt,Märt,Finland/Savo-Karelia,0,0.0,0.0
Martin / Mart / Märt,Märt,Ingria,0,0.0,0.0
Martin / Mart / Märt,Märt,East Karelia/Veps/Tver,0,0.0,0.0
Martin / Mart / Märt,Märt,Other/unclear,11,0.003140165572366543,0.008112094395280236
Martin / Mart / Märt,Mart/Martin,Estonia core/west,976,0.2786183271481587,0.9789368104312939
Martin / Mart / Märt,Mart/Martin,South Estonia/Seto,0,0.0,0.0
Martin / Mart / Märt,Mart/Martin,Finland/Savo-Karelia,3,0.0008564087924636027,0.003009027081243731
Martin / Mart / Märt,Mart/Martin,Ingria,0,0.0,0.0
Martin / Mart / Märt,Mart/Martin,East Karelia/Veps/Tver,1,0.00028546959748786756,0.0010030090270812437
Martin / Mart / Märt,Mart/Martin,Other/unclear,17,0.004852983157293748,0.017051153460381142
Martin / Mart / Märt,Mard/Mardi,Estonia core/west,605,0.17270910648015986,0.9726688102893891
Martin / Mart / Märt,Mard/Mardi,South Estonia/Seto,3,0.0008564087924636027,0.00482315112540193
Martin / Mart / Märt,Mard/Mardi,Finland/Savo-Karelia,0,0.0,0.0
Martin / Mart / Märt,Mard/Mardi,Ingria,0,0.0,0.0
Martin / Mart / Märt,Mard/Mardi,East Karelia/Veps/Tver,0,0.0,0.0
Martin / Mart / Märt,Mard/Mardi,Other/unclear,14,0.003996574364830145,0.022508038585209004
Martin / Mart / Märt,Märti,Estonia core/west,201,0.05737938909506138,0.9178082191780822
Martin / Mart / Märt,Märti,South Estonia/Seto,4,0.0011418783899514702,0.0182648401826484
Martin / Mart / Märt,Märti,Finland/Savo-Karelia,0,0.0,0.0
Martin / Mart / Märt,Märti,Ingria,0,0.0,0.0
Martin / Mart / Märt,Märti,East Karelia/Veps/Tver,0,0.0,0.0
Martin / Mart / Märt,Märti,Other/unclear,14,0.003996574364830145,0.0639269406392694
Martin / Mart / Märt,Martti,Estonia core/west,0,0.0,0.0
Martin / Mart / Märt,Martti,South Estonia/Seto,0,0.0,0.0
Martin / Mart / Märt,Martti,Finland/Savo-Karelia,39,0.011133314302026834,0.7358490566037735
Martin / Mart / Märt,Martti,Ingria,13,0.003711104767342278,0.24528301886792453
Martin / Mart / Märt,Martti,East Karelia/Veps/Tver,1,0.00028546959748786756,0.018867924528301886
Martin / Mart / Märt,Martti,Other/unclear,0,0.0,0.0
Martin / Mart / Märt,Other,Estonia core/west,243,0.06936911218955182,0.94921875
Martin / Mart / Märt,Other,South Estonia/Seto,8,0.0022837567799029405,0.03125
Martin / Mart / Märt,Other,Finland/Savo-Karelia,1,0.00028546959748786756,0.00390625
Martin / Mart / Märt,Other,Ingria,0,0.0,0.0
Martin / Mart / Märt,Other,East Karelia/Veps/Tver,0,0.0,0.0
Martin / Mart / Märt,Other,Other/unclear,4,0.0011418783899514702,0.015625
Catherine / Kadri / Katri,Kadri,Estonia core/west,921,0.42461964038727523,0.8705103969754253
Catherine / Kadri / Katri,Kadri,South Estonia/Seto,109,0.05025357307514984,0.10302457466918714
Catherine / Kadri / Katri,Kadri,Finland/Savo-Karelia,0,0.0,0.0
Catherine / Kadri / Katri,Kadri,Ingria,0,0.0,0.0
Catherine / Kadri / Katri,Kadri,East Karelia/Veps/Tver,1,0.0004610419548178884,0.000945179584120983
Catherine / Kadri / Katri,Kadri,Other/unclear,27,0.012448132780082987,0.02551984877126654
Catherine / Kadri / Katri,Katri,Estonia core/west,284,0.13093591516828032,0.6173913043478261
Catherine / Kadri / Katri,Katri,South Estonia/Seto,24,0.011065006915629323,0.05217391304347826
Catherine / Kadri / Katri,Katri,Finland/Savo-Karelia,40,0.018441678192715538,0.08695652173913043
Catherine / Kadri / Katri,Katri,Ingria,91,0.041954817888427844,0.19782608695652174
Catherine / Kadri / Katri,Katri,East Karelia/Veps/Tver,21,0.009681881051175657,0.04565217391304348
Catherine / Kadri / Katri,Katri,Other/unclear,0,0.0,0.0
Catherine / Kadri / Katri,Kaisa,Estonia core/west,1,0.0004610419548178884,0.0040650406504065045
Catherine / Kadri / Katri,Kaisa,South Estonia/Seto,0,0.0,0.0
Catherine / Kadri / Katri,Kaisa,Finland/Savo-Karelia,168,0.07745504840940526,0.6829268292682927
Catherine / Kadri / Katri,Kaisa,Ingria,56,0.02581834946980175,0.22764227642276422
Catherine / Kadri / Katri,Kaisa,East Karelia/Veps/Tver,18,0.008298755186721992,0.07317073170731707
Catherine / Kadri / Katri,Kaisa,Other/unclear,3,0.0013831258644536654,0.012195121951219513
Catherine / Kadri / Katri,Kati,Estonia core/west,2,0.0009220839096357768,0.019230769230769232
Catherine / Kadri / Katri,Kati,South Estonia/Seto,4,0.0018441678192715537,0.038461538461538464
Catherine / Kadri / Katri,Kati,Finland/Savo-Karelia,8,0.0036883356385431073,0.07692307692307693
Catherine / Kadri / Katri,Kati,Ingria,87,0.040110650069156296,0.8365384615384616
Catherine / Kadri / Katri,Kati,East Karelia/Veps/Tver,1,0.0004610419548178884,0.009615384615384616
Catherine / Kadri / Katri,Kati,Other/unclear,2,0.0009220839096357768,0.019230769230769232
Catherine / Kadri / Katri,Katariina/Katriina,Estonia core/west,5,0.002305209774089442,0.09259259259259259
Catherine / Kadri / Katri,Katariina/Katriina,South Estonia/Seto,2,0.0009220839096357768,0.037037037037037035
Catherine / Kadri / Katri,Katariina/Katriina,Finland/Savo-Karelia,17,0.007837713231904103,0.3148148148148148
Catherine / Kadri / Katri,Katariina/Katriina,Ingria,25,0.011526048870447211,0.46296296296296297
Catherine / Kadri / Katri,Katariina/Katriina,East Karelia/Veps/Tver,5,0.002305209774089442,0.09259259259259259
Catherine / Kadri / Katri,Katariina/Katriina,Other/unclear,0,0.0,0.0
Catherine / Kadri / Katri,Other,Estonia core/west,119,0.05486399262332872,0.4817813765182186
Catherine / Kadri / Katri,Other,South Estonia/Seto,101,0.04656523743660673,0.4089068825910931
Catherine / Kadri / Katri,Other,Finland/Savo-Karelia,8,0.0036883356385431073,0.032388663967611336
Catherine / Kadri / Katri,Other,Ingria,12,0.005532503457814661,0.048582995951417005
Catherine / Kadri / Katri,Other,East Karelia/Veps/Tver,6,0.0027662517289073307,0.024291497975708502
Catherine / Kadri / Katri,Other,Other/unclear,1,0.0004610419548178884,0.004048582995951417
Anna / Anne / Ann / Anni,Anne,Estonia core/west,949,0.41935483870967744,0.9125
Anna / Anne / Ann / Anni,Anne,South Estonia/Seto,65,0.028722934158197082,0.0625
Anna / Anne / Ann / Anni,Anne,Finland/Savo-Karelia,2,0.0008837825894829872,0.0019230769230769232
Anna / Anne / Ann / Anni,Anne,Ingria,0,0.0,0.0
Anna / Anne / Ann / Anni,Anne,East Karelia/Veps/Tver,0,0.0,0.0
Anna / Anne / Ann / Anni,Anne,Other/unclear,24,0.010605391073795847,0.023076923076923078
Anna / Anne / Ann / Anni,Anni,Estonia core/west,20,0.008837825894829872,0.037037037037037035
Anna / Anne / Ann / Anni,Anni,South Estonia/Seto,4,0.0017675651789659744,0.007407407407407408
Anna / Anne / Ann / Anni,Anni,Finland/Savo-Karelia,202,0.08926204153778171,0.37407407407407406
Anna / Anne / Ann / Anni,Anni,Ingria,158,0.06981882456915599,0.29259259259259257
Anna / Anne / Ann / Anni,Anni,East Karelia/Veps/Tver,153,0.06760936809544851,0.2833333333333333
Anna / Anne / Ann / Anni,Anni,Other/unclear,3,0.0013256738842244808,0.005555555555555556
Anna / Anne / Ann / Anni,Ann,Estonia core/west,394,0.17410517012814847,0.8678414096916299
Anna / Anne / Ann / Anni,Ann,South Estonia/Seto,41,0.018117543084401236,0.09030837004405286
Anna / Anne / Ann / Anni,Ann,Finland/Savo-Karelia,0,0.0,0.0
Anna / Anne / Ann / Anni,Ann,Ingria,3,0.0013256738842244808,0.006607929515418502
Anna / Anne / Ann / Anni,Ann,East Karelia/Veps/Tver,1,0.0004418912947414936,0.0022026431718061676
Anna / Anne / Ann / Anni,Ann,Other/unclear,15,0.006628369421122404,0.03303964757709251
Anna / Anne / Ann / Anni,Anna,Estonia core/west,21,0.009279717189571365,0.3088235294117647
Anna / Anne / Ann / Anni,Anna,South Estonia/Seto,1,0.0004418912947414936,0.014705882352941176
Anna / Anne / Ann / Anni,Anna,Finland/Savo-Karelia,40,0.017675651789659744,0.5882352941176471
Anna / Anne / Ann / Anni,Anna,Ingria,2,0.0008837825894829872,0.029411764705882353
Anna / Anne / Ann / Anni,Anna,East Karelia/Veps/Tver,4,0.0017675651789659744,0.058823529411764705
Anna / Anne / Ann / Anni,Anna,Other/unclear,0,0.0,0.0
Anna / Anne / Ann / Anni,Anu,Estonia core/west,27,0.011931064958020326,0.627906976744186
Anna / Anne / Ann / Anni,Anu,South Estonia/Seto,3,0.0013256738842244808,0.06976744186046512
Anna / Anne / Ann / Anni,Anu,Finland/Savo-Karelia,0,0.0,0.0
Anna / Anne / Ann / Anni,Anu,Ingria,8,0.003535130357931949,0.18604651162790697
Anna / Anne / Ann / Anni,Anu,East Karelia/Veps/Tver,4,0.0017675651789659744,0.09302325581395349
Anna / Anne / Ann / Anni,Anu,Other/unclear,1,0.0004418912947414936,0.023255813953488372
Anna / Anne / Ann / Anni,Other,Estonia core/west,61,0.02695536897923111,0.5169491525423728
Anna / Anne / Ann / Anni,Other,South Estonia/Seto,9,0.003977021652673442,0.07627118644067797
Anna / Anne / Ann / Anni,Other,Finland/Savo-Karelia,19,0.008395934600088379,0.16101694915254236
Anna / Anne / Ann / Anni,Other,Ingria,7,0.0030932390631904553,0.059322033898305086
Anna / Anne / Ann / Anni,Other,East Karelia/Veps/Tver,21,0.009279717189571365,0.17796610169491525
Anna / Anne / Ann / Anni,Other,Other/unclear,1,0.0004418912947414936,0.00847457627118644
