person_cluster,variant_by_standard_lemma,standard_lemma_tokens_included,mentions,share_within_group,poems,counties,top_regions,top_counties,standard_lemma_counts,local_lemma_counts
Mary / Maria / Maarja / Mari,Mari,Mari,1256,0.24807426427019555,655,24,Estonia core/west: 893 (71.1%); Ingria: 118 (9.4%); South Estonia/Seto: 109 (8.7%); Finland/Savo-Karelia: 69 (5.5%); Other/unclear: 38 (3.0%); East Karelia/Veps/Tver: 29 (2.3%),Viljandimaa (206); Tartumaa (144); Virumaa (132); Pärnumaa (119); Harjumaa (114); Läänemaa (86); Võrumaa (66); Järvamaa (56),Mari (1256),Mari (1077); mari (72); Maie (28); Marike (10); Mare (6); Marikene (5); Maari (5); Marri (4); maie (4); Marid (3); Marida (3); marilt (3)
Mary / Maria / Maarja / Mari,Maria,Maria,772,0.15247876752913292,592,31,Finland/Savo-Karelia: 352 (45.6%); East Karelia/Veps/Tver: 196 (25.4%); Ingria: 114 (14.8%); Estonia core/west: 94 (12.2%); South Estonia/Seto: 14 (1.8%); Other/unclear: 2 (0.3%),Laatokan Karjala (Raja-Karjala) (138); Pohjois-Karjala (66); Etelä-Savo (58); Länsi-Inkeri (58); Häme (47); Pohjois-Savo (45); Keski-Inkeri (34); Viena (34),Maria (772),Maria (379); Maaria (118); maria (33); Moaria (29); Muaria (17); Maarja (15); maaria (13); Marja (8); muarie (8); maarian (8); Maarian (7); Moari (7)
Mary / Maria / Maarja / Mari,Maija/Maie,Maie; Maija,586,0.11574165514517085,350,21,Finland/Savo-Karelia: 324 (55.3%); Ingria: 246 (42.0%); East Karelia/Veps/Tver: 12 (2.0%); Estonia core/west: 4 (0.7%),Länsi-Inkeri (206); Häme (60); Varsinais-Suomi (57); Satakunta (42); Etelä-Pohjanmaa (31); Peräpohjola (31); Keski-Inkeri (24); Pohjois-Pohjanmaa (18),Maija (582); Maie (4),Maija (408); Maie (51); maija (48); Maije (34); maijoi (8); maijon (3); Maijoin (3); Maijal (2); Maijja (2); Maikki (2); maijan (2); Maijen (2)
Mary / Maria / Maarja / Mari,Maarja,Maarja,502,0.099150701165317,278,16,Estonia core/west: 352 (70.1%); South Estonia/Seto: 133 (26.5%); Finland/Savo-Karelia: 7 (1.4%); Other/unclear: 6 (1.2%); Ingria: 4 (0.8%),Pärnumaa (108); Viljandimaa (98); Setumaa (75); Võrumaa (57); Tartumaa (46); Virumaa (44); Harjumaa (20); Läänemaa (18),Maarja (502),Maarja (290); maarja (62); Maari (44); maari (23); Maarija (15); maarinna (8); maarjat (7); marijat (5); Maaria (4); maarijat (3); Marija (3); maarija (3)
Mary / Maria / Maarja / Mari,Maaria,Maaria,441,0.08710250839423267,327,25,Finland/Savo-Karelia: 183 (41.5%); Ingria: 132 (29.9%); East Karelia/Veps/Tver: 99 (22.4%); Estonia core/west: 23 (5.2%); Other/unclear: 4 (0.9%),Länsi-Inkeri (83); Laatokan Karjala (Raja-Karjala) (65); Pohjois-Karjala (51); Häme (38); Keski-Inkeri (33); Aunus (30); Satakunta (18); Kainuu (17),Maaria (441),Maaria (361); Maariainen (14); maaria (12); maariainen (6); Maari (4); Maarian (4); Maarii (4); Maariaine (3); maariani (2); Moarijja (2); muari (2); Moarie (2)
Mary / Maria / Maarja / Mari,Other,,1506,0.297452103495951,1030,32,Estonia core/west: 955 (63.4%); South Estonia/Seto: 287 (19.1%); Finland/Savo-Karelia: 96 (6.4%); Ingria: 95 (6.3%); Other/unclear: 37 (2.5%); East Karelia/Veps/Tver: 36 (2.4%),Virumaa (252); Setumaa (162); Tartumaa (151); Viljandimaa (147); Harjumaa (138); Pärnumaa (134); Võrumaa (123); Läänemaa (60),mari (1125); maija (98); Maari (27); Marja (17); Marian (15); marja (13); marjake (13); maaria (13); marjuke (12); marjakene (11); Marike (8); Marija (8),mari (770); marja (165); maija (73); mara (30); Maari (26); marakõnõ (17); marä (14); marjakene (13); marjakõnõ (12); Marja (12); marjad (11); marju (10)
Jesus / Christ,Jeesus,Jeesus,1712,0.7659955257270693,1029,33,Finland/Savo-Karelia: 665 (38.8%); East Karelia/Veps/Tver: 340 (19.9%); Ingria: 291 (17.0%); Estonia core/west: 235 (13.7%); South Estonia/Seto: 157 (9.2%); Other/unclear: 24 (1.4%),Laatokan Karjala (Raja-Karjala) (289); Pohjois-Karjala (165); Keski-Inkeri (108); Häme (102); Itä- ja Pohjois-Inkeri (95); Võrumaa (93); Länsi-Inkeri (88); Etelä-Savo (72),Jeesus (1712),Jeesus (967); Jiesus (154); Jesus (71); Iesus (57); jeesus (40); Kiesus (39); Jeesu (37); jiesus (29); Jessus (24); Iessus (21); Jiessus (19); jeesu (12)
Jesus / Christ,Jesus,Jesus,264,0.11812080536912752,158,22,Finland/Savo-Karelia: 139 (52.7%); East Karelia/Veps/Tver: 64 (24.2%); Ingria: 53 (20.1%); Estonia core/west: 7 (2.7%); South Estonia/Seto: 1 (0.4%),Laatokan Karjala (Raja-Karjala) (61); Häme (39); Pohjois-Karjala (36); Länsi-Inkeri (23); Itä- ja Pohjois-Inkeri (20); Etelä-Savo (16); Satakunta (12); Keski-Inkeri (10),Jesus (264),Jesus (255); jesus (5); Jeesus (1); Jesus-en (1); Jesuksen (1); Jesus+ta (1)
Jesus / Christ,Christ/Kristus,Christ; Kristus,205,0.09172259507829977,156,28,Finland/Savo-Karelia: 84 (41.0%); East Karelia/Veps/Tver: 45 (22.0%); Estonia core/west: 40 (19.5%); Ingria: 24 (11.7%); South Estonia/Seto: 7 (3.4%); Other/unclear: 5 (2.4%),Laatokan Karjala (Raja-Karjala) (30); Pohjois-Karjala (17); Tartumaa (16); Länsi-Inkeri (15); Häme (13); Varsinais-Suomi (12); Aunus (11); Etelä-Pohjanmaa (11),Kristus (205),Kristus (136); Ristus (17); kristus (10); Kristos (5); ristus (5); Krist (3); krist (2); kristos (2); Kristo (2); christux (2); Kristuse (1); Kõrstus (1)
Jesus / Christ,Other,,54,0.024161073825503355,46,19,Finland/Savo-Karelia: 18 (33.3%); Estonia core/west: 14 (25.9%); East Karelia/Veps/Tver: 13 (24.1%); Ingria: 6 (11.1%); South Estonia/Seto: 3 (5.6%),Laatokan Karjala (Raja-Karjala) (9); Pohjois-Karjala (8); Virumaa (6); Aunus (4); Häme (4); Länsi-Inkeri (4); Võrumaa (3); Järvamaa (2),Jeesuksen (16); Jeesukene (4); Jeesuse (4); hristos (3); Jeesusesse (2); Jeesu (2); kristillinen (2); Kristian (2); Iesus (1); Jeesu_kene (1); Eesus (1); jeesus (1),Jeesukse (3); hristos (3); Jeesukene (2); Jeesuse (2); jeesu (2); Hristos (2); Kristos (2); kristillinen (2); hristoa (2); jesuxen (2); Jeesuksen (2); Iesus (1)
John / Jaan / Jussi / Hans,Jaan,Jaan,868,0.3307926829268293,425,12,Estonia core/west: 775 (89.3%); South Estonia/Seto: 58 (6.7%); Other/unclear: 35 (4.0%),Viljandimaa (140); Pärnumaa (135); Läänemaa (125); Tartumaa (93); Järvamaa (87); Harjumaa (68); Saaremaa (65); Virumaa (62),Jaan (868),Jaan (652); Jaanike (37); Jaanikene (30); Jaani (26); Jaanik (25); jaani (20); jaan (16); jani (10); Jaaniku (7); joaen (6); jaen (5); joan (5)
John / Jaan / Jussi / Hans,Jussi/Juss,Juss; Jussi,632,0.24085365853658536,520,26,Finland/Savo-Karelia: 563 (89.1%); East Karelia/Veps/Tver: 26 (4.1%); Estonia core/west: 20 (3.2%); Ingria: 20 (3.2%); Other/unclear: 2 (0.3%); South Estonia/Seto: 1 (0.2%),Häme (113); Varsinais-Suomi (85); Pohjois-Savo (56); Satakunta (52); Pohjois-Karjala (48); Etelä-Savo (46); Etelä-Karjala (45); Etelä-Pohjanmaa (38),Jussi (618); Juss (14),Jussi (604); jussi (6); Juss (3); Jassi (3); Jussi+n (2); Jutas (2); Jutsi (1); Jüssi (1); Jusso (1); Jusse (1); Jussiv (1); Jussi(n) (1)
John / Jaan / Jussi / Hans,Hans,Hans,454,0.17301829268292682,226,11,Estonia core/west: 414 (91.2%); Other/unclear: 33 (7.3%); South Estonia/Seto: 5 (1.1%); Finland/Savo-Karelia: 2 (0.4%),Viljandimaa (107); Pärnumaa (72); Harjumaa (52); Järvamaa (48); Tartumaa (43); Virumaa (37); Saaremaa (29),Hans (454),Hans (400); hans (15); Hants (14); Hansu (7); Hantsu (4); Hanssu (4); Hanso (3); hants (3); Ans (1); Ants (1); hansu (1); hansul (1)
John / Jaan / Jussi / Hans,Ants,Ants,239,0.09108231707317073,152,12,Estonia core/west: 219 (91.6%); South Estonia/Seto: 15 (6.3%); Other/unclear: 5 (2.1%),Viljandimaa (46); Virumaa (40); Harjumaa (34); Läänemaa (32); Tartumaa (21); Pärnumaa (19); Saaremaa (15); Järvamaa (12),Ants (239),Ants (230); ants (9)
John / Jaan / Jussi / Hans,Iivana,Iivana,26,0.009908536585365854,15,9,Ingria: 15 (57.7%); Finland/Savo-Karelia: 6 (23.1%); East Karelia/Veps/Tver: 5 (19.2%),Länsi-Inkeri (11); Pohjois-Karjala (4); Keski-Inkeri (3); Aunus (2); Viena (2); Etelä-Savo (1); Itä- ja Pohjois-Inkeri (1); Laatokan Karjala (Raja-Karjala) (1),Iivana (26),Iivana (21); Iivaana (3); Ivaana (1); Iitam (1)
John / Jaan / Jussi / Hans,Other,,405,0.15434451219512196,217,31,Estonia core/west: 293 (72.3%); Finland/Savo-Karelia: 59 (14.6%); Ingria: 22 (5.4%); South Estonia/Seto: 19 (4.7%); Other/unclear: 7 (1.7%); East Karelia/Veps/Tver: 5 (1.2%),Viljandimaa (105); Järvamaa (80); Tartumaa (25); Virumaa (24); Harjumaa (22); Saaremaa (15); Võrumaa (14); Pohjois-Karjala (12),jaan (145); Juhan (85); Johannes (22); Juhani (17); Juhana (13); jään (10); jaanike (8); hans (8); jaanikene (7); Hannus (7); Joan (5); Juhanile (4),Juhan (78); jaanike (63); jaan (62); jaanikene (29); Juhani (12); Johannes (11); Juhana (11); Hannus (7); jaen (6); Juakko (6); hans (5); jussi (4)
Peter / Pietari / Peeter,Pietari,Pietari,759,0.4228412256267409,568,24,Finland/Savo-Karelia: 441 (58.1%); East Karelia/Veps/Tver: 182 (24.0%); Ingria: 131 (17.3%); Other/unclear: 4 (0.5%); Estonia core/west: 1 (0.1%),Laatokan Karjala (Raja-Karjala) (139); Pohjois-Karjala (122); Länsi-Inkeri (50); Etelä-Karjala (48); Etelä-Savo (48); Häme (44); Itä- ja Pohjois-Inkeri (43); Varsinais-Suomi (43),Pietari (759),Pietari (511); Pietar (27); Pedri (21); pietari (19); Piatari (14); Piiteri (11); Petro (10); Petri (7); Pedro (6); piedari (6); Piedari (5); pietar (5)
Peter / Pietari / Peeter,Peeter,Peeter,470,0.2618384401114206,271,12,Estonia core/west: 401 (85.3%); South Estonia/Seto: 54 (11.5%); Other/unclear: 15 (3.2%),Viljandimaa (100); Virumaa (67); Tartumaa (62); Pärnumaa (53); Võrumaa (40); Järvamaa (37); Harjumaa (35); Läänemaa (24),Peeter (470),Peeter (327); Piitre (21); Piiter (21); peeter (14); Pieter (14); Peet (5); peetri (4); Pietrus (3); piitri (3); Peetrikene (3); piiter (3); Piitrekene (2)
Peter / Pietari / Peeter,Pekka,Pekka,366,0.20389972144846796,323,20,Finland/Savo-Karelia: 324 (88.5%); East Karelia/Veps/Tver: 29 (7.9%); Ingria: 9 (2.5%); Other/unclear: 4 (1.1%),Pohjois-Karjala (74); Pohjois-Savo (71); Etelä-Savo (54); Etelä-Karjala (27); Kainuu (17); Pohjois-Pohjanmaa (16); Laatokan Karjala (Raja-Karjala) (15); Peräpohjola (14),Pekka (366),Pekka (342); Pekko (7); pekka (6); Peio (3); Pietu (1); Peka (1); Pekka+n (1); Pekka (+ -lla) (1); Pekka-lla (1); Pekka-han (1); Peekaa (1); Pieti (1)
Peter / Pietari / Peeter,Petteri/Petri,Petri; Petteri,107,0.0596100278551532,75,15,East Karelia/Veps/Tver: 40 (37.4%); Ingria: 39 (36.4%); Finland/Savo-Karelia: 27 (25.2%); Other/unclear: 1 (0.9%),Länsi-Inkeri (27); Laatokan Karjala (Raja-Karjala) (15); Aunus (14); Peräpohjola (14); Keski-Inkeri (11); Viena (11); Pohjois-Karjala (3); Etelä-Karjala (2),Petteri (77); Petri (30),Petteri (52); Petri (23); Petter (12); Petra (5); petterissä (2); petter (2); petteri (2); Petri-n (1); Petteri-stä (1); petterii (1); petterist (1); petri (1)
Peter / Pietari / Peeter,Other,,93,0.05181058495821727,59,23,Estonia core/west: 39 (41.9%); Finland/Savo-Karelia: 19 (20.4%); South Estonia/Seto: 16 (17.2%); Ingria: 11 (11.8%); East Karelia/Veps/Tver: 5 (5.4%); Other/unclear: 3 (3.2%),Võrumaa (15); Harjumaa (9); Viljandimaa (7); Läänemaa (7); Länsi-Inkeri (7); Tartumaa (6); Järvamaa (6); Laatokan Karjala (Raja-Karjala) (5),Peetrus (29); pekka (8); Petra (7); Pietarin (7); Piiter (6); peeter (6); Perttu (3); Pietarista (3); Peterburi (2); Petter (2); Petro (2); Pedri (2),Peetrus (26); pekka (9); Petra (7); Piiter (6); peter (4); Piitrus (3); Pietari (2); Petter (2); Perttu (2); Pekka (2); Petro (2); Petro+n (2)
Martin / Mart / Märt,Märt,Märt,903,0.2577790465315444,129,11,Estonia core/west: 794 (87.9%); South Estonia/Seto: 100 (11.1%); Other/unclear: 9 (1.0%),Viljandimaa (460); Tartumaa (195); Võrumaa (90); Pärnumaa (78); Virumaa (37); Järvamaa (17); Setumaa (10),Märt (903),Märti (388); Märt (368); märti (41); Mart (36); märdi (18); märt (18); Mardi (13); Märdi (5); Marti (3); mart (3); märdil (2); mairt (2)
Martin / Mart / Märt,Mart/Martin,Mart; Martin,545,0.15558093063088782,169,13,Estonia core/west: 529 (97.1%); Other/unclear: 12 (2.2%); Finland/Savo-Karelia: 3 (0.6%); East Karelia/Veps/Tver: 1 (0.2%),Pärnumaa (140); Virumaa (115); Viljandimaa (67); Harjumaa (63); Läänemaa (53); Järvamaa (40); Tartumaa (31); Saaremaa (20),Mart (541); Martin (4),Mart (473); Marti (46); mart (9); mardi (5); Mardi (5); Martin (4); mardikene (1); Mard (1); marti (1)
Martin / Mart / Märt,Mard/Mardi,Mard; Mardi,217,0.061946902654867256,43,8,Estonia core/west: 214 (98.6%); South Estonia/Seto: 3 (1.4%),Pärnumaa (87); Virumaa (60); Tartumaa (22); Järvamaa (18); Läänemaa (16); Viljandimaa (9); Võrumaa (3); Harjumaa (2),Mard (195); Mardi (22),Mard (108); Mardi (48); Mart (17); mart (13); marti (8); mardil (6); mardi (5); Mardikene (4); Mardi-l (3); Mardi-le (2); mardid (2); mard (1)
Martin / Mart / Märt,Märti,Märti,138,0.03939480445332572,6,4,Estonia core/west: 138 (100.0%),Viljandimaa (112); Pärnumaa (19); Tartumaa (6); Läänemaa (1),Märti (138),Märti (131); märdi (4); märti (3)
Martin / Mart / Märt,Martti,Martti,53,0.01512988866685698,46,14,Finland/Savo-Karelia: 39 (73.6%); Ingria: 13 (24.5%); East Karelia/Veps/Tver: 1 (1.9%),Etelä-Karjala (10); Pohjois-Savo (8); Länsi-Inkeri (6); Itä- ja Pohjois-Inkeri (4); Kainuu (4); Pohjois-Pohjanmaa (4); Etelä-Savo (3); Keski-Inkeri (3),Martti (53),Martti (34); Martin (9); Martti-n (3); Mart (3); martti (3); Marti (1)
Martin / Mart / Märt,Other,,1647,0.4701684270625178,194,12,Estonia core/west: 1582 (96.1%); Other/unclear: 39 (2.4%); South Estonia/Seto: 25 (1.5%); Finland/Savo-Karelia: 1 (0.1%),Pärnumaa (520); Viljandimaa (359); Tartumaa (351); Läänemaa (186); Harjumaa (65); Järvamaa (50); Virumaa (46); Võrumaa (24),märt (453); mart (452); mard (389); marti (84); märti (81); märd (57); mardi (16); karu (14); mardid (13); mardus (11); Marti (9); mardikas (8),mart (414); märti (321); marti (314); mard (294); märt (118); märd (43); märdi (39); mardi (19); mardid (17); Mardis (7); Märdi (7); Marti (6)
Catherine / Kadri / Katri,Kadri,Kadri,893,0.41171046565237435,236,11,Estonia core/west: 771 (86.3%); South Estonia/Seto: 95 (10.6%); Other/unclear: 27 (3.0%),Pärnumaa (192); Viljandimaa (178); Läänemaa (90); Järvamaa (87); Virumaa (79); Võrumaa (78); Harjumaa (61); Tartumaa (60),Kadri (893),Kadri (806); kadri (44); Katri (14); kadrile (6); kadrid (5); Kadrikene (3); Kadril (2); Kadrid (2); Kahadri (2); kadril (2); katre (2); Kadrik (1)
Catherine / Kadri / Katri,Katri,Katri,372,0.1715076071922545,91,21,Estonia core/west: 200 (53.8%); Ingria: 90 (24.2%); Finland/Savo-Karelia: 40 (10.8%); South Estonia/Seto: 22 (5.9%); East Karelia/Veps/Tver: 20 (5.4%),Viljandimaa (156); Keski-Inkeri (50); Etelä-Karjala (26); Länsi-Inkeri (23); Võrumaa (20); Itä- ja Pohjois-Inkeri (17); Laatokan Karjala (Raja-Karjala) (17); Virumaa (16),Katri (372),Katri (328); katri (25); Katri-n (3); Kadre (2); Kati (2); katrit (1); Katrikka (1); katji (1); Kateri (1); Katrikkine (1); Katrill (1); kati (1)
Catherine / Kadri / Katri,Kaisa,Kaisa,219,0.10096818810511757,141,19,Finland/Savo-Karelia: 141 (64.4%); Ingria: 56 (25.6%); East Karelia/Veps/Tver: 18 (8.2%); Other/unclear: 3 (1.4%); Estonia core/west: 1 (0.5%),Pohjois-Karjala (32); Länsi-Inkeri (30); Etelä-Savo (28); Keski-Inkeri (23); Laatokan Karjala (Raja-Karjala) (15); Häme (13); Etelä-Karjala (13); Etelä-Pohjanmaa (9),Kaisa (219),Kaisa (194); kaisa (5); Kaisu (5); Kaesa (2); Kaiso (2); kaiekene (1); Kaisaa (1); Kaisan (1); Kaisa-lla (1); kaisukkinen (1); Kaisoi (1); kaesa (1)
Catherine / Kadri / Katri,Kati,Kati,99,0.04564315352697095,50,10,Ingria: 87 (87.9%); South Estonia/Seto: 4 (4.0%); Finland/Savo-Karelia: 4 (4.0%); Estonia core/west: 2 (2.0%); Other/unclear: 2 (2.0%),Länsi-Inkeri (39); Itä- ja Pohjois-Inkeri (24); Keski-Inkeri (24); Setumaa (2); Varsinais-Suomi (2); Võrumaa (2); Läänemaa (1),Kati (99),Kati (89); kati (4); katin (2); Kaie (1); Kati-ni (1); Katrina (1); Kato (1)
Catherine / Kadri / Katri,Katariina/Katriina,Katariina; Katriina,54,0.024896265560165973,48,19,Ingria: 25 (46.3%); Finland/Savo-Karelia: 17 (31.5%); Estonia core/west: 5 (9.3%); East Karelia/Veps/Tver: 5 (9.3%); South Estonia/Seto: 2 (3.7%),Keski-Inkeri (9); Länsi-Inkeri (9); Itä- ja Pohjois-Inkeri (7); Pohjois-Karjala (5); Laatokan Karjala (Raja-Karjala) (4); Etelä-Savo (4); Peräpohjola (2); Häme (2),Katariina (37); Katriina (17),Katrina (17); Katriina (11); Katariina (10); kaie (2); Kaija (2); Kadri (2); katteeriina (2); Kaie (1); Kata (1); Katjerina (1); kateriina (1); Katri (1)
Catherine / Kadri / Katri,Other,,532,0.24527431996311663,122,27,Estonia core/west: 353 (66.4%); South Estonia/Seto: 117 (22.0%); Finland/Savo-Karelia: 39 (7.3%); Ingria: 13 (2.4%); East Karelia/Veps/Tver: 9 (1.7%); Other/unclear: 1 (0.2%),Viljandimaa (108); Võrumaa (107); Harjumaa (68); Pärnumaa (61); Tartumaa (45); Virumaa (27); Läänemaa (23); Pohjois-Pohjanmaa (20),kadri (165); katri (88); kadrina (70); kadrik (47); kadrike (29); kaisa (27); Kadrina (14); kadr (12); Kadril (9); Triinu (8); Kaie (7); Kadrike (5),kadri (166); katri (86); kadrina (70); kadrike (47); kaisa (26); kadrikene (23); Kadrina (14); kadr (12); Triinu (8); Kaie (8); Kadrikene (5); kati (5)
Anna / Anne / Ann / Anni,Anne,Anne,708,0.31285903667697745,389,11,Estonia core/west: 663 (93.6%); South Estonia/Seto: 27 (3.8%); Other/unclear: 18 (2.5%),Viljandimaa (190); Pärnumaa (112); Tartumaa (107); Virumaa (106); Järvamaa (54); Harjumaa (41); Läänemaa (30); Saaremaa (23),Anne (708),Anne (629); anne (24); Annekene (22); Anneke (5); annekene (4); anneke (3); Anned (2); ane (2); Annel (2); Anne+kene (2); Anne-kene (2); annege (1)
Anna / Anne / Ann / Anni,Anni,Anni,511,0.22580645161290322,309,25,Finland/Savo-Karelia: 199 (38.9%); Ingria: 156 (30.5%); East Karelia/Veps/Tver: 137 (26.8%); Estonia core/west: 12 (2.3%); South Estonia/Seto: 4 (0.8%); Other/unclear: 3 (0.6%),Keski-Inkeri (66); Etelä-Karjala (65); Laatokan Karjala (Raja-Karjala) (65); Länsi-Inkeri (52); Itä- ja Pohjois-Inkeri (38); Viena (36); Aunus (34); Pohjois-Karjala (32),Anni (511),Anni (470); anni (10); Annin (5); Anikka (2); Annille (2); Annjo (2); Annit (1); annil (1); Annil (1); Annii (1); anike (1); anikka (1)
Anna / Anne / Ann / Anni,Ann,Ann,443,0.19575784357048165,216,15,Estonia core/west: 385 (86.9%); South Estonia/Seto: 39 (8.8%); Other/unclear: 15 (3.4%); Ingria: 3 (0.7%); East Karelia/Veps/Tver: 1 (0.2%),Viljandimaa (88); Läänemaa (76); Virumaa (60); Tartumaa (43); Saaremaa (41); Järvamaa (30); Pärnumaa (26); Võrumaa (24),Ann (443),Ann (395); anne (11); ann (9); Annõ (8); Anne (6); Annin (3); annõ (2); Annõkõn (1); annele (1); annekene (1); Anu (1); Annel (1)
Anna / Anne / Ann / Anni,Anna,Anna,68,0.030048608042421564,62,23,Finland/Savo-Karelia: 40 (58.8%); Estonia core/west: 21 (30.9%); East Karelia/Veps/Tver: 4 (5.9%); Ingria: 2 (2.9%); South Estonia/Seto: 1 (1.5%),Harjumaa (8); Häme (7); Etelä-Pohjanmaa (6); Etelä-Savo (6); Virumaa (5); Pohjois-Karjala (5); Pohjois-Pohjanmaa (4); Viljandimaa (4),Anna (68),Anna (55); Anne (2); anni (2); Annin (2); Ann (1); Annu (1); Anma (1); Annamu (1); Anni (1); annillee (1); annil (1)
Anna / Anne / Ann / Anni,Anu,Anu,37,0.016349977905435263,24,13,Estonia core/west: 25 (67.6%); Ingria: 7 (18.9%); East Karelia/Veps/Tver: 4 (10.8%); Other/unclear: 1 (2.7%),Tartumaa (6); Länsi-Inkeri (5); Järvamaa (4); Virumaa (4); Laatokan Karjala (Raja-Karjala) (3); Läänemaa (3); Saaremaa (3); Viljandimaa (3),Anu (37),Anu (29); anu (4); anult (1); Anukene (1); anuksez (1); anukse (1)
Anna / Anne / Ann / Anni,Other,,496,0.2191780821917808,349,26,Estonia core/west: 366 (73.8%); South Estonia/Seto: 52 (10.5%); East Karelia/Veps/Tver: 37 (7.5%); Finland/Savo-Karelia: 24 (4.8%); Ingria: 10 (2.0%); Other/unclear: 7 (1.4%),Virumaa (70); Viljandimaa (64); Tartumaa (53); Pärnumaa (51); Harjumaa (47); Järvamaa (30); Võrumaa (29); Saaremaa (27),anne (332); anni (22); ann (11); Annikki (10); Änni (7); Annin (7); Annolle (7); Annel (6); anu (6); Annike (5); andis (4); änn (4),anne (208); anni (50); and (17); annekene (14); ann (11); Annekene (10); anneke (9); anned (8); Annikki (8); Änni (7); anu (7); annoi (7)
