person_cluster,variant,broad_region,mentions,poems,variant_total,group_region_total,share_of_variant_in_region,share_within_group_region
Anna / Anne / Ann / Anni,Ann,East Karelia/Veps/Tver,10,3,471,183,0.021231422505307854,0.0546448087431694
Anna / Anne / Ann / Anni,Ann,Estonia core/west,398,195,471,1472,0.8450106157112527,0.2703804347826087
Anna / Anne / Ann / Anni,Ann,Finland/Savo-Karelia,1,1,471,263,0.0021231422505307855,0.0038022813688212928
Anna / Anne / Ann / Anni,Ann,Ingria,5,2,471,178,0.010615711252653927,0.028089887640449437
Anna / Anne / Ann / Anni,Ann,Other/unclear,15,7,471,44,0.03184713375796178,0.3409090909090909
Anna / Anne / Ann / Anni,Ann,South Estonia/Seto,42,23,471,123,0.08917197452229299,0.34146341463414637
Anna / Anne / Ann / Anni,Anna,East Karelia/Veps/Tver,6,5,81,183,0.07407407407407407,0.03278688524590164
Anna / Anne / Ann / Anni,Anna,Estonia core/west,29,21,81,1472,0.35802469135802467,0.01970108695652174
Anna / Anne / Ann / Anni,Anna,Finland/Savo-Karelia,42,41,81,263,0.5185185185185185,0.1596958174904943
Anna / Anne / Ann / Anni,Anna,Ingria,2,2,81,178,0.024691358024691357,0.011235955056179775
Anna / Anne / Ann / Anni,Anna,South Estonia/Seto,2,2,81,123,0.024691358024691357,0.016260162601626018
Anna / Anne / Ann / Anni,Anne,Estonia core/west,970,584,1063,1472,0.9125117591721543,0.6589673913043478
Anna / Anne / Ann / Anni,Anne,Finland/Savo-Karelia,2,2,1063,263,0.0018814675446848542,0.0076045627376425855
Anna / Anne / Ann / Anni,Anne,Other/unclear,25,16,1063,44,0.023518344308560677,0.5681818181818182
Anna / Anne / Ann / Anni,Anne,South Estonia/Seto,66,49,1063,123,0.062088428974600186,0.5365853658536586
Anna / Anne / Ann / Anni,Anni,East Karelia/Veps/Tver,161,79,571,183,0.2819614711033275,0.8797814207650273
Anna / Anne / Ann / Anni,Anni,Estonia core/west,26,17,571,1472,0.04553415061295972,0.017663043478260868
Anna / Anne / Ann / Anni,Anni,Finland/Savo-Karelia,216,156,571,263,0.37828371278458844,0.8212927756653993
Anna / Anne / Ann / Anni,Anni,Ingria,161,79,571,178,0.2819614711033275,0.9044943820224719
Anna / Anne / Ann / Anni,Anni,Other/unclear,3,2,571,44,0.005253940455341506,0.06818181818181818
Anna / Anne / Ann / Anni,Anni,South Estonia/Seto,4,1,571,123,0.0070052539404553416,0.032520325203252036
Anna / Anne / Ann / Anni,Anu,East Karelia/Veps/Tver,4,4,47,183,0.0851063829787234,0.02185792349726776
Anna / Anne / Ann / Anni,Anu,Estonia core/west,30,19,47,1472,0.6382978723404256,0.020380434782608696
Anna / Anne / Ann / Anni,Anu,Ingria,9,6,47,178,0.19148936170212766,0.05056179775280899
Anna / Anne / Ann / Anni,Anu,Other/unclear,1,1,47,44,0.02127659574468085,0.022727272727272728
Anna / Anne / Ann / Anni,Anu,South Estonia/Seto,3,2,47,123,0.06382978723404255,0.024390243902439025
Anna / Anne / Ann / Anni,Other Anna-family,East Karelia/Veps/Tver,2,1,30,183,0.06666666666666667,0.01092896174863388
Anna / Anne / Ann / Anni,Other Anna-family,Estonia core/west,19,15,30,1472,0.6333333333333333,0.012907608695652174
Anna / Anne / Ann / Anni,Other Anna-family,Finland/Savo-Karelia,2,2,30,263,0.06666666666666667,0.0076045627376425855
Anna / Anne / Ann / Anni,Other Anna-family,Ingria,1,1,30,178,0.03333333333333333,0.0056179775280898875
Anna / Anne / Ann / Anni,Other Anna-family,South Estonia/Seto,6,4,30,123,0.2,0.04878048780487805
Catherine / Kadri / Katri,Kadri,East Karelia/Veps/Tver,3,2,1243,52,0.002413515687851971,0.057692307692307696
Catherine / Kadri / Katri,Kadri,Estonia core/west,1005,251,1243,1332,0.8085277554304103,0.7545045045045045
Catherine / Kadri / Katri,Kadri,Ingria,2,1,1243,271,0.0016090104585679806,0.007380073800738007
Catherine / Kadri / Katri,Kadri,Other/unclear,28,10,1243,33,0.02252614641995173,0.8484848484848485
Catherine / Kadri / Katri,Kadri,South Estonia/Seto,205,24,1243,240,0.16492357200321803,0.8541666666666666
Catherine / Kadri / Katri,Kaisa,East Karelia/Veps/Tver,18,14,249,52,0.07228915662650602,0.34615384615384615
Catherine / Kadri / Katri,Kaisa,Estonia core/west,1,1,249,1332,0.004016064257028112,0.0007507507507507507
Catherine / Kadri / Katri,Kaisa,Finland/Savo-Karelia,171,120,249,241,0.6867469879518072,0.7095435684647303
Catherine / Kadri / Katri,Kaisa,Ingria,56,12,249,271,0.2248995983935743,0.2066420664206642
Catherine / Kadri / Katri,Kaisa,Other/unclear,3,2,249,33,0.012048192771084338,0.09090909090909091
Catherine / Kadri / Katri,Katariina/Katriina,East Karelia/Veps/Tver,5,4,58,52,0.08620689655172414,0.09615384615384616
Catherine / Kadri / Katri,Katariina/Katriina,Estonia core/west,5,5,58,1332,0.08620689655172414,0.0037537537537537537
Catherine / Kadri / Katri,Katariina/Katriina,Finland/Savo-Karelia,17,16,58,241,0.29310344827586204,0.07053941908713693
Catherine / Kadri / Katri,Katariina/Katriina,Ingria,29,26,58,271,0.5,0.1070110701107011
Catherine / Kadri / Katri,Katariina/Katriina,South Estonia/Seto,2,1,58,240,0.034482758620689655,0.008333333333333333
Catherine / Kadri / Katri,Kati,East Karelia/Veps/Tver,1,1,104,52,0.009615384615384616,0.019230769230769232
Catherine / Kadri / Katri,Kati,Estonia core/west,2,2,104,1332,0.019230769230769232,0.0015015015015015015
Catherine / Kadri / Katri,Kati,Finland/Savo-Karelia,8,8,104,241,0.07692307692307693,0.03319502074688797
Catherine / Kadri / Katri,Kati,Ingria,87,38,104,271,0.8365384615384616,0.3210332103321033
Catherine / Kadri / Katri,Kati,Other/unclear,2,2,104,33,0.019230769230769232,0.06060606060606061
Catherine / Kadri / Katri,Kati,South Estonia/Seto,4,4,104,240,0.038461538461538464,0.016666666666666666
Catherine / Kadri / Katri,Katri,East Karelia/Veps/Tver,21,12,462,52,0.045454545454545456,0.40384615384615385
Catherine / Kadri / Katri,Katri,Estonia core/west,284,15,462,1332,0.6147186147186147,0.2132132132132132
Catherine / Kadri / Katri,Katri,Finland/Savo-Karelia,40,19,462,241,0.08658008658008658,0.16597510373443983
Catherine / Kadri / Katri,Katri,Ingria,93,44,462,271,0.2012987012987013,0.34317343173431736
Catherine / Kadri / Katri,Katri,South Estonia/Seto,24,10,462,240,0.05194805194805195,0.1
Catherine / Kadri / Katri,Other Catherine-family,East Karelia/Veps/Tver,4,3,53,52,0.07547169811320754,0.07692307692307693
Catherine / Kadri / Katri,Other Catherine-family,Estonia core/west,35,17,53,1332,0.660377358490566,0.026276276276276277
Catherine / Kadri / Katri,Other Catherine-family,Finland/Savo-Karelia,5,5,53,241,0.09433962264150944,0.02074688796680498
Catherine / Kadri / Katri,Other Catherine-family,Ingria,4,4,53,271,0.07547169811320754,0.014760147601476014
Catherine / Kadri / Katri,Other Catherine-family,South Estonia/Seto,5,3,53,240,0.09433962264150944,0.020833333333333332
Jesus / Christ,Christ/Kristus,East Karelia/Veps/Tver,55,37,221,462,0.248868778280543,0.11904761904761904
Jesus / Christ,Christ/Kristus,Estonia core/west,41,35,221,296,0.18552036199095023,0.13851351351351351
Jesus / Christ,Christ/Kristus,Finland/Savo-Karelia,88,73,221,906,0.39819004524886875,0.09713024282560706
Jesus / Christ,Christ/Kristus,Ingria,25,17,221,374,0.11312217194570136,0.06684491978609626
Jesus / Christ,Christ/Kristus,Other/unclear,5,5,221,29,0.02262443438914027,0.1724137931034483
Jesus / Christ,Christ/Kristus,South Estonia/Seto,7,5,221,168,0.03167420814479638,0.041666666666666664
Jesus / Christ,Jeesus,East Karelia/Veps/Tver,343,167,1748,462,0.19622425629290619,0.7424242424242424
Jesus / Christ,Jeesus,Estonia core/west,248,144,1748,296,0.14187643020594964,0.8378378378378378
Jesus / Christ,Jeesus,Finland/Savo-Karelia,677,525,1748,906,0.38729977116704806,0.7472406181015453
Jesus / Christ,Jeesus,Ingria,296,171,1748,374,0.16933638443935928,0.7914438502673797
Jesus / Christ,Jeesus,Other/unclear,24,19,1748,29,0.013729977116704805,0.8275862068965517
Jesus / Christ,Jeesus,South Estonia/Seto,160,35,1748,168,0.09153318077803203,0.9523809523809523
Jesus / Christ,Jesus,East Karelia/Veps/Tver,64,25,265,462,0.24150943396226415,0.13852813852813853
Jesus / Christ,Jesus,Estonia core/west,7,4,265,296,0.026415094339622643,0.02364864864864865
Jesus / Christ,Jesus,Finland/Savo-Karelia,140,100,265,906,0.5283018867924528,0.1545253863134658
Jesus / Christ,Jesus,Ingria,53,30,265,374,0.2,0.14171122994652408
Jesus / Christ,Jesus,South Estonia/Seto,1,1,265,168,0.0037735849056603774,0.005952380952380952
Jesus / Christ,Other Jesus-family,Finland/Savo-Karelia,1,1,1,906,1.0,0.0011037527593818985
John / Jaan / Jussi / Hans,Ants,Estonia core/west,219,140,239,1721,0.9163179916317992,0.1272515979081929
John / Jaan / Jussi / Hans,Ants,Other/unclear,5,5,239,82,0.02092050209205021,0.06097560975609756
John / Jaan / Jussi / Hans,Ants,South Estonia/Seto,15,11,239,98,0.06276150627615062,0.15306122448979592
John / Jaan / Jussi / Hans,Hans,Estonia core/west,427,218,474,1721,0.9008438818565401,0.24811156304474144
John / Jaan / Jussi / Hans,Hans,Finland/Savo-Karelia,2,2,474,630,0.004219409282700422,0.0031746031746031746
John / Jaan / Jussi / Hans,Hans,Ingria,6,3,474,57,0.012658227848101266,0.10526315789473684
John / Jaan / Jussi / Hans,Hans,Other/unclear,34,15,474,82,0.07172995780590717,0.4146341463414634
John / Jaan / Jussi / Hans,Hans,South Estonia/Seto,5,2,474,98,0.010548523206751054,0.05102040816326531
John / Jaan / Jussi / Hans,Iivana,East Karelia/Veps/Tver,5,3,26,36,0.19230769230769232,0.1388888888888889
John / Jaan / Jussi / Hans,Iivana,Finland/Savo-Karelia,6,3,26,630,0.23076923076923078,0.009523809523809525
John / Jaan / Jussi / Hans,Iivana,Ingria,15,9,26,57,0.5769230769230769,0.2631578947368421
John / Jaan / Jussi / Hans,Jaan,East Karelia/Veps/Tver,1,1,1056,36,0.000946969696969697,0.027777777777777776
John / Jaan / Jussi / Hans,Jaan,Estonia core/west,951,426,1056,1721,0.9005681818181818,0.5525857059848925
John / Jaan / Jussi / Hans,Jaan,Finland/Savo-Karelia,2,2,1056,630,0.001893939393939394,0.0031746031746031746
John / Jaan / Jussi / Hans,Jaan,Other/unclear,37,22,1056,82,0.035037878787878785,0.45121951219512196
John / Jaan / Jussi / Hans,Jaan,South Estonia/Seto,65,31,1056,98,0.061553030303030304,0.6632653061224489
John / Jaan / Jussi / Hans,Johannes,East Karelia/Veps/Tver,1,1,23,36,0.043478260869565216,0.027777777777777776
John / Jaan / Jussi / Hans,Johannes,Estonia core/west,5,4,23,1721,0.21739130434782608,0.002905287623474724
John / Jaan / Jussi / Hans,Johannes,Finland/Savo-Karelia,14,14,23,630,0.6086956521739131,0.022222222222222223
John / Jaan / Jussi / Hans,Johannes,Ingria,1,1,23,57,0.043478260869565216,0.017543859649122806
John / Jaan / Jussi / Hans,Johannes,South Estonia/Seto,2,1,23,98,0.08695652173913043,0.02040816326530612
John / Jaan / Jussi / Hans,Juhan,Estonia core/west,74,53,86,1721,0.8604651162790697,0.04299825682742592
John / Jaan / Jussi / Hans,Juhan,Other/unclear,2,2,86,82,0.023255813953488372,0.024390243902439025
John / Jaan / Jussi / Hans,Juhan,South Estonia/Seto,10,9,86,98,0.11627906976744186,0.10204081632653061
John / Jaan / Jussi / Hans,Juhani/Juhana/Juho,East Karelia/Veps/Tver,3,2,48,36,0.0625,0.08333333333333333
John / Jaan / Jussi / Hans,Juhani/Juhana/Juho,Estonia core/west,4,2,48,1721,0.08333333333333333,0.002324230098779779
John / Jaan / Jussi / Hans,Juhani/Juhana/Juho,Finland/Savo-Karelia,31,20,48,630,0.6458333333333334,0.049206349206349205
John / Jaan / Jussi / Hans,Juhani/Juhana/Juho,Ingria,10,8,48,57,0.20833333333333334,0.17543859649122806
John / Jaan / Jussi / Hans,Jussi/Juss,East Karelia/Veps/Tver,26,15,638,36,0.04075235109717868,0.7222222222222222
John / Jaan / Jussi / Hans,Jussi/Juss,Estonia core/west,22,18,638,1721,0.034482758620689655,0.012783265543288786
John / Jaan / Jussi / Hans,Jussi/Juss,Finland/Savo-Karelia,565,476,638,630,0.8855799373040752,0.8968253968253969
John / Jaan / Jussi / Hans,Jussi/Juss,Ingria,21,11,638,57,0.032915360501567396,0.3684210526315789
John / Jaan / Jussi / Hans,Jussi/Juss,Other/unclear,3,3,638,82,0.004702194357366771,0.036585365853658534
John / Jaan / Jussi / Hans,Jussi/Juss,South Estonia/Seto,1,1,638,98,0.001567398119122257,0.01020408163265306
John / Jaan / Jussi / Hans,Other John-family,Estonia core/west,19,12,34,1721,0.5588235294117647,0.011040092969203951
John / Jaan / Jussi / Hans,Other John-family,Finland/Savo-Karelia,10,8,34,630,0.29411764705882354,0.015873015873015872
John / Jaan / Jussi / Hans,Other John-family,Ingria,4,2,34,57,0.11764705882352941,0.07017543859649122
John / Jaan / Jussi / Hans,Other John-family,Other/unclear,1,1,34,82,0.029411764705882353,0.012195121951219513
Martin / Mart / Märt,Mard/Mardi,Estonia core/west,664,131,685,3257,0.9693430656934306,0.2038685907276635
Martin / Mart / Märt,Mard/Mardi,Other/unclear,16,3,685,60,0.02335766423357664,0.26666666666666666
Martin / Mart / Märt,Mard/Mardi,South Estonia/Seto,5,3,685,128,0.0072992700729927005,0.0390625
Martin / Mart / Märt,Mart/Martin,East Karelia/Veps/Tver,1,1,1093,2,0.0009149130832570906,0.5
Martin / Mart / Märt,Mart/Martin,Estonia core/west,1070,224,1093,3257,0.9789569990850869,0.328523180841265
Martin / Mart / Märt,Mart/Martin,Finland/Savo-Karelia,3,3,1093,43,0.0027447392497712718,0.06976744186046512
Martin / Mart / Märt,Mart/Martin,Other/unclear,19,8,1093,60,0.01738334858188472,0.31666666666666665
Martin / Mart / Märt,Martti,East Karelia/Veps/Tver,1,1,53,2,0.018867924528301886,0.5
Martin / Mart / Märt,Martti,Finland/Savo-Karelia,39,35,53,43,0.7358490566037735,0.9069767441860465
Martin / Mart / Märt,Martti,Ingria,13,10,53,13,0.24528301886792453,1.0
Martin / Mart / Märt,Märt,Estonia core/west,1303,135,1429,3257,0.9118264520643807,0.4000614062020264
Martin / Mart / Märt,Märt,Other/unclear,11,5,1429,60,0.007697690692792162,0.18333333333333332
Martin / Mart / Märt,Märt,South Estonia/Seto,115,21,1429,128,0.08047585724282715,0.8984375
Martin / Mart / Märt,Märti,Estonia core/west,206,9,224,3257,0.9196428571428571,0.06324838808719681
Martin / Mart / Märt,Märti,Other/unclear,14,1,224,60,0.0625,0.23333333333333334
Martin / Mart / Märt,Märti,South Estonia/Seto,4,1,224,128,0.017857142857142856,0.03125
Martin / Mart / Märt,Other Martin-family,Estonia core/west,14,1,19,3257,0.7368421052631579,0.004298434141848327
Martin / Mart / Märt,Other Martin-family,Finland/Savo-Karelia,1,1,19,43,0.05263157894736842,0.023255813953488372
Martin / Mart / Märt,Other Martin-family,South Estonia/Seto,4,1,19,128,0.21052631578947367,0.03125
Mary / Maria / Maarja / Mari,Maari,Estonia core/west,22,8,27,2321,0.8148148148148148,0.009478672985781991
Mary / Maria / Maarja / Mari,Maari,Finland/Savo-Karelia,2,2,27,1031,0.07407407407407407,0.0019398642095053346
Mary / Maria / Maarja / Mari,Maari,Ingria,3,1,27,709,0.1111111111111111,0.004231311706629055
Mary / Maria / Maarja / Mari,Maaria,East Karelia/Veps/Tver,102,82,469,372,0.21748400852878466,0.27419354838709675
Mary / Maria / Maarja / Mari,Maaria,Estonia core/west,23,13,469,2321,0.04904051172707889,0.00990952175786299
Mary / Maria / Maarja / Mari,Maaria,Finland/Savo-Karelia,203,154,469,1031,0.43283582089552236,0.19689621726479145
Mary / Maria / Maarja / Mari,Maaria,Ingria,137,89,469,709,0.2921108742004264,0.19322990126939352
Mary / Maria / Maarja / Mari,Maaria,Other/unclear,4,4,469,87,0.008528784648187633,0.04597701149425287
Mary / Maria / Maarja / Mari,Maarja,Estonia core/west,355,218,512,2321,0.693359375,0.15295131408875484
Mary / Maria / Maarja / Mari,Maarja,Finland/Savo-Karelia,7,4,512,1031,0.013671875,0.006789524733268671
Mary / Maria / Maarja / Mari,Maarja,Ingria,5,5,512,709,0.009765625,0.007052186177715092
Mary / Maria / Maarja / Mari,Maarja,Other/unclear,6,6,512,87,0.01171875,0.06896551724137931
Mary / Maria / Maarja / Mari,Maarja,South Estonia/Seto,139,59,512,543,0.271484375,0.2559852670349908
Mary / Maria / Maarja / Mari,Maija/Maie,East Karelia/Veps/Tver,28,25,698,372,0.04011461318051576,0.07526881720430108
Mary / Maria / Maarja / Mari,Maija/Maie,Estonia core/west,4,3,698,2321,0.0057306590257879654,0.0017233950883239983
Mary / Maria / Maarja / Mari,Maija/Maie,Finland/Savo-Karelia,371,327,698,1031,0.5315186246418339,0.35984481086323955
Mary / Maria / Maarja / Mari,Maija/Maie,Ingria,295,84,698,709,0.42263610315186245,0.41607898448519043
Mary / Maria / Maarja / Mari,Mari,East Karelia/Veps/Tver,29,19,2418,372,0.011993382961124897,0.07795698924731183
Mary / Maria / Maarja / Mari,Mari,Estonia core/west,1774,1059,2418,2321,0.7336641852770885,0.7643257216716932
Mary / Maria / Maarja / Mari,Mari,Finland/Savo-Karelia,71,32,2418,1031,0.029363110008271298,0.06886517943743937
Mary / Maria / Maarja / Mari,Mari,Ingria,123,66,2418,709,0.05086848635235732,0.17348377997179126
Mary / Maria / Maarja / Mari,Mari,Other/unclear,73,47,2418,87,0.030190239867659223,0.8390804597701149
Mary / Maria / Maarja / Mari,Mari,South Estonia/Seto,348,211,2418,543,0.14392059553349876,0.6408839779005525
Mary / Maria / Maarja / Mari,Maria,East Karelia/Veps/Tver,209,165,805,372,0.2596273291925466,0.5618279569892473
Mary / Maria / Maarja / Mari,Maria,Estonia core/west,98,71,805,2321,0.12173913043478261,0.04222317966393796
Mary / Maria / Maarja / Mari,Maria,Finland/Savo-Karelia,362,290,805,1031,0.4496894409937888,0.3511154219204656
Mary / Maria / Maarja / Mari,Maria,Ingria,119,82,805,709,0.14782608695652175,0.16784203102961917
Mary / Maria / Maarja / Mari,Maria,Other/unclear,2,1,805,87,0.002484472049689441,0.022988505747126436
Mary / Maria / Maarja / Mari,Maria,South Estonia/Seto,15,6,805,543,0.018633540372670808,0.027624309392265192
Mary / Maria / Maarja / Mari,Marja,East Karelia/Veps/Tver,2,2,82,372,0.024390243902439025,0.005376344086021506
Mary / Maria / Maarja / Mari,Marja,Estonia core/west,19,16,82,2321,0.23170731707317074,0.008186126669538992
Mary / Maria / Maarja / Mari,Marja,Finland/Savo-Karelia,8,7,82,1031,0.0975609756097561,0.007759456838021339
Mary / Maria / Maarja / Mari,Marja,Ingria,22,9,82,709,0.2682926829268293,0.031029619181946404
Mary / Maria / Maarja / Mari,Marja,South Estonia/Seto,31,23,82,543,0.3780487804878049,0.0570902394106814
Mary / Maria / Maarja / Mari,Other Mary-family,East Karelia/Veps/Tver,2,2,52,372,0.038461538461538464,0.005376344086021506
Mary / Maria / Maarja / Mari,Other Mary-family,Estonia core/west,26,17,52,2321,0.5,0.01120206807410599
Mary / Maria / Maarja / Mari,Other Mary-family,Finland/Savo-Karelia,7,7,52,1031,0.1346153846153846,0.006789524733268671
Mary / Maria / Maarja / Mari,Other Mary-family,Ingria,5,4,52,709,0.09615384615384616,0.007052186177715092
Mary / Maria / Maarja / Mari,Other Mary-family,Other/unclear,2,2,52,87,0.038461538461538464,0.022988505747126436
Mary / Maria / Maarja / Mari,Other Mary-family,South Estonia/Seto,10,4,52,543,0.19230769230769232,0.01841620626151013
Peter / Pietari / Peeter,Other Peter-family,East Karelia/Veps/Tver,2,1,23,256,0.08695652173913043,0.0078125
Peter / Pietari / Peeter,Other Peter-family,Estonia core/west,4,3,23,441,0.17391304347826086,0.009070294784580499
Peter / Pietari / Peeter,Other Peter-family,Finland/Savo-Karelia,4,2,23,811,0.17391304347826086,0.004932182490752158
Peter / Pietari / Peeter,Other Peter-family,Ingria,3,3,23,190,0.13043478260869565,0.015789473684210527
Peter / Pietari / Peeter,Other Peter-family,Other/unclear,2,2,23,27,0.08695652173913043,0.07407407407407407
Peter / Pietari / Peeter,Other Peter-family,South Estonia/Seto,8,2,23,70,0.34782608695652173,0.11428571428571428
Peter / Pietari / Peeter,Peeter,Estonia core/west,406,243,476,441,0.8529411764705882,0.9206349206349206
Peter / Pietari / Peeter,Peeter,Other/unclear,16,14,476,27,0.03361344537815126,0.5925925925925926
Peter / Pietari / Peeter,Peeter,South Estonia/Seto,54,23,476,70,0.1134453781512605,0.7714285714285715
Peter / Pietari / Peeter,Peetrus,East Karelia/Veps/Tver,1,1,30,256,0.03333333333333333,0.00390625
Peter / Pietari / Peeter,Peetrus,Estonia core/west,27,13,30,441,0.9,0.061224489795918366
Peter / Pietari / Peeter,Peetrus,South Estonia/Seto,2,1,30,70,0.06666666666666667,0.02857142857142857
Peter / Pietari / Peeter,Pekka,East Karelia/Veps/Tver,30,24,375,256,0.08,0.1171875
Peter / Pietari / Peeter,Pekka,Finland/Savo-Karelia,332,299,375,811,0.8853333333333333,0.4093711467324291
Peter / Pietari / Peeter,Pekka,Ingria,9,6,375,190,0.024,0.04736842105263158
Peter / Pietari / Peeter,Pekka,Other/unclear,4,3,375,27,0.010666666666666666,0.14814814814814814
Peter / Pietari / Peeter,Petteri/Petri,East Karelia/Veps/Tver,40,17,112,256,0.35714285714285715,0.15625
Peter / Pietari / Peeter,Petteri/Petri,Finland/Savo-Karelia,30,28,112,811,0.26785714285714285,0.036991368680641186
Peter / Pietari / Peeter,Petteri/Petri,Ingria,40,33,112,190,0.35714285714285715,0.21052631578947367
Peter / Pietari / Peeter,Petteri/Petri,Other/unclear,1,1,112,27,0.008928571428571428,0.037037037037037035
Peter / Pietari / Peeter,Petteri/Petri,South Estonia/Seto,1,1,112,70,0.008928571428571428,0.014285714285714285
Peter / Pietari / Peeter,Pietari,East Karelia/Veps/Tver,183,93,779,256,0.23491655969191272,0.71484375
Peter / Pietari / Peeter,Pietari,Estonia core/west,4,4,779,441,0.005134788189987163,0.009070294784580499
Peter / Pietari / Peeter,Pietari,Finland/Savo-Karelia,445,373,779,811,0.5712451861360719,0.5487053020961775
Peter / Pietari / Peeter,Pietari,Ingria,138,108,779,190,0.17715019255455713,0.7263157894736842
Peter / Pietari / Peeter,Pietari,Other/unclear,4,3,779,27,0.005134788189987163,0.14814814814814814
Peter / Pietari / Peeter,Pietari,South Estonia/Seto,5,1,779,70,0.006418485237483954,0.07142857142857142
