person_cluster,variant_casefold_standard_lemma,standard_lemma_tokens_casefold,mentions,share_within_group,poems,counties,top_regions,top_counties,standard_lemma_counts,local_lemma_counts
Mary / Maria / Maarja / Mari,Mari,mari,2381,0.4702745407860952,1392,24,Estonia core/west: 1745 (73.3%); South Estonia/Seto: 345 (14.5%); Ingria: 120 (5.0%); Other/unclear: 73 (3.1%); Finland/Savo-Karelia: 69 (2.9%); East Karelia/Veps/Tver: 29 (1.2%),Virumaa (369); Viljandimaa (331); Tartumaa (279); Harjumaa (247); Pärnumaa (228); Setumaa (175); Võrumaa (167); Läänemaa (137),Mari (1256); mari (1125),Mari (1077); mari (834); marja (153); mara (31); Maie (28); marä (14); marakõnõ (13); marju (10); marjad (10); marjakõnõ (10); Marike (10); marjakene (9)
Mary / Maria / Maarja / Mari,Maria,maria,777,0.15346632431364804,596,31,Finland/Savo-Karelia: 352 (45.3%); East Karelia/Veps/Tver: 197 (25.4%); Ingria: 114 (14.7%); Estonia core/west: 98 (12.6%); South Estonia/Seto: 14 (1.8%); Other/unclear: 2 (0.3%),Laatokan Karjala (Raja-Karjala) (138); Pohjois-Karjala (66); Etelä-Savo (58); Länsi-Inkeri (58); Häme (47); Pohjois-Savo (45); Viena (35); Keski-Inkeri (34),Maria (772); maria (5),Maria (379); Maaria (118); maria (37); Moaria (29); Muaria (17); Maarja (15); maaria (13); Marja (8); muarie (8); maarian (8); Maarian (7); Moari (7)
Mary / Maria / Maarja / Mari,Maija/Maie,maie; maija,684,0.135097768121667,431,22,Finland/Savo-Karelia: 367 (53.7%); Ingria: 286 (41.8%); East Karelia/Veps/Tver: 27 (3.9%); Estonia core/west: 4 (0.6%),Länsi-Inkeri (232); Häme (63); Varsinais-Suomi (57); Satakunta (42); Peräpohjola (35); Keski-Inkeri (34); Etelä-Pohjanmaa (31); Etelä-Savo (26),Maija (582); maija (98); Maie (4),Maija (408); maija (117); Maie (51); Maije (34); maijoi (13); maijon (10); maijas (4); maijaa (3); maijen (3); Maijoin (3); Maijal (2); maijo (2)
Mary / Maria / Maarja / Mari,Maarja,maarja,504,0.09954572387912305,280,16,Estonia core/west: 354 (70.2%); South Estonia/Seto: 133 (26.4%); Finland/Savo-Karelia: 7 (1.4%); Other/unclear: 6 (1.2%); Ingria: 4 (0.8%),Pärnumaa (108); Viljandimaa (99); Setumaa (75); Võrumaa (57); Tartumaa (47); Virumaa (44); Harjumaa (20); Läänemaa (18),Maarja (502); maarja (2),Maarja (290); maarja (64); Maari (44); maari (23); Maarija (15); maarinna (8); maarjat (7); marijat (5); Maaria (4); maarijat (3); Marija (3); maarija (3)
Mary / Maria / Maarja / Mari,Maaria,maaria,454,0.08967015603397195,334,25,Finland/Savo-Karelia: 195 (43.0%); Ingria: 132 (29.1%); East Karelia/Veps/Tver: 100 (22.0%); Estonia core/west: 23 (5.1%); Other/unclear: 4 (0.9%),Länsi-Inkeri (83); Laatokan Karjala (Raja-Karjala) (65); Pohjois-Karjala (53); Häme (38); Keski-Inkeri (33); Aunus (30); Kainuu (19); Satakunta (18),Maaria (441); maaria (13),Maaria (361); maaria (20); Maariainen (14); maariainen (6); Maari (4); Maarian (4); Maarii (4); Maariaine (3); maariani (2); Moarijja (2); muari (2); Moarie (2)
Mary / Maria / Maarja / Mari,Other,,263,0.051945486865494765,179,27,Estonia core/west: 97 (36.9%); Ingria: 53 (20.2%); South Estonia/Seto: 51 (19.4%); Finland/Savo-Karelia: 41 (15.6%); East Karelia/Veps/Tver: 19 (7.2%); Other/unclear: 2 (0.8%),Länsi-Inkeri (29); Setumaa (29); Pärnumaa (25); Võrumaa (22); Viljandimaa (21); Keski-Inkeri (16); Tartumaa (15); Virumaa (13),Maari (27); Marja (17); Marian (15); marja (13); marjake (13); marjuke (12); marjakene (11); Marike (8); Marija (8); Marja/Mari (6); marjad (5); Maarjale (5),Maari (26); marja (12); Marja (11); mari (8); marju+ke (8); Marikene (6); marikene (6); Marini (6); marjuke (5); marakõnõ (5); Marija (5); marjakene (4)
Jesus / Christ,Jeesus,jeesus,1713,0.7664429530201342,1030,33,Finland/Savo-Karelia: 665 (38.8%); East Karelia/Veps/Tver: 340 (19.8%); Ingria: 291 (17.0%); Estonia core/west: 236 (13.8%); South Estonia/Seto: 157 (9.2%); Other/unclear: 24 (1.4%),Laatokan Karjala (Raja-Karjala) (289); Pohjois-Karjala (165); Keski-Inkeri (108); Häme (102); Itä- ja Pohjois-Inkeri (95); Võrumaa (93); Länsi-Inkeri (88); Etelä-Savo (72),Jeesus (1712); jeesus (1),Jeesus (967); Jiesus (154); Jesus (71); Iesus (57); jeesus (40); Kiesus (39); Jeesu (37); jiesus (29); Jessus (24); Iessus (21); Jiessus (19); jeesu (12)
Jesus / Christ,Jesus,jesus,265,0.1185682326621924,159,22,Finland/Savo-Karelia: 140 (52.8%); East Karelia/Veps/Tver: 64 (24.2%); Ingria: 53 (20.0%); Estonia core/west: 7 (2.6%); South Estonia/Seto: 1 (0.4%),Laatokan Karjala (Raja-Karjala) (61); Häme (39); Pohjois-Karjala (37); Länsi-Inkeri (23); Itä- ja Pohjois-Inkeri (20); Etelä-Savo (16); Satakunta (12); Keski-Inkeri (10),Jesus (264); jesus (1),Jesus (255); jesus (6); Jeesus (1); Jesus-en (1); Jesuksen (1); Jesus+ta (1)
Jesus / Christ,Christ/Kristus,christ; kristus,205,0.09172259507829977,156,28,Finland/Savo-Karelia: 84 (41.0%); East Karelia/Veps/Tver: 45 (22.0%); Estonia core/west: 40 (19.5%); Ingria: 24 (11.7%); South Estonia/Seto: 7 (3.4%); Other/unclear: 5 (2.4%),Laatokan Karjala (Raja-Karjala) (30); Pohjois-Karjala (17); Tartumaa (16); Länsi-Inkeri (15); Häme (13); Varsinais-Suomi (12); Aunus (11); Etelä-Pohjanmaa (11),Kristus (205),Kristus (136); Ristus (17); kristus (10); Kristos (5); ristus (5); Krist (3); krist (2); kristos (2); Kristo (2); christux (2); Kristuse (1); Kõrstus (1)
Jesus / Christ,Other,,52,0.023266219239373602,44,19,Finland/Savo-Karelia: 17 (32.7%); Estonia core/west: 13 (25.0%); East Karelia/Veps/Tver: 13 (25.0%); Ingria: 6 (11.5%); South Estonia/Seto: 3 (5.8%),Laatokan Karjala (Raja-Karjala) (9); Pohjois-Karjala (7); Virumaa (5); Aunus (4); Häme (4); Länsi-Inkeri (4); Võrumaa (3); Järvamaa (2),Jeesuksen (16); Jeesukene (4); Jeesuse (4); hristos (3); Jeesusesse (2); Jeesu (2); kristillinen (2); Kristian (2); Iesus (1); Jeesu_kene (1); Eesus (1); Jeesuke (1),Jeesukse (3); hristos (3); Jeesukene (2); Jeesuse (2); jeesu (2); Hristos (2); Kristos (2); kristillinen (2); hristoa (2); jesuxen (2); Jeesuksen (2); Iesus (1)
John / Jaan / Jussi / Hans,Jaan,jaan,1013,0.3860518292682927,452,12,Estonia core/west: 917 (90.5%); South Estonia/Seto: 59 (5.8%); Other/unclear: 37 (3.7%),Viljandimaa (207); Järvamaa (145); Pärnumaa (139); Läänemaa (126); Tartumaa (96); Harjumaa (70); Virumaa (69); Saaremaa (65),Jaan (868); jaan (145),Jaan (652); jaan (78); jaanike (63); Jaanike (37); Jaanikene (30); Jaani (26); Jaanik (25); jaani (23); jaanikene (18); jani (10); Jaaniku (7); joaen (6)
John / Jaan / Jussi / Hans,Jussi/Juss,juss; jussi,634,0.24161585365853658,522,26,Finland/Savo-Karelia: 563 (88.8%); East Karelia/Veps/Tver: 26 (4.1%); Estonia core/west: 21 (3.3%); Ingria: 20 (3.2%); Other/unclear: 3 (0.5%); South Estonia/Seto: 1 (0.2%),Häme (113); Varsinais-Suomi (85); Pohjois-Savo (56); Satakunta (52); Pohjois-Karjala (48); Etelä-Savo (46); Etelä-Karjala (45); Etelä-Pohjanmaa (38),Jussi (618); Juss (14); jussi (2),Jussi (604); jussi (8); Juss (3); Jassi (3); Jussi+n (2); Jutas (2); Jutsi (1); Jüssi (1); Jusso (1); Jusse (1); Jussiv (1); Jussi(n) (1)
John / Jaan / Jussi / Hans,Hans,hans,462,0.1760670731707317,230,11,Estonia core/west: 422 (91.3%); Other/unclear: 33 (7.1%); South Estonia/Seto: 5 (1.1%); Finland/Savo-Karelia: 2 (0.4%),Viljandimaa (109); Pärnumaa (72); Harjumaa (54); Järvamaa (48); Tartumaa (43); Virumaa (37); Saaremaa (30); Läänemaa (29),Hans (454); hans (8),Hans (400); hans (19); Hants (14); Hansu (7); Hantsu (4); Hanssu (4); Hanso (3); hants (3); hansu (3); Ans (1); hansuke (1); Ants (1)
John / Jaan / Jussi / Hans,Ants,ants,239,0.09108231707317073,152,12,Estonia core/west: 219 (91.6%); South Estonia/Seto: 15 (6.3%); Other/unclear: 5 (2.1%),Viljandimaa (46); Virumaa (40); Harjumaa (34); Läänemaa (32); Tartumaa (21); Pärnumaa (19); Saaremaa (15); Järvamaa (12),Ants (239),Ants (230); ants (9)
John / Jaan / Jussi / Hans,Iivana,iivana,26,0.009908536585365854,15,9,Ingria: 15 (57.7%); Finland/Savo-Karelia: 6 (23.1%); East Karelia/Veps/Tver: 5 (19.2%),Länsi-Inkeri (11); Pohjois-Karjala (4); Keski-Inkeri (3); Aunus (2); Viena (2); Etelä-Savo (1); Itä- ja Pohjois-Inkeri (1); Laatokan Karjala (Raja-Karjala) (1),Iivana (26),Iivana (21); Iivaana (3); Ivaana (1); Iitam (1)
John / Jaan / Jussi / Hans,Other,,250,0.09527439024390244,179,30,Estonia core/west: 142 (56.8%); Finland/Savo-Karelia: 59 (23.6%); Ingria: 22 (8.8%); South Estonia/Seto: 18 (7.2%); East Karelia/Veps/Tver: 5 (2.0%); Other/unclear: 4 (1.6%),Viljandimaa (36); Tartumaa (22); Järvamaa (22); Harjumaa (18); Virumaa (17); Võrumaa (14); Saaremaa (14); Pohjois-Karjala (12),Juhan (85); Johannes (22); Juhani (17); Juhana (13); jään (10); jaanike (8); jaanikene (7); Hannus (7); Joan (5); Juhanile (4); Juku (4); Hants (4),Juhan (78); jaanikene (15); Juhani (12); Johannes (11); Juhana (11); Hannus (7); jaen (6); Juakko (6); Juhanile (4); Jussi (4); Juku (4); Hants (4)
Peter / Pietari / Peeter,Pietari,pietari,760,0.4233983286908078,569,24,Finland/Savo-Karelia: 442 (58.2%); East Karelia/Veps/Tver: 182 (23.9%); Ingria: 131 (17.2%); Other/unclear: 4 (0.5%); Estonia core/west: 1 (0.1%),Laatokan Karjala (Raja-Karjala) (139); Pohjois-Karjala (122); Länsi-Inkeri (50); Etelä-Karjala (48); Etelä-Savo (48); Häme (44); Itä- ja Pohjois-Inkeri (43); Varsinais-Suomi (43),Pietari (759); pietari (1),Pietari (511); Pietar (27); Pedri (21); pietari (19); Piatari (14); Piiteri (11); Petro (10); Petri (7); Pedro (6); piedari (6); Piedari (5); pietar (5)
Peter / Pietari / Peeter,Peeter,peeter,476,0.26518105849582174,274,12,Estonia core/west: 406 (85.3%); South Estonia/Seto: 54 (11.3%); Other/unclear: 16 (3.4%),Viljandimaa (100); Virumaa (67); Tartumaa (62); Pärnumaa (54); Järvamaa (41); Võrumaa (40); Harjumaa (35); Läänemaa (24),Peeter (470); peeter (6),Peeter (327); Piitre (21); Piiter (21); peeter (15); Pieter (14); peter (6); Peet (5); peetri (4); Pietrus (3); piitri (3); Peetrikene (3); peetrikene (3)
Peter / Pietari / Peeter,Pekka,pekka,374,0.20835654596100278,331,20,Finland/Savo-Karelia: 331 (88.5%); East Karelia/Veps/Tver: 30 (8.0%); Ingria: 9 (2.4%); Other/unclear: 4 (1.1%),Pohjois-Karjala (76); Pohjois-Savo (72); Etelä-Savo (56); Etelä-Karjala (27); Kainuu (17); Laatokan Karjala (Raja-Karjala) (16); Pohjois-Pohjanmaa (16); Peräpohjola (14),Pekka (366); pekka (8),Pekka (342); pekka (14); Pekko (7); Peio (3); Pietu (1); Peka (1); Pekka+n (1); Pekka (+ -lla) (1); Pekka-lla (1); Pekka-han (1); Peekaa (1); Pieti (1)
Peter / Pietari / Peeter,Petteri/Petri,petri; petteri,108,0.06016713091922005,76,15,East Karelia/Veps/Tver: 40 (37.0%); Ingria: 39 (36.1%); Finland/Savo-Karelia: 28 (25.9%); Other/unclear: 1 (0.9%),Länsi-Inkeri (27); Laatokan Karjala (Raja-Karjala) (15); Aunus (14); Peräpohjola (14); Keski-Inkeri (11); Viena (11); Pohjois-Karjala (3); Satakunta (3),Petteri (77); Petri (30); petteri (1),Petteri (52); Petri (23); Petter (12); Petra (5); petterissä (2); petter (2); petteri (2); petters (1); Petri-n (1); Petteri-stä (1); petterii (1); petterist (1)
Peter / Pietari / Peeter,Other,,77,0.04289693593314763,46,20,Estonia core/west: 34 (44.2%); South Estonia/Seto: 16 (20.8%); Ingria: 11 (14.3%); Finland/Savo-Karelia: 10 (13.0%); East Karelia/Veps/Tver: 4 (5.2%); Other/unclear: 2 (2.6%),Võrumaa (15); Harjumaa (9); Länsi-Inkeri (7); Viljandimaa (7); Läänemaa (7); Tartumaa (6); Laatokan Karjala (Raja-Karjala) (4); Itä- ja Pohjois-Inkeri (2),Peetrus (29); Petra (7); Pietarin (7); Piiter (6); Perttu (3); Pietarista (3); Peterburi (2); Petter (2); Petro (2); Pedri (2); *Petteri (1); Peet (1),Peetrus (26); Petra (7); Piiter (6); Piitrus (3); Pietari (2); Petter (2); Perttu (2); Pekka (2); Petro (2); Petro+n (2); Pedri (2); Peeter (1)
Martin / Mart / Märt,Märt,märt,1356,0.3870967741935484,148,11,Estonia core/west: 1232 (90.9%); South Estonia/Seto: 113 (8.3%); Other/unclear: 11 (0.8%),Viljandimaa (654); Tartumaa (369); Pärnumaa (146); Võrumaa (103); Virumaa (39); Järvamaa (17); Setumaa (10),Märt (903); märt (453),Märti (388); Märt (368); märti (281); märt (125); marti (82); märdi (36); Mart (36); Mardi (13); Märdi (5); mart (5); märdil (4); Marti (3)
Martin / Mart / Märt,Mart/Martin,mart; martin,997,0.2846131886954039,228,13,Estonia core/west: 976 (97.9%); Other/unclear: 17 (1.7%); Finland/Savo-Karelia: 3 (0.3%); East Karelia/Veps/Tver: 1 (0.1%),Pärnumaa (277); Viljandimaa (191); Läänemaa (145); Virumaa (135); Harjumaa (98); Järvamaa (61); Tartumaa (49); Saaremaa (20),Mart (541); mart (452); Martin (4),Mart (473); mart (345); marti (68); Marti (46); mard (43); mardi (6); Mardi (5); Martin (4); mardid (3); mardikene (1); mardil (1); Mard (1)
Martin / Mart / Märt,Mard/Mardi,mard; mardi,622,0.17756208963745362,118,10,Estonia core/west: 605 (97.3%); Other/unclear: 14 (2.3%); South Estonia/Seto: 3 (0.5%),Pärnumaa (239); Tartumaa (104); Läänemaa (81); Virumaa (74); Järvamaa (45); Viljandimaa (34); Harjumaa (24); välismaa (10),mard (389); Mard (195); Mardi (22); mardi (16),mard (236); Mard (108); marti (85); mart (84); Mardi (48); mardi (21); Mart (17); mardil (6); mardid (5); Mardikene (4); Mardi-l (3); Mardi-le (2)
Martin / Mart / Märt,Märti,märti,219,0.06251784184984299,10,5,Estonia core/west: 201 (91.8%); Other/unclear: 14 (6.4%); South Estonia/Seto: 4 (1.8%),Viljandimaa (112); Pärnumaa (82); Tartumaa (6); Võrumaa (4); Läänemaa (1),Märti (138); märti (81),Märti (131); märti (84); märdi (4)
Martin / Mart / Märt,Martti,martti,53,0.01512988866685698,46,14,Finland/Savo-Karelia: 39 (73.6%); Ingria: 13 (24.5%); East Karelia/Veps/Tver: 1 (1.9%),Etelä-Karjala (10); Pohjois-Savo (8); Länsi-Inkeri (6); Itä- ja Pohjois-Inkeri (4); Kainuu (4); Pohjois-Pohjanmaa (4); Etelä-Savo (3); Keski-Inkeri (3),Martti (53),Martti (34); Martin (9); Martti-n (3); Mart (3); martti (3); Marti (1)
Martin / Mart / Märt,Other,,256,0.0730802169568941,60,12,Estonia core/west: 243 (94.9%); South Estonia/Seto: 8 (3.1%); Other/unclear: 4 (1.6%); Finland/Savo-Karelia: 1 (0.4%),Pärnumaa (100); Tartumaa (77); Läänemaa (29); Viljandimaa (16); Virumaa (10); Harjumaa (8); Võrumaa (7),marti (84); märd (57); karu (14); mardid (13); mardus (11); Marti (9); mardikas (8); Mardis (7); Märten (6); Mardus (5); pääsuke (4); märdi (3),marti (88); märd (43); märdi (21); mard (16); mardid (11); märt (10); Mardis (7); Märdi (7); Marti (6); mart (5); Märt (4); pääsuke (4)
Catherine / Kadri / Katri,Kadri,kadri,1058,0.48778238819732594,264,12,Estonia core/west: 921 (87.1%); South Estonia/Seto: 109 (10.3%); Other/unclear: 27 (2.6%); East Karelia/Veps/Tver: 1 (0.1%),Pärnumaa (240); Viljandimaa (189); Läänemaa (108); Harjumaa (106); Järvamaa (97); Virumaa (86); Võrumaa (84); Tartumaa (68),Kadri (893); kadri (165),Kadri (806); kadri (207); Katri (14); kadrile (6); kadrid (5); Kadrikene (3); Kadril (2); Kadrid (2); Kahadri (2); kadril (2); katre (2); kadrik (1)
Catherine / Kadri / Katri,Katri,katri,460,0.21207929921622867,96,21,Estonia core/west: 284 (61.7%); Ingria: 91 (19.8%); Finland/Savo-Karelia: 40 (8.7%); South Estonia/Seto: 24 (5.2%); East Karelia/Veps/Tver: 21 (4.6%),Viljandimaa (240); Keski-Inkeri (50); Etelä-Karjala (26); Länsi-Inkeri (24); Võrumaa (22); Laatokan Karjala (Raja-Karjala) (18); Itä- ja Pohjois-Inkeri (17); Virumaa (16),Katri (372); katri (88),Katri (328); katri (111); Katri-n (3); katrikõn (2); Kadre (2); Kati (2); katrit (1); Katrikka (1); katji (1); Kateri (1); Katrikkine (1); Katrill (1)
Catherine / Kadri / Katri,Kaisa,kaisa,246,0.11341632088520055,149,19,Finland/Savo-Karelia: 168 (68.3%); Ingria: 56 (22.8%); East Karelia/Veps/Tver: 18 (7.3%); Other/unclear: 3 (1.2%); Estonia core/west: 1 (0.4%),Pohjois-Karjala (33); Länsi-Inkeri (30); Etelä-Savo (29); Keski-Inkeri (23); Pohjois-Pohjanmaa (23); Laatokan Karjala (Raja-Karjala) (15); Häme (14); Etelä-Karjala (13),Kaisa (219); kaisa (27),Kaisa (194); kaisa (31); Kaisu (5); Kaesa (2); Kaiso (2); kaiekene (1); kaisaa (1); Kaisaa (1); Kaisan (1); Kaisa-lla (1); kaisukkinen (1); Kaisoi (1)
Catherine / Kadri / Katri,Kati,kati,104,0.0479483633010604,55,11,Ingria: 87 (83.7%); Finland/Savo-Karelia: 8 (7.7%); South Estonia/Seto: 4 (3.8%); Estonia core/west: 2 (1.9%); Other/unclear: 2 (1.9%); East Karelia/Veps/Tver: 1 (1.0%),Länsi-Inkeri (39); Itä- ja Pohjois-Inkeri (24); Keski-Inkeri (24); Varsinais-Suomi (5); Peräpohjola (2); Setumaa (2); Võrumaa (2),Kati (99); kati (5),Kati (89); kati (8); katin (2); Kaie (1); Kati-ni (1); Katrina (1); Kato (1); katehia (1)
Catherine / Kadri / Katri,Katariina/Katriina,katariina; katriina,54,0.024896265560165973,48,19,Ingria: 25 (46.3%); Finland/Savo-Karelia: 17 (31.5%); Estonia core/west: 5 (9.3%); East Karelia/Veps/Tver: 5 (9.3%); South Estonia/Seto: 2 (3.7%),Keski-Inkeri (9); Länsi-Inkeri (9); Itä- ja Pohjois-Inkeri (7); Pohjois-Karjala (5); Laatokan Karjala (Raja-Karjala) (4); Etelä-Savo (4); Peräpohjola (2); Häme (2),Katariina (37); Katriina (17),Katrina (17); Katriina (11); Katariina (10); kaie (2); Kaija (2); Kadri (2); katteeriina (2); Kaie (1); Kata (1); Katjerina (1); kateriina (1); Katri (1)
Catherine / Kadri / Katri,Other,,247,0.11387736284001844,81,23,Estonia core/west: 119 (48.2%); South Estonia/Seto: 101 (40.9%); Ingria: 12 (4.9%); Finland/Savo-Karelia: 8 (3.2%); East Karelia/Veps/Tver: 6 (2.4%); Other/unclear: 1 (0.4%),Võrumaa (99); Tartumaa (37); Harjumaa (23); Virumaa (20); Viljandimaa (13); Pärnumaa (13); Järvamaa (8); Keski-Inkeri (6),kadrina (70); kadrik (47); kadrike (29); Kadrina (14); kadr (12); Kadril (9); Triinu (8); Kaie (7); Kadrike (5); Kai (5); kadripäev (3); Katti (3),kadrina (70); kadrike (47); kadrikene (23); Kadrina (14); kadr (12); Triinu (8); Kaie (8); Kadrikene (5); Kadril (4); kadril (3); kadri (3); Katti (3)
Anna / Anne / Ann / Anni,Anne,anne,1040,0.4595669465311533,628,13,Estonia core/west: 949 (91.2%); South Estonia/Seto: 65 (6.2%); Other/unclear: 24 (2.3%); Finland/Savo-Karelia: 2 (0.2%),Viljandimaa (238); Virumaa (165); Pärnumaa (151); Tartumaa (150); Järvamaa (79); Harjumaa (78); Läänemaa (45); Saaremaa (43),Anne (708); anne (332),Anne (630); anne (227); anni (28); Annekene (22); and (17); annekene (15); anneke (12); anned (7); ande (5); Anneke (5); annet (4); andeeida (4)
Anna / Anne / Ann / Anni,Anni,anni; änni,540,0.23862129916040653,318,26,Finland/Savo-Karelia: 202 (37.4%); Ingria: 158 (29.3%); East Karelia/Veps/Tver: 153 (28.3%); Estonia core/west: 20 (3.7%); South Estonia/Seto: 4 (0.7%); Other/unclear: 3 (0.6%),Keski-Inkeri (66); Etelä-Karjala (65); Laatokan Karjala (Raja-Karjala) (65); Länsi-Inkeri (54); Aunus (50); Itä- ja Pohjois-Inkeri (38); Viena (36); Pohjois-Karjala (32),Anni (511); anni (22); Änni (7),Anni (470); anni (30); Änni (7); Annin (5); Anikka (2); Annille (2); Annjo (2); Annit (1); annil (1); Annil (1); Annii (1); anike (1)
Anna / Anne / Ann / Anni,Ann,ann,454,0.20061864781263808,223,15,Estonia core/west: 394 (86.8%); South Estonia/Seto: 41 (9.0%); Other/unclear: 15 (3.3%); Ingria: 3 (0.7%); East Karelia/Veps/Tver: 1 (0.2%),Viljandimaa (90); Läänemaa (76); Virumaa (60); Saaremaa (43); Tartumaa (43); Järvamaa (33); Pärnumaa (27); Võrumaa (26),Ann (443); ann (11),Ann (395); ann (16); anne (12); Annõ (8); Anne (6); Annin (3); annõ (2); amp (1); Annõkõn (1); annele (1); annid (1); annekene (1)
Anna / Anne / Ann / Anni,Anna,anna,68,0.030048608042421564,62,23,Finland/Savo-Karelia: 40 (58.8%); Estonia core/west: 21 (30.9%); East Karelia/Veps/Tver: 4 (5.9%); Ingria: 2 (2.9%); South Estonia/Seto: 1 (1.5%),Harjumaa (8); Häme (7); Etelä-Pohjanmaa (6); Etelä-Savo (6); Virumaa (5); Pohjois-Karjala (5); Pohjois-Pohjanmaa (4); Viljandimaa (4),Anna (68),Anna (55); Anne (2); anni (2); Annin (2); Ann (1); Annu (1); Anma (1); Annamu (1); Anni (1); annillee (1); annil (1)
Anna / Anne / Ann / Anni,Anu,anu,43,0.019001325673884226,28,14,Estonia core/west: 27 (62.8%); Ingria: 8 (18.6%); East Karelia/Veps/Tver: 4 (9.3%); South Estonia/Seto: 3 (7.0%); Other/unclear: 1 (2.3%),Tartumaa (8); Länsi-Inkeri (6); Järvamaa (4); Virumaa (4); Laatokan Karjala (Raja-Karjala) (3); Läänemaa (3); Saaremaa (3); Viljandimaa (3),Anu (37); anu (6),Anu (29); anu (10); anult (1); Anukene (1); anuksez (1); anukse (1)
Anna / Anne / Ann / Anni,Other,,118,0.05214317277949625,84,26,Estonia core/west: 61 (51.7%); East Karelia/Veps/Tver: 21 (17.8%); Finland/Savo-Karelia: 19 (16.1%); South Estonia/Seto: 9 (7.6%); Ingria: 7 (5.9%); Other/unclear: 1 (0.8%),Viljandimaa (14); Laatokan Karjala (Raja-Karjala) (10); Virumaa (10); Pärnumaa (9); Aunus (9); Harjumaa (9); Tartumaa (8); Läänemaa (5),Annikki (10); Annin (7); Annolle (7); Annel (6); Annike (5); andis (4); änn (4); Annuke (3); andja (3); Anneke (3); Annekene (3); Annille (3),Annekene (10); Annikki (8); annoi (7); Annel (5); Annin (5); änn (4); anne (4); annekene (3); antaa (3); Anna+n (3); ann (2); anni (2)
