person_cluster,word_in_english_category,mentions_total,share_total,mapped_mentions,share_among_mapped,total_group_mentions,mapped_group_mentions,top_raw_word_in_english
Mary / Maria / Maarja / Mari,Mary,1587,0.31345052340509577,1483,0.3166773435831732,5063,4683,Mary (1413); to Mary (55); from Mary (48); into Mary (10); little Mary (10); Virgin Mary (8); with Mary (7); Little Mary (6)
Mary / Maria / Maarja / Mari,Mari,937,0.18506814141813155,836,0.178518043988896,5063,4683,Mari (695); Mari's (37); Maris (30); little Mari (28); to Mari (21); Mari (obj.) (16); Maari (16); on Mari (15)
Mary / Maria / Maarja / Mari,Maija/Maie,526,0.10389097373098953,458,0.09780055519965834,5063,4683,Maija (373); Maie (73); Maije (16); to Maija (12); little Maie (12); Maija (name) (6); my Maija (4); on Maija (2)
Mary / Maria / Maarja / Mari,Maria/Maaria,199,0.03930476002370136,181,0.038650437753576766,5063,4683,Maria (98); to Maria (18); from Maria (16); Maaria (13); from Maaria (13); to Maaria (7); to Maarja (6); Maarja (5)
Mary / Maria / Maarja / Mari,Berry,1113,0.2198301402330634,1045,0.22314755498612002,5063,4683,berry (612); berries (230); little berry (92); to berry (16); with berry (12); on the berry (12); to berries (11); from berries (9)
Mary / Maria / Maarja / Mari,Other,701,0.13845546118901836,680,0.1452060644885757,5063,4683,Mary's (334); Maija's (80); berry's (48); Maria's (12); Marys (10); Maijas' (8); Maaria's (8); Maarjanna's (8)
Jesus / Christ,Jesus,1541,0.6894854586129754,1461,0.6878531073446328,2235,2124,Jesus (1368); to Jesus (42); little Jesus (33); Jesus' (33); from Jesus (22); of Jesus (12); my Jesus (6); little-Jesus (3)
Jesus / Christ,Christ,163,0.07293064876957495,154,0.07250470809792843,2235,2124,Christ (153); from Christ (3); to Christ (3); Christian (2); of Christ (1); into Christ (1)
Jesus / Christ,Other,531,0.23758389261744967,509,0.2396421845574388,2235,2124,Jesus's (467); Christ's (54); Kiesus's (3); Christian's (1); Ristus (Christ) (1); Ristus (1); Christus (1); Jesus's too (1)
John / Jaan / Jussi / Hans,Jussi,548,0.20884146341463414,521,0.21546732837055418,2624,2418,Jussi (528); Jussi (name) (5); Jussi (John) (3); from Jussi (2); to Jussi (2); Jussi (dear) (1); on Jussi (1); Jussi (diminutive) (1)
John / Jaan / Jussi / Hans,Jaan/Jaani,416,0.15853658536585366,397,0.1641852770885029,2624,2418,Jaan (241); little Jaan (87); with Jaan (36); to Jaan (12); Jaani (9); on Jaan (8); Little Jaan (7); at Jaan (4)
John / Jaan / Jussi / Hans,Hans,384,0.14634146341463414,321,0.1327543424317618,2624,2418,Hans (282); to Hans (33); Hans' (28); little Hans (11); on Hans (5); of Hans (4); from Hans (4); Hans (name) (3)
John / Jaan / Jussi / Hans,John/St John,272,0.10365853658536585,243,0.10049627791563276,2624,2418,John (151); little John (53); Little John (25); little St. John (18); from John (7); on John (4); to John (4); Midsummer fire (2)
John / Jaan / Jussi / Hans,Ants,180,0.06859756097560976,172,0.07113316790736146,2624,2418,Ants (158); little Ants (8); to Ants (3); Ants (name) (3); at Ants (2); At Ants (1); from Ants (1); to Ants' (1)
John / Jaan / Jussi / Hans,Juhan,69,0.026295731707317072,62,0.02564102564102564,2624,2418,Juhan (60); to Juhan (6); little Juhan (2); of Juhan (1)
John / Jaan / Jussi / Hans,Other,755,0.28772865853658536,702,0.2903225806451613,2624,2418,Jaan's (159); John's (120); Jussi's (73); Hans's (68); Ants's (43); Jaanik's (24); at St. John's (19); Jaani's (12)
Peter / Pietari / Peeter,Peter,858,0.47799442896935934,799,0.4761620977353993,1795,1678,Peter (734); to Peter (60); from Peter (23); little Peter (9); with Peter (5); of Peter (4); at Peter (2); in Peter (2)
Peter / Pietari / Peeter,Peeter,91,0.050696378830083565,88,0.052443384982121574,1795,1678,Peeter (66); to Peeter (7); from Peeter (4); little Peeter (4); with Peeter (3); Peeter (name) (2); on Peeter (2); Peeter (acc.) (2)
Peter / Pietari / Peeter,Pekka/Pekko,316,0.17604456824512535,293,0.17461263408820024,1795,1678,Pekka (293); Pekko (6); to Pekka (5); Pekka (name) (2); (name) Pekka (2); pekka (1); Pekka too (1); from Pekka (1)
Peter / Pietari / Peeter,Petteri/Pietari,58,0.03231197771587744,57,0.03396901072705602,1795,1678,Petteri (12); Piitre (11); Pedri (6); to Pietari (5); from Pietari (4); from Petteri (4); little Piitre (3); Pietari (3)
Peter / Pietari / Peeter,Petersburg,96,0.053481894150417826,88,0.052443384982121574,1795,1678,in Petersburg (19); to St. Petersburg (14); to Petersburg (11); in St. Petersburg (9); from St. Petersburg (7); from Petersburg (7); Saint Petersburg (5); St. Petersburg (5)
Peter / Pietari / Peeter,Other,376,0.20947075208913649,353,0.21036948748510131,1795,1678,Peter's (181); Peeter's (52); Pekka's (24); Pietari's (11); Petersburg's (7); St. Petersburg's (6); Petteri's (5); Peet (4)
Martin / Mart / Märt,Martin,1125,0.321153297173851,1098,0.3305237808549067,3503,3322,Martin (742); Martin's (242); Martins (52); to Martin (29); on Martin (19); martin (10); at Martin's (5); Martin-men (4)
Martin / Mart / Märt,Mart/Marti,484,0.13816728518412788,463,0.13937387116195063,3503,3322,Mart (281); Marti (118); marti (57); O Mart (6); mart (5); to Mart (4); Mart (spirit) (3); little Mart (2)
Martin / Mart / Märt,Märt/Märti,637,0.1818441335997716,631,0.18994581577363034,3503,3322,Märti (347); Märt (232); on Märt (12); Märt (partitive) (11); Märdi (10); of märt (5); to Märt (4); on the märt (3)
Martin / Mart / Märt,Mardi/Mard,344,0.09820154153582643,329,0.09903672486453943,3503,3322,Mardi's (122); Mardis (49); to Mardi (27); Mardids (19); Mards (18); Mard's (16); Mardi (12); Mard (11)
Martin / Mart / Märt,Refrain,294,0.08392806166143306,234,0.07043949428055388,3503,3322,(refrain) (292); Märti (name/refrain) (2)
Martin / Mart / Märt,Bear/Spirit,145,0.04139309163574079,132,0.039735099337748346,3503,3322,bear's (23); spirit (22); spirit's (21); spirits (16); bear (15); Mardi spirits (11); mard-spirits (6); Mard spirits (4)
Martin / Mart / Märt,Other,474,0.1353125892092492,435,0.13094521372667067,3503,3322,Märt's (223); Mart's (114); Märdi's (14); goblin (14); Märti's (12); at Märt's (8); Märts (8); of Märd (8)
Catherine / Kadri / Katri,Kadri,1190,0.5486399262332873,1134,0.5664335664335665,2169,2002,Kadri (730); Kadris (81); Kadri's (65); on Kadri (65); Kadrina (55); Kadrike (49); to Kadri (24); little Kadris (18)
Catherine / Kadri / Katri,Katri/Katrina,345,0.1590594744121715,270,0.13486513486513488,2169,2002,Katri (313); Katrina (21); little Katri (3); to Katri (3); Katri (has) (2); from Katri (1); my Katri (1); as Katri (1)
Catherine / Kadri / Katri,Kaisa/Kaie,201,0.09266943291839558,182,0.09090909090909091,2169,2002,Kaisa (168); Kaie (9); from Kaisa (4); Kaisa (name) (3); as Kaisa (2); Kaisa/sedge (2); to-Kaisa (2); Kaisa-EMPH (2)
Catherine / Kadri / Katri,Kati,92,0.04241585984324574,85,0.042457542457542456,2169,2002,Kati (81); to Kati (8); Kati (name) (1); kati (1); my Kati/dear one (1)
Catherine / Kadri / Katri,Catherine/Katherine,43,0.0198248040571692,41,0.02047952047952048,2169,2002,Catherine (30); Katherine (13)
Catherine / Kadri / Katri,Refrain,132,0.06085753803596127,131,0.06543456543456544,2169,2002,(refrain) (130); [refrain] (2)
Catherine / Kadri / Katri,Other,166,0.07653296449976948,159,0.07942057942057942,2169,2002,Kaisa's (45); Katri's (21); Triinu (8); Kati's (7); Katre (4); to Kadrids (4); Katherine's (4); Kateriina (4)
Anna / Anne / Ann / Anni,Anne,675,0.2982766239505082,636,0.3005671077504726,2263,2116,Anne (535); little Anne (54); to Anne (34); on Anne (11); Little Anne (5); at Anne (4); with Anne (4); little-Anne (3)
Anna / Anne / Ann / Anni,Ann,479,0.21166593018117544,444,0.20982986767485823,2263,2116,Ann (425); little Ann (22); to Ann (12); from Ann (4); at Ann (4); Ann/grace (2); Ann (name) (2); on Ann (2)
Anna / Anne / Ann / Anni,Anni/Annie,457,0.20194432169686258,420,0.19848771266540643,2263,2116,Anni (370); to Anni (24); Annie (17); from Anni (14); my Anni (6); as Anni (5); Anni (name) (3); Annie (diminutive) (2)
Anna / Anne / Ann / Anni,Anna,74,0.032699955810870526,68,0.03213610586011342,2263,2116,Anna (46); little Anna (11); Little Anna (7); to Anna (3); anna (3); from little Anna (2); little-Anna (1); Little-Anna (1)
Anna / Anne / Ann / Anni,Anu,41,0.018117543084401236,39,0.018431001890359167,2263,2116,Anu (31); with Anu (3); Anu/beggar (2); from Anu (1); little Anu (1); of anu (1); into Anu (1); to Anu (1)
Anna / Anne / Ann / Anni,Gift,275,0.12152010605391074,263,0.12429111531190926,2263,2116,gifts (150); gift (68); of gifts (9); from gift (8); with gifts (5); little gift (5); as gift (4); to gift (4)
Anna / Anne / Ann / Anni,Other,262,0.11577551922227132,246,0.11625708884688091,2263,2116,Anni's (50); Ann's (40); Anne's (33); Annes (14); Anns (10); Anna's (8); at Anne's (6); Annin (6)
