person_cluster,english_variant,mentions_total,share_total,mapped_mentions,share_among_mapped,areas,top_areas,top_counties,top_raw_word_in_english,total_group_mentions,mapped_group_mentions
Jesus / Christ,Jesus,2054,0.9036515618125824,1948,0.9026876737720111,291,Suistamo (172); Narvusi (88); Lempaala (85); Setumaa (65); Suojärvi (56); Vastseliina (47); Ilomantsi (46); Kitee (44); Liissilä (36); Salmi (32),Laatokan Karjala (Raja-Karjala) (351); Pohjois-Karjala (205); Häme (139); Keski-Inkeri (129); Länsi-Inkeri (117); Itä- ja Pohjois-Inkeri (116); Võrumaa (95); Etelä-Savo (76),Jesus (1369); Jesus's (467); to Jesus (42); little Jesus (40); Jesus' (33); from Jesus (22); of Jesus (12); dear Jesus (9); Kiesus's (9); of Kiesus (8),2273,2158
Jesus / Christ,Christ,219,0.0963484381874175,210,0.09731232622798888,93,Ilomantsi (13); Salmi (12); Narvusi (11); Suistamo (11); Korpiselkä (8); Kuusalu (6); Soikkola (5); Liissilä (5); Saarde (4); Laiuse (4),Laatokan Karjala (Raja-Karjala) (38); Länsi-Inkeri (17); Pohjois-Karjala (17); Tartumaa (15); Aunus (15); Häme (13); Varsinais-Suomi (13); Etelä-Pohjanmaa (9),Christ (153); Christ's (54); from Christ (3); to Christ (3); Andrew-Christ (1); of Christ (1); Christ's land (1); into Christ (1); Lord Christ (1); Christ's jury (1),2273,2158
Jesus / Christ,Other,0,0.0,0,0.0,0,,,,2273,2158
Mary / Maria / Maarja / Mari,Mary,2006,0.4771646051379638,1887,0.4862148930687967,293,Setumaa (119); Narvusi (99); Karksi (68); Suojärvi (60); Suistamo (58); Soikkola (52); Viljandi (42); Helme (32); Vastseliina (30); Kaprio (30),Laatokan Karjala (Raja-Karjala) (193); Viljandimaa (189); Länsi-Inkeri (154); Pärnumaa (142); Setumaa (119); Pohjois-Karjala (117); Tartumaa (96); Virumaa (92),Mary (1413); Mary's (334); to Mary (55); from Mary (48); Virgin Mary (25); little Mary (19); into Mary (11); Little Mary (10); with Mary (7); dear Mary (5),4204,3881
Mary / Maria / Maarja / Mari,Mari,989,0.2352521408182683,888,0.22880700850296315,131,Risti (32); Rõuge (28); Jõhvi (28); Narvusi (27); Karksi (26); Palamuse (26); Kolga-Jaani (25); Tori (24); Paistu (22); Setumaa (19),Viljandimaa (129); Pärnumaa (113); Tartumaa (111); Virumaa (105); Harjumaa (86); Läänemaa (68); Võrumaa (64); Järvamaa (45),Mari (695); little Mari (82); Mari's (37); to Mari (21); Maari (16); Mari (obj.) (16); on Mari (15); Little Mari (12); from Mari (12); at Mari's (9),4204,3881
Mary / Maria / Maarja / Mari,Maija/Maie,983,0.23382492863939106,899,0.2316413295542386,231,Narvusi (189); Soikkola (36); Simuna (29); Pöide (24); Kodavere (19); Karksi (16); Haljala (15); Saarijärvi (15); Viru-Nigula (12); Helme (12),Länsi-Inkeri (225); Virumaa (93); Häme (71); Varsinais-Suomi (69); Satakunta (46); Viljandimaa (36); Saaremaa (36); Pärnumaa (33),Maija (373); Maie (271); Maija's (80); little Maie (31); Maije (31); Maie's (16); to Maija (12); Black-Maija (12); Maije's (10); to Maie (8),4204,3881
Mary / Maria / Maarja / Mari,Maria/Maaria,226,0.053758325404376785,207,0.053336768874001544,98,Viljandi (12); Soikkola (10); Suistamo (8); Huittinen (6); Tyrö (6); Halliste (5); Karksi (5); Tervo (5); Kuusalu (4); Repola (4),Laatokan Karjala (Raja-Karjala) (20); Viljandimaa (16); Pohjois-Savo (15); Keski-Inkeri (15); Kainuu (14); Etelä-Pohjanmaa (14); Länsi-Inkeri (14); Satakunta (12),Maria (98); to Maria (18); from Maria (16); from Maaria (13); Maaria (13); Maria's (12); Maaria's (8); to Maaria (7); to Maarja (6); Maarja (5),4204,3881
Mary / Maria / Maarja / Mari,Other,0,0.0,0,0.0,0,,,,4204,3881
John / Jaan / Jussi / Hans,Jussi,657,0.22717842323651452,629,0.23470149253731343,239,Uskela (17); Muurla (17); Heinävesi (14); Hattula (14); Saarijärvi (13); Nurmes (11); Vuokkiniemi (11); Tammela (10); Kiuruvesi (10); Mynämäki (8),Häme (116); Varsinais-Suomi (84); Pohjois-Savo (60); Satakunta (48); Pohjois-Karjala (48); Etelä-Savo (43); Etelä-Karjala (43); Etelä-Pohjanmaa (41),Jussi (528); Jussi's (73); Jussi (name) (5); rooster-Jussi (3); Jussi (John) (3); Tar-Jussi's (2); from Jussi (2); Jussi-bag (2); house Jussi (2); at Jussi's (2),2892,2680
John / Jaan / Jussi / Hans,Jaan/Jaani,715,0.24723374827109268,676,0.25223880597014925,86,Paistu (60); Karksi (41); Helme (38); Halliste (31); Karuse (29); Kolga-Jaani (27); Kuusalu (21); Muhu (17); Märjamaa (15); Tori (15),Viljandimaa (172); Pärnumaa (123); Läänemaa (98); Tartumaa (73); Harjumaa (61); Järvamaa (40); Virumaa (38); Saaremaa (34),Jaan (244); Jaan's (161); little Jaan (116); with Jaan (36); Jaanik's (24); Little Jaan (16); Jaani's (15); Jaani (12); to Jaan (12); on Jaan (8),2892,2680
John / Jaan / Jussi / Hans,Hans,490,0.169432918395574,419,0.15634328358208954,71,Põltsamaa (25); Viljandi (23); Kose (22); Vändra (17); Halliste (16); Kolga-Jaani (15); Karja (14); Ambla (13); Audru (13); Paistu (12),Viljandimaa (112); Pärnumaa (80); Harjumaa (49); Järvamaa (45); Tartumaa (42); Virumaa (35); Saaremaa (29); Läänemaa (19),Hans (282); Hans's (68); to Hans (33); Hans' (28); little Hans (28); Little Hans (7); on Hans (5); Hans (name) (4); of Hans (4); from Hans (4),2892,2680
John / Jaan / Jussi / Hans,John/St John,677,0.23409405255878285,620,0.23134328358208955,117,Peetri (88); Koeru (47); Setumaa (32); Häädemeeste (26); Kolga-Jaani (22); Paistu (17); Muhu (17); Suure-Jaani (17); Halliste (13); Puhja (13),Järvamaa (151); Viljandimaa (88); Pärnumaa (74); Tartumaa (50); Läänemaa (41); Virumaa (40); Harjumaa (39); Setumaa (32),John (152); John's (149); little John (107); Little John (90); St. John's (19); at St. John's (19); little St. John (18); school-John's (11); St. John's flowers (9); St. John's fire (8),2892,2680
John / Jaan / Jussi / Hans,Ants,267,0.09232365145228216,257,0.0958955223880597,68,Haljala (19); Tarvastu (15); Kolga-Jaani (12); Viljandi (12); Märjamaa (9); Kuusalu (9); Helme (8); Kose (8); Karuse (8); Põltsamaa (8),Viljandimaa (59); Virumaa (44); Läänemaa (33); Harjumaa (32); Tartumaa (25); Pärnumaa (19); Võrumaa (16); Järvamaa (14),Ants (164); Ants's (57); little Ants (16); to Ants (4); Ants (name) (4); Little Ants (2); at Ants (2); Ants manor (2); Ants-the-rooster (1); At Ants (1),2892,2680
John / Jaan / Jussi / Hans,Juhan,86,0.029737206085753802,79,0.029477611940298507,36,Paide (9); Karula (6); Haljala (5); Risti (5); Äksi (4); Kadrina (4); Tarvastu (4); Urvaste (4); Pöide (3); Karksi (2),Tartumaa (14); Järvamaa (14); Võrumaa (11); Viljandimaa (11); Virumaa (10); Saaremaa (7); Pärnumaa (5); Harjumaa (5),Juhan (60); Juhan's (9); to Juhan (6); little Juhan (4); Juhan's son (3); at Juhan's (1); from Juhan-Leena (1); house-side-Juhan (1); of Juhan (1),2892,2680
John / Jaan / Jussi / Hans,Other,0,0.0,0,0.0,0,,,,2892,2680
Peter / Pietari / Peeter,Peter,1112,0.6383467278989667,1037,0.6381538461538462,289,Suistamo (51); Ilomantsi (40); Soikkola (31); Narvusi (27); Korpiselkä (25); Suojärvi (24); Salmi (21); Karksi (20); Jõhvi (17); Helme (14),Laatokan Karjala (Raja-Karjala) (147); Pohjois-Karjala (112); Viljandimaa (65); Länsi-Inkeri (61); Tartumaa (50); Häme (45); Virumaa (43); Varsinais-Suomi (43),Peter (735); Peter's (184); to Peter (60); from Peter (23); little Peter (13); with Peter (5); son-of-Peter (5); Long-Peter (5); of Peter (4); Peter's son (4),1742,1625
Peter / Pietari / Peeter,Peeter,150,0.08610792192881746,142,0.08738461538461538,60,Kadrina (10); Karksi (8); Halliste (6); Urvaste (6); Põltsamaa (6); Pilistvere (5); Paistu (4); Viljandi (4); Ambla (3); Harju-Madise (3),Viljandimaa (28); Virumaa (24); Pärnumaa (22); Järvamaa (15); Tartumaa (15); Läänemaa (11); Harjumaa (10); Võrumaa (8),Peeter (66); Peeter's (55); to Peeter (7); little Peeter (6); from Peeter (4); with Peeter (3); Peeter (name) (2); on Peeter (2); Peeter (acc.) (2); Peeter's place (1),1742,1625
Peter / Pietari / Peeter,Pekka/Pekko,399,0.2290470723306544,367,0.22584615384615384,137,Nurmes (18); Sonkajärvi (14); Ilomantsi (12); Pielavesi (11); Heinävesi (11); Nilsiä (8); Leppävirta (8); Porajärvi (8); Kiuruvesi (7); Kitee (7),Pohjois-Savo (72); Pohjois-Karjala (68); Etelä-Savo (59); Etelä-Karjala (37); Pohjois-Pohjanmaa (18); Kainuu (14); Keski-Suomi (13); Laatokan Karjala (Raja-Karjala) (12),Pekka (293); Pekko (26); Pekka's (24); Pekko's (10); to Pekka (5); Pekka-boy (3); Stumpy-Pekka (3); to Pekko (3); at Pekka's (3); Pekka (name) (2),1742,1625
Peter / Pietari / Peeter,Petteri/Pietari,81,0.04649827784156142,79,0.048615384615384616,39,Räpina (11); Vuokkiniemi (10); Narvusi (7); Suojärvi (6); Soikkola (4); Nurmes (3); Võnnu (2); Suistamo (2); Kaavi (2); Tuusniemi (2),Võrumaa (13); Länsi-Inkeri (12); Viena (10); Laatokan Karjala (Raja-Karjala) (9); Pohjois-Karjala (7); Pohjois-Savo (5); Etelä-Karjala (4); Keski-Inkeri (4),Piitre (14); Petteri (12); Pietari's (11); Pedri (7); to Pietari (5); Petteri's (5); from Pietari (4); from Petteri (4); little Piitre (3); Pietari (3),1742,1625
Peter / Pietari / Peeter,Other,0,0.0,0,0.0,0,,,,1742,1625
Martin / Mart / Märt,Martin,1144,0.38120626457847384,1119,0.38256410256410256,107,Torma (184); Helme (70); Palamuse (60); Paistu (55); Ambla (44); Halliste (40); Vändra (40); Suure-Jaani (37); Haljala (36); Väike-Maarja (34),Tartumaa (260); Viljandimaa (225); Pärnumaa (206); Virumaa (160); Läänemaa (56); Harjumaa (52); Järvamaa (48); Võrumaa (34),Martin (742); Martin's (242); to Martin (29); on Martin (19); little Martin (15); martin (10); at Martin's (5); Martin's messengers (5); Martin's beggars (4); Martin-men (4),3001,2925
Martin / Mart / Märt,Mart/Marti,605,0.2015994668443852,582,0.19897435897435897,65,Suure-Jaani (60); Karksi (40); Saarde (38); Tõstamaa (37); Vändra (33); Halliste (31); Karuse (30); Varbla (24); Haljala (22); Tori (20),Pärnumaa (223); Viljandimaa (86); Läänemaa (84); Virumaa (65); Harjumaa (59); Järvamaa (36); Saaremaa (13); Tartumaa (13),Mart (281); Marti (118); Mart's (114); marti (57); O Mart (6); mart (5); to Mart (4); Mart (spirit) (3); little Mart (3); Marti's (3),3001,2925
Martin / Mart / Märt,Märt/Märti,901,0.30023325558147285,879,0.3005128205128205,35,Tarvastu (188); Helme (133); Halliste (104); Urvaste (68); Viljandi (56); Paistu (50); Äksi (40); Rõngu (40); Võnnu (31); Kodavere (27),Viljandimaa (466); Tartumaa (186); Pärnumaa (132); Võrumaa (85); Virumaa (4); Saaremaa (2); Läänemaa (1); Setumaa (1),Märti (347); Märt (232); Märt's (223); Märti's (12); on Märt (12); Märt (partitive) (11); at Märt's (8); Märt's messenger (6); of märt (5); to Märt (4),3001,2925
Martin / Mart / Märt,Mardi/Mard,351,0.1169610129956681,345,0.11794871794871795,62,Pärnu-Jaagupi (21); Vigala (20); Väike-Maarja (18); Haljala (17); Karksi (17); Häädemeeste (16); Pärnu (15); Rõngu (14); Viru-Nigula (14); Järva-Madise (12),Pärnumaa (103); Läänemaa (62); Virumaa (60); Tartumaa (41); Järvamaa (34); Viljandimaa (23); Harjumaa (16); Saaremaa (4),Mardi's (127); to Mardi (32); Mard's (16); Mardi (16); Märdi's (14); Märdi (13); on Mardi (12); Mard (11); mard's (9); little Mardi (8),3001,2925
Martin / Mart / Märt,Other,0,0.0,0,0.0,0,,,,3001,2925
Catherine / Kadri / Katri,Kadri,1251,0.5199501246882793,1187,0.5363759602349751,77,Räpina (75); Helme (63); Karula (62); Audru (43); Karksi (41); Halliste (40); Ambla (40); Pärnu-Jaagupi (38); Paistu (34); Kose (31),Pärnumaa (253); Viljandimaa (186); Võrumaa (179); Harjumaa (125); Järvamaa (112); Virumaa (109); Läänemaa (101); Tartumaa (64),Kadri (730); Kadris (83); Kadri's (65); on Kadri (65); Kadrina (55); Kadrike (49); to Kadri (24); little Kadris (22); little Kadri (19); Kadrid (18),2406,2213
Catherine / Kadri / Katri,Katri/Katrina,416,0.17290108063175394,340,0.15363759602349752,56,Paistu (52); Viljandi (48); Narvusi (21); Haljala (15); Tyrö (15); Karula (13); Hietamäki (12); Sortavala (11); Koprina (11); Laiuse (10),Viljandimaa (103); Keski-Inkeri (74); Länsi-Inkeri (26); Laatokan Karjala (Raja-Karjala) (24); Võrumaa (23); Itä- ja Pohjois-Inkeri (22); Etelä-Karjala (18); Virumaa (17),Katri (313); Katrina (66); Katri's (21); little Katri (3); to Katri (3); Katri (has) (2); Katri's messenger (1); Katri's border (1); from Katri (1); my Katri (1),2406,2213
Catherine / Kadri / Katri,Kaisa/Kaie,577,0.2398171238570241,534,0.2413014008133755,163,Kalajoki (21); Haljala (20); Kadrina (19); Karksi (17); Narvusi (16); Väike-Maarja (13); Paistu (13); Soikkola (13); Ilomantsi (12); Venjoki (12),Virumaa (75); Viljandimaa (54); Pärnumaa (41); Tartumaa (41); Järvamaa (34); Harjumaa (34); Pohjois-Karjala (31); Länsi-Inkeri (29),Kaie (235); Kaisa (168); Kaisa's (45); Kaie's (27); little Kaie (15); to Kaie (8); on Kaie (6); Kaie (name) (6); Kaie with stick (6); at Kaie's (5),2406,2213
Catherine / Kadri / Katri,Kati,106,0.04405652535328346,99,0.0447356529597831,22,Narvusi (36); Vuole (16); Kupanitsa (14); Toksova (6); Soikkola (4); Koprina (3); Moloskovitsa (3); Setumaa (2); Serepetta (2); Tarvastu (1),Länsi-Inkeri (40); Keski-Inkeri (24); Itä- ja Pohjois-Inkeri (23); Varsinais-Suomi (4); Läänemaa (2); Setumaa (2); Viljandimaa (1); Võrumaa (1),Kati (81); to Kati (8); Kati's (7); Kati-flower (2); Tuku-Kati (1); Kati (name) (1); of Katina/Kati (1); Kati/gadfly (1); kati (1); my Kati/dear one (1),2406,2213
Catherine / Kadri / Katri,Catherine/Katherine,56,0.023275145469659187,53,0.02394938996836873,35,Uukuniemi (4); Varbla (3); Audru (3); Tõstamaa (3); Vuole (3); Hartola (2); Jaakkima (2); Nurmes (2); Metsäpirtti (2); Soikkola (2),Pohjois-Karjala (8); Pärnumaa (6); Laatokan Karjala (Raja-Karjala) (6); Itä- ja Pohjois-Inkeri (6); Etelä-Karjala (5); Etelä-Savo (4); Läänemaa (3); Tartumaa (3),Catherine (32); Katherine (17); Katherine's (4); Catherine's guests (1); Catherine's (1); from Catherine's Day (1),2406,2213
Catherine / Kadri / Katri,Other,0,0.0,0,0.0,0,,,,2406,2213
Anna / Anne / Ann / Anni,Anne,806,0.3475636050021561,756,0.3513011152416357,82,Karksi (37); Paistu (37); Haljala (34); Kolga-Jaani (30); Helme (29); Kadrina (29); Viljandi (29); Tarvastu (26); Saarde (22); Halliste (20),Viljandimaa (208); Virumaa (124); Pärnumaa (122); Tartumaa (112); Järvamaa (56); Harjumaa (44); Läänemaa (31); Võrumaa (26),Anne (554); little Anne (95); to Anne (36); Anne's (36); Little Anne (13); on Anne (11); Little-Anne (6); at Anne's (6); at Anne (4); little-Anne (4),2319,2152
Anna / Anne / Ann / Anni,Ann,619,0.2669253988788271,575,0.26719330855018586,109,Vigala (30); Tarvastu (27); Audru (26); Kadrina (20); Setumaa (16); Muhu (16); Urvaste (16); Pühalepa (15); Suure-Jaani (14); Kolga-Jaani (14),Viljandimaa (106); Läänemaa (86); Virumaa (74); Tartumaa (50); Pärnumaa (49); Saaremaa (41); Järvamaa (35); Harjumaa (29),Ann (460); Ann's (56); little Ann (52); to Ann (18); from Ann (5); at Ann (5); at Ann's (3); on Ann (3); Ann/grace (2); Ann (name) (2),2319,2152
Anna / Anne / Ann / Anni,Anni/Annie,553,0.23846485554118155,511,0.237453531598513,134,Narvusi (32); Suojärvi (31); Tulemajärvi (25); Suistamo (22); Vuole (20); Soikkola (19); Paatene (16); Koprina (13); Ilomantsi (11); Vuokkiniemi (10),Laatokan Karjala (Raja-Karjala) (68); Keski-Inkeri (59); Aunus (56); Länsi-Inkeri (51); Etelä-Karjala (50); Itä- ja Pohjois-Inkeri (34); Pohjois-Karjala (25); Häme (23),Anni (378); Anni's (51); Annie (28); to Anni (24); from Anni (14); Annie (diminutive) (6); my Anni (6); little Anni (5); as Anni (5); Anni (name) (3),2319,2152
Anna / Anne / Ann / Anni,Anna,296,0.12764122466580421,268,0.12453531598513011,131,Harju-Jaani (16); Vändra (9); Risti (8); Karksi (8); Rõuge (6); Võnnu (6); Urvaste (6); Maarja-Magdaleena (6); Tarvastu (6); Metsäpirtti (6),Harjumaa (36); Tartumaa (24); Pärnumaa (21); Etelä-Savo (21); Võrumaa (20); Virumaa (16); Viljandimaa (15); Etelä-Karjala (12),Anna (128); little Anna (43); Anna's (27); Little Anna (21); anna (20); from Anna (9); to Anna (7); Anna had (3); on Anna (3); little Anna (object) (2),2319,2152
Anna / Anne / Ann / Anni,Anu,45,0.019404915912031046,42,0.019516728624535316,22,Järva-Jaani (4); Narvusi (4); Kattila (4); Pöide (3); Puhja (2); Rannu (2); Lüganuse (2); Sangaste (2); Viru-Nigula (2); Urvaste (2),Länsi-Inkeri (8); Tartumaa (6); Virumaa (5); Järvamaa (4); Läänemaa (3); Saaremaa (3); Viljandimaa (3); Laatokan Karjala (Raja-Karjala) (3),Anu (31); with Anu (3); little Anu (2); Anu/beggar (2); little Anu (part.) (1); from Anu (1); my Anu (1); of anu (1); Anu's (1); into Anu (1),2319,2152
Anna / Anne / Ann / Anni,Other,0,0.0,0,0.0,0,,,,2319,2152
Ilmarinen,Ilmarinen,284,0.9161290322580645,266,0.9140893470790378,69,Ilomantsi (64); Suojärvi (35); Kitee (12); Vieljärvi (8); Suomussalmi (8); Soikkola (7); Korpiselkä (7); Tulemajärvi (6); Porajärvi (6); Lempaala (6),Pohjois-Karjala (97); Laatokan Karjala (Raja-Karjala) (54); Aunus (22); Kainuu (18); Pohjois-Savo (14); Keski-Inkeri (13); Etelä-Savo (11); Itä- ja Pohjois-Inkeri (11),Ilmarinen (229); Ilmarinen's (43); my Ilmarinen (3); to Ilmarinen (2); at Ilmarinen's (2); of Ilmarinen (2); Elijah/Ilmarinen (1); Ilmarinen cried (1); Ilmarinen's chest (1),310,291
Ilmarinen,Ilmari/Ilmar,26,0.08387096774193549,25,0.0859106529209622,15,Sortavala (4); Liissilä (3); Kuhmoinen (2); Juuka (2); Venjoki (2); Suojärvi (2); Kitee (2); Koeru (1); Kangasniemi (1); Pielavesi (1),Pohjois-Karjala (6); Laatokan Karjala (Raja-Karjala) (6); Keski-Inkeri (5); Häme (2); Pohjois-Savo (2); Järvamaa (1); Etelä-Savo (1); Itä- ja Pohjois-Inkeri (1),Ilmari (8); Ilmari's (6); Ilmar's (3); Ilmar (2); my Ilmari's (2); Ilmari-fathers (1); Ilmari-father (1); to Ilmari's father (1); Ilmar's son (1); of Ilmari (1),310,291
Ilmarinen,Other,0,0.0,0,0.0,0,,,,310,291
Väinämöinen,Väinämöinen,1195,0.8924570575056012,1100,0.8856682769726248,117,Suistamo (158); Ilomantsi (156); Suojärvi (93); Vuokkiniemi (46); Korpiselkä (40); Repola (29); Kitee (29); Impilahti (25); Kesälahti (25); Kaprio (23),Laatokan Karjala (Raja-Karjala) (340); Pohjois-Karjala (285); Viena (99); Aunus (77); Pohjois-Savo (51); Etelä-Savo (41); Kainuu (41); Keski-Inkeri (36),Väinämöinen (799); Väinämöinen's (344); from Väinämöinen (20); to Väinämöinen (9); of Väinämöinen (8); with Väinämöinen (6); at Väinämöinen's (2); into Väinämöinen (1); Väinämöinen's measure (1); Väinämöinen's water (1),1339,1242
Väinämöinen,Väinö/Väinämö,144,0.1075429424943988,142,0.1143317230273752,41,Suistamo (47); Suojärvi (15); Korpiselkä (9); Paatene (8); Repola (6); Soikkola (6); Vuokkiniemi (4); Tolmačču (2); Muolaa (2); Soanlahti (2),Laatokan Karjala (Raja-Karjala) (73); Aunus (19); Pohjois-Karjala (14); Etelä-Karjala (7); Länsi-Inkeri (6); Viena (5); Itä- ja Pohjois-Inkeri (3); Tveri (2),Väinö's (78); Väinö (34); Väinämö's (9); from Väinö (3); Väinö's wall (2); Väinämö (2); Väinö's son (2); of Väinö (1); at Väinö's (1); my Väinämö (1),1339,1242
Väinämöinen,Other,0,0.0,0,0.0,0,,,,1339,1242
Lemminkäinen,Lemminkäinen,237,0.7745098039215687,221,0.7620689655172413,26,Suistamo (40); Repola (33); Porajärvi (30); Ilomantsi (23); Saarijärvi (18); Kiimaisjärvi (14); Soanlahti (10); Kontokki (8); Suojärvi (8); Jyskyjärvi (6),Aunus (78); Laatokan Karjala (Raja-Karjala) (62); Pohjois-Karjala (24); Viena (21); Keski-Suomi (18); Varsinais-Suomi (14); Pohjois-Savo (3); Itä- ja Pohjois-Inkeri (1),Lemminkäinen (176); Lemminkäinen's (55); with Lemminkäinen (2); of Lemminkäinen (2); Lemminkäinen (mythic hero) (1); from Lemminkäinen (1),306,290
Lemminkäinen,Lemmingäinen/Lemming,69,0.22549019607843138,69,0.23793103448275862,11,Suistamo (30); Kuusalu (13); Repola (11); Somerniemi (3); Haljala (2); Muonio (2); Rukajärvi (2); Suojärvi (2); Hankasalmi (2); Kodavere (1),Laatokan Karjala (Raja-Karjala) (32); Harjumaa (13); Aunus (13); Häme (4); Virumaa (2); Peräpohjola (2); Keski-Suomi (2); Tartumaa (1),Lemmingäinen (30); Lemmingäinen's (15); Lemming (7); Lemming's (6); lemming (3); with Lemming (2); to Lemming (1); lemming/agreement (1); harmony/lemming (1); lemming/harmony (1),306,290
Lemminkäinen,Other,0,0.0,0,0.0,0,,,,306,290
